-- phpMyAdmin SQL Dump
-- version 5.2.1
-- https://www.phpmyadmin.net/
--
-- Host: 127.0.0.1
-- Generation Time: Mar 20, 2025 at 05:11 PM
-- Server version: 10.4.32-MariaDB
-- PHP Version: 8.2.12

SET SQL_MODE = "NO_AUTO_VALUE_ON_ZERO";
START TRANSACTION;
SET time_zone = "+00:00";


/*!40101 SET @OLD_CHARACTER_SET_CLIENT=@@CHARACTER_SET_CLIENT */;
/*!40101 SET @OLD_CHARACTER_SET_RESULTS=@@CHARACTER_SET_RESULTS */;
/*!40101 SET @OLD_COLLATION_CONNECTION=@@COLLATION_CONNECTION */;
/*!40101 SET NAMES utf8mb4 */;

--
-- Database: `gym`
--

-- --------------------------------------------------------

--
-- Table structure for table `admin`
--

CREATE TABLE `admin` (
  `id` int(11) NOT NULL,
  `username` varchar(255) NOT NULL,
  `password` varchar(255) NOT NULL,
  `email` varchar(255) NOT NULL,
  `date` timestamp NOT NULL DEFAULT current_timestamp() ON UPDATE current_timestamp()
) ENGINE=InnoDB DEFAULT CHARSET=utf8mb4 COLLATE=utf8mb4_general_ci;

--
-- Dumping data for table `admin`
--

INSERT INTO `admin` (`id`, `username`, `password`, `email`, `date`) VALUES
(1, 'Admin', '$2a$10$eAOPKRu5Pb20CY18pn0M5OtNakTqbedvEe/6AG8QSWuJ.33.usGYWAAa', 'admin@example.org', '2025-03-09 18:32:48'),
(4, 'admin1', '$2a$12$HkaDiKktuGi.CzrhqjdKvuwkBLyxLTrb87qZYWxTQSPOl2kl4HPmm', 'admin@gmail.com', '2025-03-09 18:31:34');

-- --------------------------------------------------------

--
-- Table structure for table `admin_messages`
--

CREATE TABLE `admin_messages` (
  `id` int(11) NOT NULL,
  `admin_id` int(11) NOT NULL,
  `message` text NOT NULL,
  `sent_at` timestamp NOT NULL DEFAULT current_timestamp()
) ENGINE=InnoDB DEFAULT CHARSET=utf8mb4 COLLATE=utf8mb4_general_ci;

--
-- Dumping data for table `admin_messages`
--

INSERT INTO `admin_messages` (`id`, `admin_id`, `message`, `sent_at`) VALUES
(5, 4, 'This is first message from admin', '2025-03-11 15:30:42'),
(6, 4, 'Meeting held on 25 March', '2025-03-11 15:31:23'),
(7, 4, 'There new message to give members', '2025-03-20 15:05:48');

-- --------------------------------------------------------

--
-- Table structure for table `blog`
--

CREATE TABLE `blog` (
  `id` int(11) NOT NULL,
  `title` varchar(255) NOT NULL,
  `img` longblob NOT NULL,
  `content` longtext DEFAULT NULL,
  `category` varchar(20) NOT NULL,
  `date` timestamp NOT NULL DEFAULT current_timestamp() ON UPDATE current_timestamp(),
  `is_admin_post` tinyint(5) NOT NULL,
  `username` varchar(20) NOT NULL
) ENGINE=MyISAM DEFAULT CHARSET=utf8 COLLATE=utf8_general_ci;

--
-- Dumping data for table `blog`
--

INSERT INTO `blog` (`id`, `title`, `img`, `content`, `category`, `date`, `is_admin_post`, `username`) VALUES
(17, 'Ultimate Workout Tips for Maximum Results', 0xffd8ffe000104a46494600010100000100010000ffdb008400090607131312151313131615151718181a181818181b1d1d1a1b1a181a1e1d181b1a181d28201d1d251d181821312125292b2e2e2e181f3338332d37282d2e2b010a0a0a0e0d0e1b10101b2d261f26312d2e2d2d2d2d2d2d2b2d2d2d2d2d2d2d2d2d2d2d2d2d2d2d2d2d2d2d2d2d2d2d2d2d2d2d2d2d2d2d2d2d2b2d2d2d2d2d2dffc00011080091015c03012200021101031101ffc4001c0000010501010100000000000000000000060203040507000108ffc4004c1000010302030406060705070204070000010203110021041231050641511322617181910732a1b1c1d11423425282e1f03343627292151653a2b2c2f1b3d2242563a334354454748393ffc400190100030101010000000000000000000000000103020405ffc4002c1100020201030401030305010000000000000102110312213104223241135161712333a1144281f0f105ffda000c03010002110311003f00bdd88a47d0f061764f40dc9fc023dd555b4b1ac2214a4aa1608904441352366adcfa16172a02d2186a41137ca91eea8f8d7165de8cb09e8c137cb6000241ae7cafb99d38368206d7836b228a5d5085e9c44f7708a8fb755ff969eb66fac4dff1548c6e2c675294ca6248b483fab546de423fb2c2929ca0b8881e3f954e1e4572f8859e89ff00f93acf3c62bfe9a28951a1eea17f44ee8fec85278fd2d67fc89a281a1eeabcf93961c02c5233eb0924931accd0a3a92adaf87fff00230d6ecce8a2c7103be34bf6cd0abab1fdb38723fc7c2ffa9150c5e6ce8cbe08d2b6f34558e70c8b2b49e19534ee1f0d0951ce6093ced4d6f03c8fa53d9813d622470b0ab1c18101106382a472ac3f2634fb519e7a5c1180c309997df33ffea4d6efb3ff0064dff227fd22b10f4d68030585ca67eb9fff00a62b70c1287468e5953ee15d98fc51c93f263f5d49cc39d7748398f3ad99155e1af338e6292a75235501e22801caea474c9fbc3cc579d327ef0f3140511b1775a3bfe22a6d40c4e29bce819d333f78765492f24e8b1e62b29ee369d0ecd7917a68389fbe3cc57a97533eb03e22b5b0b71eaea6cbc9fbc3cc5781f47de4f98a00726bda6118b6c8f5d3fd4295f4947df4ff0050a2c28a6dfa8fa0be0ab24848989895a4682b1d7184f42a474824a45e0f317ad57d216310704e202d254a28094e6124e74fc013e15961c2b63385a572844c05723106473ae5cfe475f4eb6652e2f67a47acf049205c21503b6d560c746e36808784a1212ab193db4a6f0e8790496d472000f5e26018bf854ec2ecec2b23366214a48546ba890274a859d2fe850e2b0494b80ab129492011d5569523a594a51d310100ca933064ea41f7549c4230eb5052db5481032afc7976d30fa708d112874e74cfac0f1220dbb29dd8557a1c46cc5048574e215d64983a54ac2b01410d975254093e168d69b1b49b5003a35420048e5126ad98c330521596f122e445027c6e695b86d84e1130428152cc8fe63f2a22a1fdc5523e868c96014be337ce66fdf57f9abb61e28f3a7e4cf6bc22bcce398f3aece398f3ad991396b88af738e63cebc5389e24798a2c547a4574c579d22798f3af7a44f31e7458511b6afec57dd4ad9a3ea91dd48da4fa036a952477914bc0b89e8d30469cc567fb8dd76988ec1da1ff00846921ccaac8d8127924682a7bc5d0d8c8b957da33dbc66863761085b014a528a9052123940498bd5e2f189482140f5a34efa8647de75635fa48af78be3104594df70e55077c94a3b2c150bf4c9e1169315390425595249b999e155fbed236624133f5c3fdd598f9864f1277a22c41fa32dbe19d4af1840ad0381eeacc7d0fabf6838653fea4d698a3d55771ab4f939e1c036e2015f8c0803cc9a0bc70c9b698493a6230b7fc48a2ad99b41b2daf3aa4c99b709e11403b55ccfb55be88dfa560267982903db51c3e4cb6655136cdb0a0710edb55c9075fcaa4e142a3ab693df6aa4c78951539673319e7235156b81c4a16dc24904e9a802dc6a6f966ab6466be9912438c8b7a8e69de9a29c76190a582a1d5cadf1ffd34f0a11f4b51d23206b9173df22af5d67321b505597013624f55201f6835493fd33305de798b69bba43409238553e176734bcca2000088046b7bfb2ac94ca12a0e1709e63c2996d420f28b454b51d0a0cad3b20704823baa5e1f6005284a51c274a42561293955226e2fc471aec2372a012e5f5b823f56a763a16ad8e00fd9a4cce834f6d4bc26c06b302a4a32db503c4524a917fac048988983208b1f1a6f06d66ca80beb1262418022f7a566ab626bdb230d22196c893a2469496363614ac02d2008998113ca99484a0afae4920849cbcf59eca486c92120a66d7bc1f65166748a4ec460feed3ff1ae86b93b170e4a4048bea63e3caa560dc09eb2cd8664d85ee35efa63020294139875ac0719d7969458a886adde4127abd59e463cebd6f77d9cd648911fa9157ab7c65c91a588134d87c140010081db7eeb8eda5b8ecad56c1c28594f448b721f1aaede2c761307990d3295baa4916366e445ee4cf655db0e3615d784aa4da492674acc31e92b79c51d0a95ed2aaae3ddee4b26cb614bdad8827367298323200120f3848bf8d13ec5df47dc6d684a58e9c0042d6803a41a14a8050015317883d9ad0b34d9222f7b4f313ede5455b3373fa46c28664aa4dff86222d7335494a2b944e3094b865735bcf8e73101072b6a49bb496d29932010a0449b13e546f9df29bb282468720d078d4bd8181530d378879050b4f5418198a120141eadec2780b11c008a4df06c2b105d6dcc897066c86441d1404482244fe2a9cda6f64571c1ae59e6d47dc499425332344cd218daaf2633211245e5b1cfb45553c9520dd63871a77178acf0ace2604ebc077548be92cf138c592a102084fd911eca5b78d56907488239d5534b081d622e2d7a84a660e60ec5b4bfeb4a1207497011625288466409227550127b01d69b1b379b463bd7f3aa13b2dc39541c066f7cdc35e1a55e0c32dc2d36873ac2441244c999d2a974474376c4e2b6142865681ea82624dfcea362766aa7f613f8547e357189dd27db750d2f1d856df50cc964bc428f21a4026faf2a676becdc4e1d4943c0b644dc930abea950b1f0a1dae451d2f86474ec4416d27a04e72a3365401c38da92dec740996906fc95e5ad390acb9c3c206b754f94578da816800ea67349d79452b37a4697b2da0924b49d6d655b5eda617b39111f47477e557cea4258514a8a540e5b9326ddb5c969790e65833041cc781a762a238d98d92b3d024048f560dee38cd32ac323832903b947e352461945365a6dc335e98387e6b4f99a56cd69564cdd5672b0891eb41e3c93dd56b8923a22a29d0fb0532d2d5d0a466b746d81062c1239feaf55f8965eb42c81c7addbc6ab35dd6420fb121fc2aa5c2a802e3fcd34c7a411ff0096a2d1f5a3dcaa7dc71ce904284447791102bcf49b3fd9cd4ebd2a67fa574a1e4859382bbd0e9fac7bf907faab5077d45771acb7d0e7ed1ffe44ff00a8d6a0f2ba8aeeaa4f9230e0ceb0ef8405029d4f6f3d2d4298d6caf69b6947554a759099e0494804f8d1c0c481d924c8f2a05c6e212d6d34b8a92943ad28c5cc24a4f1a9e1f265b3ef0356c4b2a6dd7500ce4cc3328c9e5e64cd5cec775c4a7298240d7e142d86716ead4f9394b8a2acb6b4df2c73ab9c2ed15a0f5894a638c41b1f6e9507c96f5402fa4d74a9d64110425723f10f952f7576ca9186693924a4af2aaf225464fb6a16fee21c71d6d4b208ca72f74de6adb72d4e7d15a800a65cd638a8d55feda311af91970c3c875092a4848cc13da4f3355388c49492908882a1de349f2a9d88631012076f6536e74994924110abe606f16d6a545ed95f86682881940169951a534b4a15205c137d7b2bb06d38aeaa8df8694f61a52a01452ab2ad6f0ad518d43982c3a1646690278774cd3587c422735f8c0edeff003a93825bd9c04a44714daf5352e38990a0d910ab08d62c3ceb346f515d82612a5019150a31eb68071f653c46539c22d1d504cdb59efb530a71eeae51066f11f0ab471c586d13106428db958765e9996caec3ac2dc4a7a3575c9b955a6fc229f70a50736520a2e3adf6858c7657b885bc00c80c8d0c5aa312fa960293a827b2c2934697e4b32b4ca72eb63adf49d3b2983b49208194199275e1ddad46d9a310564a9a1027ad03976dea7e19a2a9ea04dfab2053a30e91070c9429f048898d4dc72201a12d9bb216fad6129212029455a5af61da4cfb79568ff467123a55221023298993cbbb53e15270884c1ca900aae606a79d1ab49a50d74fd034f6cc6dd71b59b25006548103214884c70d0c8e7345b87c23a84a57874b6a1110a24767c79d57aa73149ab0587431999cdf56a4ad432921409f56c41b5cf8528bb76cb4ebd15a76ce6c5af37a8acb6e00250941b76944f8d33bcb866d695ba2e92522234d6e0c470039deabf6b6c774ad2f3370e1d07024e9dd5156cbcd4b6eab8c64831215733f68d8f9d3e49dd3a454edf5b6d81d44121b0b5952d41573094200b15441b83af6553bfb5c0ca1a6923f9895127b4d87f96ac37e30b2a518e088f0047c455561b61a96ca1e0a0667abc6c275aa474e9b645bc8e5510cb7430ede390eb6eb1f58db6a5853662c9e106c553111db42bb6dd4b2d24a734acda78456a7e8db0030bf590a56648cca8169200498d01275acc77bb0ce290096ca421466469c083e3445c5b412538c5a049589593254ae3c4f1e1dd46fb1f75b14bc33aa5ae194a0bb982ce647549cdfca6c089e33c2a87616ef2f1285adb5273208190982641333a0d08efad9b66e1c0c3144758b69465d52a11d641ec22455326449a463160728b6ff00c1836070ea75d426552a5244dc9b9d6be83db581e836225a71c73100ad30b708cc985488ec849173c6a91ed8d876de6a110b6800924dc4272c4fda02f737ab3de3742708b391be89c53686d09170f2732d4e2b98524a81e3ead61e4d763f83457e40ec22da4a549eb14aa2741a7fcd78d36d14ad48cc02049040bf60229e65c0504e4139a223b29a43e7329390411781ad4a8b5d111bc6b61240ce26dc3dd529ac8465eb5fb29c53a956a816102dededa4a31306e816e548da76476b1288919b8d212eb3c7303dc2a76cf4a1c599404800e96bf0af56e10a23a31631a53ba314dba1c7dc406d3120644c7740d79c99aad25329324cf08f0a73138ccad202d209163ad465ad223a83db5697273c2f48e3812b519cc20ccf7da95e915d0766b11a74a23fa575d84214a8005c0b78e95e7a4a0060190340f7fb57443c90b23ed227a1efda623f911fea35a73a7a8aeeacc3d109ebe23f911fea55696b5754d525c9187000e30a014eb32663bf8d083a80bda281120bad08ef29a36c7a93987d5a7be35a0fc418da89ca221e6e07f4d4f0f932b9bc507ce2519dc1988c8ae5c41e0795233858cb39af238680cfb2a262b100a941288398c9bdef4f1c3652088067b6a2f93a1700aef565ccdc1261266445e688b759e48d9ed8be6cea33123d6343dbd884871394cd8f3e7db565baefad384442410a52a359b28d565e04a3be4091fc6a3aa42bd5f5801ad551692a04951e23d5fd72a5b0ce651ead80330489a616f2a728000b9d4cf74d4cb3d8427225492166d17ca448a8edecd6c93f5a66e7d43dfcea53086d4e2126d3632a36d698631233c64514dc48d6f6b5330c7302b69b58216a2b0414dad52f0d802b42a146e49f56f6b98e7ad270f84602812d2ec0dca8f8694b636c6441ca8caa92071001d784cd234b713805b08895a8284ea989be9ff34fe3549780466eba64aadc35bf6d46c284ac92523d551f189a61b7f2acaf2893ac93ca28a0164369d5d3dd955e622ac9b7d2b51caa2a01275911c666aa8ad0e15754a6c4d8f2f0a6b01b45285d927420df51e541a765c1c300a4a838a83a4c89f9d5f257d142aca7143309121093a2883aacfd906c05cea9069363b8978a96b4128c3a73849362640436481a29503ba6ad969564ceb32b592547993a9fcab6a947518d2dca9965b1f79710970052c2926c428263d82de15758fd9e842d25b4c217703919829f032283302d05284f31efad4b64b485b410a024191de38d6315e4b4cde74b1d3883ff00dd66892b796b0a27aa124081ccd8de88f02c252d04a0d936bebe3e751316e026473503de82527dc0f8d378578836d0ab29f107e2056f68ba25bca37656ef13430ccb8ea605c16ed64a96227c0f5876d65afa14e2faae8326d324d6d5b6f043158179b3c73c7614a8e53e040acc06159c3b24a0675aad9cda071ca3e3599a4b7f46f0b6ed7b18de4d80a296f309529b508e6a4a4287b5b8f1aa8dced9cb4b4b05240cf691c0c107b395126c3d9eb584ac7d971253fcc0cc771008345bb6b088c234f3e53294a840e649b03d9d616eceda87738d2e0b5ac73df929d86b261df991f573c40998477ca8a49ec0681f1c953817d2a812e66cc3b5449263bef5ee3b69fd20951538ac827ac6ca24dac0f327c2994833733db5dbd2f4e9ab91c7d5f52e2ea3cbfe097babb353873d199972e17165760eee545980d9d882aca3229331d69067940d6a9b751f0fabe8aa23452db51fb0e24a4823bef3e345fb61d536e3527212949274854904fb051d4f4ea2f5a174bd64a51f8dadd1176a6ce5a50e3ee0c90a5005478926132685315b45c71a0df4a0e554a448b4fad1d86051efa5b7109c0b6da947aeea6e353952a57be2b265ecc69290bcea21439695270517b158e4738ee58b79819cc2dc6692c15645758679107b2f3e34db6c3611973403a4eb6eca4af0e128cd98912069d9df400ca187f3662e481af5b9d480b5052a4a622d71ad4518e6614d9528123eef71d66965a68a0a82d402626d3a981a1acd14d42fa57238c731c3e55e0c5e2781ff00327e749c36d16519939d4a0a107aba5424b2c1b8715fd3f9d3a0d45de373b62128f0cba4a470e15507a694950207130358352c38b765c7202947d5e213952916fc3517e8e45cac19e1df3567c9c917da7618ab358c49114bf48623018704c9e96e7b72aa9943c90b1ca7bf4a73d21a81c0e1c8d0b84f9a554a0bb8323ed19f4487af88fe547bd55a3b8aea9acd3d149eb623f951ef55688eaec6b73e49c780171687ba42428493619afe5435866d4ada4d257eb179a064f329d4d1462d296ddce16a9f585bb74a0dc4e30a31bd2aae52e25447741ace2e594cbe28d236a34e34f2fa3567eb44820c5ef496d87c8bdb5b122663df4de1b1999c2fad425c256424400a5893e534a770c640cc939af078c8d6a12e4bc78043797a50b474a08394c4c5c4f6515ee829436724a0ab3f5b2e9f7f84d0c6fabdd76c7d90931e26f571b9ee24e11080532331566e1d6371d9154978226bf71962f8c4a921442ac4c911a7381c2a33dd2a92640e11a54818c0955b4ca41898b8e122ab1c64bb641131c2da7133532d43812f0e1220701ad4ec3f4d916420e63972909d2f78aaec25883d25c44ccd4969b5abf7c08bf13615a46592f0eebc990b4aa08b18920f7453aa7fa3696082a74a7eae53a69788d6e6a2e0d391ccca7d1106449936eeaf1e4a54d1692e254b9067312481db16a43b2197f110652679e513eea958575e285254dde2539910664696ed351b663614b014e754dacad4f017a71585502a417beb2672662606bad14c768f4e25e048820e974fe54a61c7485674030931d5e3e54c615b8702cbe227ef191db7a6d78375c59c9884f127ae7c4f95143720cb76706f3982c4e648996ca00104e48511e3603b6b9f7a5089b75524f88063db453bb3832c615b68a8adc28cea33a15dc5fb0651e141db4b1799c54fde3efab678e9c689f4d2d7925f42eb65e16143ba68a58c4e5e8e3d6e95a81d8b5842bfcab5795556cd6a5298d62ae777364e55f48eab3b92480272a64475675304893ccdaf352c1097a37d4e45ec7713805a0bca31954ee6441e6800c8e1748a898577a874cd980f13a7c6acb79b68329536cb8e6452e549d47ab035d07adc75bd56a1633a50159b2aae6d751f969e74665ddb19c2db86e10bac14e19494093d1aa07351078f324fb6b0f7de5a919568536a42948295020d88bc1ec22b66de7c606988e2ab0f013f01e758e6de5ad50a5289398c1249e02d7ed9ad7509248a745193b9069b93872a69b447ace957e142449f350a73d2d6dae85be854d95a1e458f04adb56613cc1900f9de2ae77249560f0aa1ac2c1ef0b33eeaa1dfdc7e1558b087732d484252112a09951927a979820553a7c329c74c79397a8cd1864d52e3700762607a5c842120af31d62e80759ef15ce6160942a52a826fc4cf03527198c0d6219e8d2a090b882acc7ac72913ac41f7514b4d05bb11224d6a7965d3e98d58b1e18752a53ba336c3bea6b120a4c14c1f3a3cf4a38d71e6702db40a9788cc9ca912a3ead93e275f75046317d36316b4094a9c2131c8581f21eda3d3b452d1fa5095bb876fe8ec3716e914017164f109ea881cafa8aed4d69d52479f4fe4518b13e9536b364b1871d7e84428cfda29022dc4017efa0a463e1397a1053da4c533897710b24992b2649813275353b0487c8fac8ec98f85797396a959ebc22a11a108da0928254c0053117d41a606d44aba8b63aa6fa9f855ca1a591d583c78542694f124284920904a44f85a950d34348c3619532c0b027d755e2a3b7b4f0e52a42585016919b91eda9e871d03d5f028fca958769f39865bc131945fd9486c8186c132eaa3a350d753d93ca921a64592dae07f153dd1e273464322f1969ccd8a16e880fc1d9ad3a61744ade36436b419216b6d24c47052ff005e154c780eb718314d7a4fc6b88c5a128b430890068732f9f8508b9b4b14ad56bf77baba5c4e153d82b411204668f9eb4bdff752706c25247557c0ff0009a09fae3c557d6e690fb2a024937a4a14ec6e76830f464e652ff723deaa38c56280428cc183c7b2b16c3b4a33969ee81dd24c779a728dbbb1465483f713d210a37197f51405b7443ee0edf80a4259746848ee26a33a0c99d78d10853e4739daa0ff0000e28a13d5eac0eb4f652938d323a84c76f0a084a5d8f5951fcc69490e8fb4af335378fee51652db7b08ccdc023aa6c4e97a22dc8c31fa38586e4f58669ed222815e6dc5113995ca6faf7d5a2b66e2db6c6559cb125285994ceb9922e3bf4ad385c74a129b4dc834c4a0a12429a545a2f3ed02abc2889849bcf1d3872e5423ff0089d33ae3b5462acb15b3d703e8efad4a03ac826e48d4a08b287658f7d28e16f646a59b4ab7f82dd226652ae67b63869563820928129520f181248322f40697714345affa8d3cde331a3475cfeaa5f1fdccfcbf60f713b312a4f480ae00d0a6395a9a61592484281beb96f228cb6432d1c13048e98942092490a5ad4448241063318bd80a7f15bd0de65b6b4a414a8a489cc065b103326c2d6ecae6f937692e1d1d2a32697e2ccd86ce414949ce22fc2f4f60b6780beaa56641178e2289de7f0a0c953a7b3a4007b126a4ec8da4dad61ac3e192f2f824ad6a3de4c800769b5575217c7206dad8b98e525426fa0d478d126e8ecf68bbd09c3159cb996f959486e4755bcb042d4ad48d4033caae9ad9ae38a2158438623ed16d0a49bc40b0327b15db45583c1a59d00f965b048ec156c30d4ed9cf9e7a552232d21093c4abdbf9565f8a6495e522e0d6a18dcb9a78013dd598a5fe91f51e39a7db4fadf1453ff3f96689bbb8794241bc0a27c0b001902aa376d98681e2697be38c2d60dfcaa2165a7082350024927b2def14f176e3b259fbf2d2039ec60c6ed171e99658ea83c0a51371fccb263988a29dd91d2ab31fb37577d017a3a4971a75291273200ff31f856a18540c2e1d4b37204ff31e03ced5c714e792df1c9db91a863d2b97b206b7cf165cc47469921b1163f68dcdbc879d08ef26172e14ae2e1624f7d5c6cc52dc9cf75c924f3933ef247853fbddb3cab00ec6a8cab239849bcf8127c294e7ad9d918ac38f497fe8d3149560131ab6a583d97cdee3423e93421ac4b58a0dca9e4c49bc29020c0e060a6f523d1534a031242ba8509253fc409bf95a9af4b8a52b04858121bc4266d36536b1efcb5d3d367719463f54cf23abc09b93fbafe4ceb672fa6c7300a9209752749d0e6f856958280547842e67941bd64dbb78b50c761d4660383801a823e35a2ed57ca70b8822c7264079170e59f099a3a94e592257a47a70cd831bbf950c29d22e9103bc8b53188716ac9f59648800c8892493de49249ab0db83e8f83690932036e3c7f897eaa67f94057f51a0bfef2bbc508f2354c99259368f08e7c58e3895cb96102c129ba81335d86c3ad62caf6d0e9de673fc347b69c46f6381397a26e3f17cea0f0b674aea6295209dd6e1a5365c09248920f0e5db51d184204f4a081c6741ca8655bc6a3ab49f334b4ef4a8023a14c1d7ac69fc2cc7f5082cc33fd193f5c09298b13ad37b39b70ace67873b28d081de11fe08feb3f2a751bd2444351f88fcab5f1317cc987d8678a5d0a2e05266f7f653603d2ac8b1964fdaf65059dee1fe0ff9bf2a5a37c88b06cff57e54f4317c9135fde2d9bb29b7129c7749d3f4693d50b232c9cbeadb81a1f7b0fb06d0ee247723fee15a8e3763b2f2a5ec3ade3972852c33613a02920f134c7f74b0634c083f85b3ef5d69a209998741b0c7ef318aee4a07bc50aefb3382710818146273059cdd374705396c4653333ceb74feefe1d3eae000fc0cfc5ca7d3b39111f4529fc0d7fb4d0b606cf9f77470b866c2fe968c41248ca19e8e0013254567ba228816decd3ea231a7bcb5f015b137b0913230e89e640fcea79c36449528210948924921200e26c05ab5c8ae8c1d5b25a72ccb6fcda33653fe94d411ba256b212d296a1a8014a23be0519ef5fa46eb2d2c47d1d0824ad12953c7d5104c94b598813aace832854e73b33d2062dac5b7890beaa0fec5272a0a0d94881cc7da32418e54d206c236b72f11ff00dbbdff00f357cabdd91bacac466e850a58498252244f18fbd1c48b55d7a44f496a7921ac321c186520294e142d05e24021b19afd1807ac7ed69ead959c6c9defc4b38c6b16144968d900f5721b291038116f234e82c25db7b1ce1dd4b2443900904441518427c6e7fa79d31b0da2b05e5381094a800752a5104c0b88b4c93cf4357a776b68b98bfa63cc29695171dbb8c8512a42ba304158ca412811c0263855461375b69747d07d1d2139c2e54f3521401122166d0748aac64b1c5e97bb31383c928a92ed5fed93f1d86c2bd00e66ee4c34a117e1d749d29386d8b844190bc44f0eb2041e7392bd46e2e313fb5c4b0d9e4038aff68af17b9d8cfdde2b0cbe40a96827fa9197db5c6b2648f123b658f1c92d51d97e4b3cf85bcb09593aa96a33ff00b79457358ac303ff00c2b447f339f1591eca17c7ecada2c5ddc23d1f7909e913fd6dca6aa9ada4b26003238711de2b2d64fa9b4f17d11aae1b68a7284325b6c0101b710235d02c0337e60556ed0d92dbeb529e65095abd67197b22a6227282a41d38a6831bdb451eb280f19f609e54de337cc84c360cf33dfca79528e3c83964c4bd961be7b3307824242312fbcfad32104a5294248b29709249d213698e55adfa3ac4b27666154c80074603902e5c4d9655c49cc09bf03cabe627dd2a515124926e4f1a35f45fbeff004074b4e93f46748cd1fbb5e81d038f00a1c477015d91491c129397b3e865b866751eeeda6178806e7b7df4c921c48534e021401494904106e3291620cc8eca84f979124e423914a81f349f85511324e2d482db814a1191517bc9074acaf08d92e18b19b1e428b31b89cea24a6026e0252a898d4a881545b31a970c6b5cbd6fa3bfa05b499a9eec393874a956026fdda9a1bdeadac1d6310b07aa5a5a13dca19479950355bbd9b69c670ccb08eaa1521646aad091d824c4718e56aa9c73855835c6854da7cd59bfdbeda9e5935151358a09c9cfee167a23d945bc29528417164f80b0f8d5b6f7ed2975bc3a62dd655f8fd91ef349db7b79181c28298cea191a49e2a8d63eea45cf80e34198ed878818e771292e2c2f205272c8ea2129041e763e669462dc5c63c846718e553c9c06186d9e840cc209e3aeb53b178a630d8575fc4901bca42b99cc23201c54a9803b6ab364a16a290b4ad04fde044c729a10f491bbfb43693a84b6db88c3b321b49491994757140f13a0e43bcd1871ef6d1beb32ed49dd927d17631395f00ce66545026ea81303998a56f834bc4ecc792c02ea94e619684a2e540ac26d1d8a0693b93b25cc0625818a4e449474685aac3306d20a75804907bfc2a6ec4dddc4b2caf0aae932292eb6d3cdc2a119a5a7041d53d5b18d2a6e1a25197d1ff0c529fc9192faa4d7e57a31fc7ec2c5e0d4daf10c3ad12651993a94906010489d2dad6998ac038fe1712d042ba6506c86f45485824413a8a80bdc5c62890369b2fe5b90a194a635252418ed922aeb646e2e3c2646230ea9bcca8f914d74e5a9d38f28e7c32d17196c99036060d97d94f4b9d0ee1c142d0a0900a5466e9705c4923515eed0dd6c2ae0a196f36aa80e21047000b798055196177671c4fd73ec38982329694ab1d46652a6e39d7987f47a842b3364347886d4ea527f0f4997d82a71c7245259a0ff00e1993fb949241424a045c2959afd8605bbe9bfee59ecad911bac78b9ec3f3a706ec278b87cbf3ae9a4726a6628bdcb3c8534adcdec15bb27769ae2a51f2f957bfddb679abcc7ca8a41a99811dcff00e114caf73e3ec8afa186c0c38d53e66948d8785e0da4f893f1a548567ce6774bf84527fba27ee8afa4d3b230c3f74df8807df4e0c031fe137fd03e54e82cc79cdedc70d3107c509f8a694defbed0ff00187f423fedaaac439d9f3a88ac48edf18f8ccd64d30946faed13fbe03f023feda69cdedc79ff00ea08ee4a47b9343e970733e7f2a741fe2fd79531174f6f6e25b4171cc5af2a45f4bf60117359f6f3efce27183238e2d689191a3eacf052c7ef153100f544686a16f9e394a7c3524a50040fe255e7c88148d9bbbf89542fa2ca386652527bc254667b48a3d9aa8e9fb959b41c2121254545673acfde2240bf2042a3c0f1adb7d1a61f09fd9cc80db2a5192b2a424ab3c999cc26458770acbb1fb03a14e65a54e2cc194824274372bd4db8584c41e123773081a42cab14b6532950c885295c89508d05858f7c5a9a306d5bdbb6d4d615652acb39122f100aafa69d504504b3bc3ffa87cea8b13b4f0cf7d5bb8875c6c912a5589ca491a650992758511ca9587ddfd9cb24b78b5491ea67309ee2a014795ffe273c7add97c599415345f8da84df34f8debcfed3edf6d0dbbbbf07eab163f1653ee23e34a6b61e33eca9873b9d83e4a1f1a94ba79175d5402cc3ed3205976e46e3c41b54b6b1085ea844f6661ec4aa3d94038865f66ef30b48e242d2a4f7928240f1a9785c72480529bf62fe56a8bc728f25e39232e0b2f485bc4f611a64611c53256a5665249980040124c6bc39565fb436cbefa8a9e75c75478ad455ef3445bed8f2e3494949052a90641e0411af779506575e27da70750bbc714e9a4135e5755089d5d5d5d40051b9fbed88c0a82412e31f69a26d04c9c87ec9d4f2b9ad4b0dbcace2121785c63c89d5b30a23b2160904791e06b06a2cd8fba6fe54baacc826e989040e064684d6a32a1346b3870b75b73ebdd7612a3eaa00b09850ca0836aaddd73f5be5efa1fc563b1ea4250a7d709e210949547df5000a80ed3445baeb4f4bd6204c1ee8350ea5db4cece8f6524c56f56e629a61d7c6202f275b265549032a664f1002d479951e114dec8c5a0e0965c3094a9b2a20490338131e34ee33791e4975a7db52a73248d0106de4419f1142db0f69861b75a7d054dabaaaeb45b5052ae041833cc7852cf14e9a174f36ad4826dfb67e94ee1dec2294fa42485247eeac92001035b922e67b222cf0bbff00874948c48c436b24059e99f08049b90330ca3b228470d80c3ac294c635d50119d2422d6995654f5808e56a93b3de6979528c4254526e89033cff000a869afab1dbc2a4ad4ad32ed45c29a34746fd6cf4acb4b7ba35a6243a49d448856654d8833317a236b14ca8485b641d0e649f8566cc2d29012ad4712066fc50009edab1671693c7ce4fb3fe6ba127ece39457a417ed9d94ce2dae896e400a0a05b28cc923882a491c48d38d56e13757a25052369626c66165850279c16ad6e5155d805926c67947c07ca9cc4137e5ecf3d286937c026d2e4244608672b3880a26354b5a0d44e5cd06fc78d4c6908164ad227ee840f70acf1c576f7cda3cc7bfcebd0f1e7dd71faf7d694689ca5668fd193fbc57865ffb6b861ff8d47c7e40501619e59d2607747cbdbe153b0f883682a3ca018f3e3e15bd263506219ed3e67e75dd10e7ed3f3a1e429479f747e71e7e54b493c527c87cfe54690d45d908fbc9f3fcebcccd8e29aa91fcbfe5f957848fd0146916a2e0e21038a7ca91fda08fbdec354a57fab7bb8779a4a47610275e1e1cfbcd3d21a8b93b4d1dbe5f3af7fb493c89f0aa5279481e12af90a4840fe2f0a348b5191621c8e02fc80a8ab7cfddf87c6a762171f681fd775405ba391f6548b33d4aceb3e5495ae745abdd5e25d4768f2a525c476feb8da988a5c76c852d7d2665671a2b319f0334dadac500074ee1039acd1225693a49a4999d47be800741c54119c9efbd7a8c13e75ca7b4d13b484f69ee02a730a3c262b492336058d86f9d12934eb5b11e1ab4d9ef1472de167893e353f0b864dbaa0d3d284e4670e6cc7bfc16bfa7e46a3ab62620e8840ee047c6b65c2e15be2913fae1531084088ca29e916b30f6f74b14bd123c85bcea4b7b898be16ee207bab706d639f97ce2a637075b77abe1146841f2346018bf47b8ce209fc40d425ee062c7eecfb2be8fe890607c4fbeb95826e2c91e7f0a34a139b67ccae6e9be9d50a9eea8cbddf58d411e15f4e3bb252afb20f2bdbe550313bb883fbaf191eca3406b3e6b3b255cebcfeca3cc56f18ddcd6c9fd9c788aac56e437ae43e698f7d1a18f5a31ec3e0948505a4f5924106018234b191e745b86debc6823a42873bd201f60f8516bbb9a81f655eff8fceabb13bb8945a153d807ebd9424d05c58db5bdb31998f107dd6f6546c6ef023a42a6da590a1d6021241d2dd6bc8e54d3fb3c2798e438fb2a336c807f46b33ee54ca637a1dc4b66f6faca52856156b4ff001841007282a20d4475ac128cab080954ce501397b6ca03c04d741200ccaeefca94db026f9adddfa1eca9fc697059e66f9487b67ecdc2a4e66da226475a2e34904113226d1efa94d6c0c34c869b9fe54dbcff002a5e03208907b7f5a7beadc2da8f5563948f9dfdd4e85a911d2d9110a1dc083faf6d58e114635f19b0f19b1f1155ef388e7e607cfde4d732e92465f3f95bdc0530720ab06ab199bf13f96bdf07be99c53a817cde247c64fb4f8544c1b672dce59fbc627c0193e35254e803d695774f90b4509196f6194811af5784a447c3d914f20a4dbaaa27594c0fe9d4f8d307ac67349ed02de26c3c24d3cd61cc6bec89f89aa220c9084ceaa16d240b7b207b4d596152471d7909fccf8c0a8d8767f8cf701a78440ab061090075d5af681f9d3324a6d4791b777bfe54ec81f655e7ed8f89a4dc68a3f1ee039570cc7400f3fccfca8039667ef7f51f7cfb291955c23b39f872a58609be51dfcbba946d21298ede3eea00614848b1ca4ea1227db7bf8d36533730638dc8f0bd39d10f3edb9efe54e270fda247b3bb9d30194b48ee9ec5799bd2825bfbcb3dc85c78408af5c902c6120f64abbf90a52900ea44f6683b28118fe334f1aa97b5f3aeaea81d030f7c7e3496ff005e75d5d4c44a4faa2a4f2fd71af6ba801c46a7f5c6a50f54779aeaead2325937a8f1a533a1fd71aeaead232c20c37aa9eef88ab2638f71af2bab460759d4f77c2948d4f8d795d4012f0da7954f570af2ba900cbdaf87c296e6a7bababa98154efc6bc5575753115b8bd3c6abf697eccf7575753001f17a78d34354d7575499688e23455389f551e15d5d593458b1ebd4b47aa6bdaea431a7354f8548d97eb9af2ba81161f6ff0010a75ef555e1f1aeaea11a7c1e33eb27baac9bf5d5fae15d5d5444596982f57c6ae1bf5857575332572bf68ef7548c17a83bcd795d40160bf57c29b1a787c6baba81b169d7cebd1f6ababa8111317ead454d7575311fffd9, '<p data-pm-slice=\"1 1 []\">Working out is one of the best ways to improve your physical and mental well-being. Whether you\'re a beginner or an experienced fitness enthusiast, there are always ways to enhance your workouts for better results. Here are some essential workout tips to help you maximize your training, prevent injuries, and stay motivated.</p>\r\n<h2>1. Set Clear and Realistic Goals</h2>\r\n<p>Before starting any workout routine, set specific and achievable goals. Whether your aim is weight loss, muscle gain, or overall fitness, having a goal will keep you motivated. Break your goals into smaller milestones so you can track your progress and celebrate achievements along the way.</p>\r\n<h2>2. Prioritize Proper Warm-Up and Cool-Down</h2>\r\n<p>A good warm-up prepares your body for intense activity and reduces the risk of injuries. Spend at least 5-10 minutes doing dynamic stretches, light cardio, or mobility exercises. Similarly, after your workout, cool down with static stretching and deep breathing exercises to help your muscles recover and prevent stiffness.</p>\r\n<h2>3. Maintain Proper Form</h2>\r\n<p>Performing exercises with proper form is crucial for preventing injuries and maximizing efficiency. Poor form can lead to muscle imbalances and long-term damage. If you\'re unsure about your technique, consider working with a personal trainer or watching instructional videos from reputable sources.</p>\r\n<h2>4. Focus on Progressive Overload</h2>\r\n<p>To continuously improve, you need to challenge your muscles over time. Progressive overload involves gradually increasing the weight, repetitions, or intensity of your exercises. This ensures consistent muscle growth and strength development without causing burnout.</p>\r\n<h2>5. Mix Up Your Routine</h2>\r\n<p>Repeating the same workouts can lead to plateaus and boredom. Incorporate a variety of exercises, including strength training, cardio, flexibility exercises, and high-intensity interval training (HIIT). Trying new workout styles will keep things interesting and engage different muscle groups.</p>\r\n<h2>6. Listen to Your Body</h2>\r\n<p>Overtraining can lead to injuries and exhaustion. Pay attention to how your body feels during and after workouts. If you experience pain or extreme fatigue, take a rest day or switch to a lighter workout. Recovery is just as important as training, so ensure you\'re giving your body time to heal.</p>\r\n<h2>7. Stay Hydrated</h2>\r\n<p>Proper hydration is essential for optimal performance and muscle function. Dehydration can lead to cramps, fatigue, and decreased endurance. Drink plenty of water before, during, and after your workouts. If you\'re doing intense training, consider electrolyte-rich drinks to replenish lost minerals.</p>\r\n<h2>8. Fuel Your Body with the Right Nutrition</h2>\r\n<p>What you eat plays a vital role in your workout results. Prioritize a balanced diet with proteins, healthy fats, and carbohydrates. Pre-workout meals should provide energy, while post-workout meals should focus on muscle recovery. Include foods like lean meats, whole grains, vegetables, and healthy fats for sustained energy.</p>\r\n<h2>9. Get Enough Rest and Sleep</h2>\r\n<p>Your body needs time to recover and build muscle. Aim for 7-9 hours of quality sleep each night to support muscle repair and overall well-being. Additionally, incorporate rest days into your workout schedule to prevent overtraining and burnout.</p>\r\n<h2>10. Stay Consistent and Track Progress</h2>\r\n<p>Consistency is key to achieving long-term fitness goals. Create a workout schedule that fits your lifestyle and stick to it. Keep a workout journal or use fitness apps to track your progress, including strength gains, endurance improvements, and changes in body composition.</p>\r\n<h2>11. Stay Motivated with a Workout Buddy</h2>\r\n<p>Having a workout partner can boost your motivation and make exercising more enjoyable. Whether it\'s a friend, family member, or trainer, working out with someone provides accountability and encouragement to push yourself further.</p>\r\n<h2>12. Use Proper Gear</h2>\r\n<p>Wearing the right workout clothes and shoes can make a significant difference. Invest in quality athletic wear that provides comfort and support. Proper footwear reduces the risk of injuries and enhances performance, especially for activities like running and weightlifting.</p>\r\n<h2>13. Incorporate Active Recovery</h2>\r\n<p>Active recovery involves low-intensity activities like yoga, walking, or stretching to keep your muscles engaged while promoting recovery. This can help reduce muscle soreness and improve flexibility.</p>\r\n<h2>14. Stay Positive and Enjoy the Process</h2>\r\n<p>Fitness is a journey, not a destination. Celebrate small victories and enjoy the process. Avoid comparing yourself to others and focus on your personal progress. A positive mindset will keep you motivated and make workouts more enjoyable.</p>\r\n<h2>Conclusion</h2>\r\n<p>By following these workout tips, you can improve your fitness journey, prevent injuries, and stay motivated. Remember that consistency, proper form, and a well-balanced approach to training and recovery are the keys to long-term success. Start implementing these tips today and enjoy the benefits of a healthier and stronger body!</p>', 'Workout Tips', '2025-03-12 18:29:03', 0, 'user'),
(15, 'The Ultimate Guide to Muscle Building: Tips, Workouts, and Nutrition', 0xffd8ffe000104a46494600010100000100010000ffdb00840009060713131215131313161515161818181716171717181718181817181717151817181d2820181a251d151821312125292b2e2e2e171f3338332d37282d2e2b010a0a0a0e0d0e180f10152d1d1e222b2b2d2b2d2d2b2d2d2b2d2d2b2d2d2b2b2d2d2d2b2d2b2d2d2d2d2d2d2b2b2d2d2b2d2d2d372d2d372b37372d372d2b2b2bffc00011080093015703012200021101031101ffc4001b00000105010100000000000000000000000400010203050607ffc4003d10000103020403060503020406030000000100021103210412314105516122718191a1f0061332b1c114d1e142f10723627252738292a2b2334353ffc40017010101010100000000000000000000000000010203ffc4001e11010100030003010101000000000000000001021121031231412213ffda000c03010002110311003f00f26ad8413e0866e1cce965af530a7aa961e90044dd513e1b838b92446eba67e0dd9200eb3bc2c96e09d9d9060107cc685753c36ab5b4e1f726624a95639cc45325bae84e80827b97318ca6e2485da717c5b06d620dfaae69b489cd791acaa8e6aad323510aa5a38f61bceda2cf8503249d49ac410491947084dcd87bd1595f0e07d23c4a0cf4958e9512504524e99024924902492490249249024924902492490249380a41be28209e149d3309838f3411526853f9877bf7a229d20efa6c791d0f8ec8160e8826e8ca94da2c3c50f45f94dec792983265505d0a36b8dfbd1987a2098de63bd0b82af079845d3aa26420d5a145acfabc9357c3b5fbf821a09beba7b2a745ae22e7bb920c8e214f2b4c0883bac278fedc97678dc117363a799e7ea163d5e1d94dc89ebba0c07049a169635ac6b60fd53683b733c90149926ca0d3e1b84cc7c125d1fc3f441101bde525452fc45875b5d5d43080df6dd673bea8ea8cc363032db20358227603417f0175a5fac70600e194c5ef6279ac6fd612472d95f05e264d9005c431362d959acaa5a08e7eeea58a676b732847b791ba07c590eb9361c82cef93785a2184a83a859001f204f4d91d85a0d02489fca986587245083cc8d90525dda1310abc4d56f257e2693b92cca8e8b1e68297bb555382d0a58706d375557a7b4280148223f4e63453a784cda2010a656d6a45a6fdcaa4093812badf853e0c7622a34553944071a63eb2d3a66ff827cfa0d575f56ae1e938b29b18d0d31d903c4db558b9c8e98f8ed9bbc7960c365199e08bc06e84f337db4f34ef6b2440f533e3add6e7c4c5c5ce2eb5c4f4b5a0fbd16151199d731035dcad466cd2188a19608983cf63c950bd07e10a21ae766ed760e69022d06fce20eab4fe24f822962287eab0b96991f58d299ea63e83d74fbacfbc9755aff3b66e3cad257e3308fa4f753a8d2d7b4c169d46ff00cca8e1db727909fd96dccc6c237dff0064a99fba7cbba9b28c827920a5daa405d5d5294dc28b5b7f0fe104352af6dadeff00b2b68e1bd54df8422e82d776dbfeb02c7981b77a1e83d498f3b5a1356a61ae9e778ef54194285a6559475ba1d950c0e4a746e66506952a85a60995a142ac5b29bcacaca0c72056de02987081aeba74413a55c65f3b9e5d7c966feb3e6021dd9bc0746e343d0232bd3925a1a66defb962f1a764968dfd5065f12266f949e62fea84c389727327553c1b466fb283aac363052a7266245f48b6853a8f05c49362dcd1e092a26fc2c6a210956892ed3aadbc65e3d3f658d571195c644206cf00d91d84798ecdadb94361cc9279a60eb9e482555ce93226c806b09320234ba7551a6f2d1082a761a7a2adcc8919bc11359d25081d260a07c2304dd5f484c745583040fbaae9348264a026ad4b412b35ed04e97d94f16485417e93e880aa545a2d1b6aaaa9421d22e0dd5cf2d2334c730aaa989cda6dee50594e9026fe29df401d10b45ead7030806c651197eadf445fc1bc1ff51890d2016d36baab81d218260f426020ead296b89b6cb7be07a6f6b31551a3b191b4dc7fdcecd1e4cf552ac1d5b88967ce05e43ea39b3168ca4efb091e2b11d50b5d9a7349321da77d906eae5d51c4999fc24eab200e4b1ad3afb6dbdf13619afa0cac3423b23911d923a910b92c2d2739d0d124e90375b184c602cf915a4d326446ad76e42240a3857e7a3505637cb2db0b900933ca0c5b54974994ddd8814aa51a795fd973ee7490d88f0937f0eab5b80f12f94e7b0bdc5b518e6de4b64f4e6b9d6635d59e4bcc93724fbb226862a24722239889fdfd14ad4ba6e7f88dc21aec2d3c4360be8b9b45e46f4de0ba93bcc38789e4b81c352395dcecbd031a2a54e1d89c8d240140be4ce50da9b774fa95c4d1a3670e507f7fbad61f1cfc9f51a78710a9acd00a258e00a8d668e5b2db0586c3e62078f8232961d84904590186aa5ae9d763dcb4a9566839bd10546906388274df9a83ab3362a9c4e2439ce244926ea1f29badc7aa0bea32c4c69711baa2b465613d7f0ad0e2018220fa2a71223203b09f33fc2076b2774ed69d02853d42d0a14ad282cc3b0c00b6f0c0300275d90b84a5373e0b5387ba419161aee82352a67204e5277e7d25739c44892dd7915bf88ae3364e60c0581c429412ee88326ab23bd3e1c45c216b5494a95450757c0f5906fef44965f032ece7a24a8e8b12e96db641fca93dad7653a84cc04e2a79a0a5b4b29d7a955d430605d3ba5dba9d3a596e8278469332149c24e9a27c3d5226d3ef455557b84a083a8cdf4bf92ace1a20c29bb4d364f42bf66fa8403561a955621fbc18d41fb856625d3213609cd82c768743c8f5e882ba8f96cfa2a011bebeecacc4d32cd75f770a8a404f4d505f55b2440e9fba1f2ebd15ac1bfaf5553b7ba0887856ccdc1842537c591341e05cf8207c5b3b239ea7f0ba0e0d59cce1a5ad919f10f7b88ddad635807992b02a768fdd7a0330819c12939b04bdef1ff9b8c7a8f459c9ac638dc160813508bc36418f3f7d166078b31c4000eb1da683cc7f50f55b8fa7928380706b9f6274207295cc626881fd53e1ee53e9783b1144b0ead70d8b4c82153468b9c604127a81ea5019d594d80efe09a3d9a74ab35860b81bdcb4823c0eeb41941b98ba643ee222d16cbef9ac214073f43f947e04198cb7e7cc7ee967097af58f85583f4d5e8fd545f45ec7dae333086dfa185e4341e465cd30441ee3baf56ff0eb132dad4ceaea4fb7386e6fc2f2ac346513c82ce1fadf93f0d51a018e4a8a9589364638875bfab6ea3977aa2831b706cee4ba391b08dbdee07aa26a3c5ca44e51743900ef0824da579dd58405536411c91ac66637d764116d2911e6b3b1539bde8b49ef20651aee9aad0113ee5051846692b59a2dc96751c3927922693a4c1407e14b51187c5960e528368196015399d90683e9070cd691bac0e281da2da6d6686c0d50156e4e6d76ebc90736fc3984f87c293a2e8a970fcf136e6ae770900c0170802e16032cea45c22e64c8e82da248e1818697baa09980ddc0e6920934f6ef60743a79255813a42cf6634c5e484452c541d88f54178a04c4224618e9c94f0b5847aff0a42bc941653a322459035a976ae7c7f0b623a203895120cca0cdab1a6a80ad88d84d9683ded163aa031422d379f440ce793a78843069dca66d5826e8b6b73d9044d68195c33b47fdc3b8a832935df43819d8d8ab31040b0d967e7d501959ee162d080a925355777aa489416671de548b642ad9657512826cb080092748d7b82f5ae2fc3c61f0d81c3175d8e787ff00cc7005c7bb3384772e13e0be16dad8da61ce86326abba8a7da0077980bbff88b15f3f0edac444552499b40204f8b7ecb9792f6476f163cb5ce62be1e7d4c2bf10d23331ee63986c4e5be66ba6e6fa15e6f89264cfbfe57a4fc71c55d4582933ffb7fcd8d812031deb4e7c57995571249372752b586f4cf9352f104924969cda1817b49b81e4495de613e10ab4f2d7ad14d81b9f299cc40b90468d988d65701c231a68d56550012d3201f7aaf6177c44dc660881792d691bb65cd0e07c0958ced9f1d7c78cbf557c01407ea73e8031e7c0b4c4af2f7d301b02fb792f5ef82b0999b5c97641547ca6ba3e9cc6337be4bc86b0f96e7377123cadf84c3ed3c93e057c9d02b43e3ea13d77fe54d8fd0c2a31009be8ba392556a0d8ebcd45aeeef3423ca54c5d406b409d7c115f38b7416f543d200ab98c11d550ed7eedd54b39b18952a240db74f50ec1045d589fe159867444a06adb444e11c2e4ec80fad56f655beae88715413eb2956777194049ad22c25418648f7a28e18dd6bf0ea009d2deee82ee1e1d33ee11f89a6434933b91e2b4a860dac6e63a9d90f5b14635e768f00236515cc56c33a64d80496be32967336240bdfdf3495471f989b933dcad68e5caeb2a957361ebfbadcc28ce0d875237ea82dc0d43a14561e352743a1dfa0439a51126fb2950611b4dd074184248cbf9f24271271045e7918d39a9e0ebe56991050b8b7906e751607ec803790e93b4faaccc5b413aeff00dffb233118800100202ac96c98ecc5fbd041b42391456143a143f5018349f1fc2a998cd86882f7ea567d5379dbb914ea933063928552089f4402578d9472d95ad823ee1498d10610534c49450a7310a9c3b7968b50e1ec0828353e07a6f1faaa835a740b67ad47083e4c2babf86ab7cea55308efea64b2377345c7791f659fc0e9fcae1555f1daaf548ffa580347a97940f08c60a5543f701c05c8bb9a409224efb05c6f6d77c6fac80be31a2e342854327e5b9f48ff00b4e57309ef872e25cbd28e1df55afa558653501891704dd8e2c6c96f680d4e8dd79707c578357c3bb2d5a6e6f5d5a7b9c2cba4e71cb2ef59e9270149adb12ab2885d8fc04ca85f51cd243728646ce7932def206636e6b3b80fc2efaf05cec81d19044b9f26240910dde4f25e8380f87dd4a98631b14d925d51a439e0910e7b9a40cd11a721a2cdb3e378e397d8d6e2b8cf90309459ff00e8da8f8de1e037c2d2bcd7e28c164c662699b16d577938e61e842ebb8856702c638873e85811704039841378e53a6978939bfe25500718cac05aae1e93dc79b817309f2635670e5d37e4ee3b71ae6c0f703aa16b22df250b5c2eae21dad52f969dae1a0f348d42a09d078e68da720ccdb92cb7d91983a91f5203aa571a0086158190a8ab88d61501f7d550554837522fd906e7dec8a6f5405e1e003293dfe4abf99b2a0124a0d0a0256be0f151658ec610275459758141d2e0f185c40773b285404549bdcebd7f941e0b142d3747621f9c082469d3d8501429b660899bc8fb24b31b59da4c906fd7b9245dbce005d070f0438ce87dc2e7c2d1c1bdc06e88dece1e4386c6f1b05b1430ba11ebef559bc372b41240beb75bb86aec7b0822d0a81b1ee14c080083e87af240e22ab5d04dc8e510151c4f8803d9de602ccc66332c8117dd059c5710d68ec858a718e93d76e6a55abcea847a8246b149b51549c20230ef328c7bad3640b13b65058c0750279a3b0ae05ae81e7dc83a7548108dc08999e7f8545784773165a81a605bdd95383a635f446d5aa2d641d2e32ac70fc33635352634ff00e47ae5319532d27106e60360de679f74adbe215cfe8b0c00d5d53ff772e57899b86cfd23d4dcfa42e7275d72bc7acfc238a654c2537b599ea389150e84d5d09276d0474803654ff882ca94d94aa068a944b40710db820db38d62e47782b87f81789d4a6e75267683bb406b040824721a38ff00cb6af40f8c78eb5b840ebe67875886b9af26096b80fa6011d54f5d64b73de3a78a631adcef2c0436e403b0e5dca3876f65dd20fbe68a14334eba72fe55987a167dcdc0dbaae8e2eafe0577cfc5b6ad5cd14ef9c9819e3b2c9100732366b4af4aab8b386c2b9e402ec8e34e6066301ad73ed69397ba4735e3d82a75865069557b5b39464780336b000824cea65743f16715ac70f4e9bc90034113624182337747a058b8eeba4cf502e271025af1f4bdaed75b7e6159f1ce28399839d7e419eece7f9597c31d9b0a79b1cf1e04661f750f8c1e1c70a0ed856799a9567eca49d6b2bfcb0aa3fae9a2ab14e3274bdd3fcbe853d612661757108e13aa8804221cd51736ea0a0a9fcc810a2f0a0504cd5502e4c9209b1f0896d4941aba99b20bb343b545348024942b40539b2a34a86244754b115e4402b2a9d42a40941af85c5658ef5accc76689375cd5307545517e80141d1b2a48d72c6fa13fba4b21d51d6e5d35f24e83946185af8133aac645613139541d2b9cc1a137df92ba8e2720b19e7fc2e6ff005b7559c695468e3b10d26753cd66622bc9954bea92aa5048b931299240949a9829b1a82ca6d57060eaa0d03d953683b5bb90381b0945d1000dfc0aa58c9b69de614b41b777f3a2a0ba1540dcf9856d570306fe6b3a636fba9176c837315c5a8fc8c3520fed53cf9a41b1739c5b788363b2c96b038b9c773e31b7e1038e2e700e70d6c2044400344431d2d06361e7ca16646ae5b751f0e1a5428e22bd47c8680c6d3112f7bc1b0b5808b98e5cd4b1cdc5d6c37cfab569060ecb699739ef04de32e8db6f3b2e7691b16da756f52d999f3f446d2155ac20821af04169de74701b1d0aacb3d99f5197bafbf7ad9e0dc44d2a4f735805401a413bb498ccde77b47559781a399e1a416b4900bb61b493b2ec719c3a85571a74eab1acc2e1c82f7380f9ae0ecc5ade64936419785e3d882e00552d9d204447f7f55abf123aa55c3ff9e3fcca7f2cb5f119e9d4cdd833c8b447795cef0ca0c7bc766e1c235330742b6fe34c5ba1944b4827b6ecc222d0c60ff48ed7984563f09c453636b31ef6b439b2d2e3009122dd6e3c8a87c49529d67512c7870661e9b096dc021cf247fe43cc2c3c4d30e735bb1bd873b47a7aa9e73391c04b6c2d169df9eba9535ddafb7346f922604dbc3eca469753dc9dede5f8f2ea9a9bc1d40f45a651f963be3aa551a390f3fdd5a58390f4f73f7502cb683df2dd005559e2877351f519d10d599efdff000a0193293828a049c14c920b03d5a1f27b82193ca02054088a6e064ff759e4ab29bd06855b1b72d11d8037d22164bdf317ba3057b2a362b1800e61efb92594dc4129d06124924a0794a532481249248124924824029b4c28b5bd15ad076123df2412015a01d7f7f4214038de07efe9aa7cc4cd8f3ebe30825279fafe45a1341ebe3f7298b8f227efd652ce796be6819a7692018bfe4a2a9be9925a1e437991af772f341baa7451618bc20b713c9a67991e8145a1f1dd64e2b1e5a7dd45b58f5b5d05b45aecc24da4031eba2dae39c6a48630001a0493b92b0a8d6208e974d5aa02e983e083a1e078e887116923a18d507c62a0f9a4b2c08d06d7286663e5aca71958d9bee49d4f536f44362ebe632040d04f2406e0f125a664888d35dff647715e3b56ad06d1792f2c739cd7192e0d20762797641f3580ca8e1a14e6b19bceb7ebe08136b908aa447d59fc08db713b1428274836f7a272dff4f513cbb82026a861687b5e4927b42208b6b6d42a1d3b6db7e7b9369163ada797284e5d1b18da63ca2c826cbf7f3fe792b0b7dcc799dfbc043c45ee3be3ecac6622068796de20d9512733de8aaa94f63efc3553357511e03d64ea428b9c748ee8fb733dc8067b3dff000aa2110e3b4780553d415a49d32049249204924920b292368bc6fb2cf054c544061af1ba64139c9208a4924812492481249248127092480960fa7aebe6ae1f4876f9a27a4264905cf1671ff8623a49486fd1a4f8c4cf549240d42f966f26fe70a14dc4b64eb31e11a744c92a202fe4a43427700c249206a6272ceea136f13f8fdd24940e4dddef9a40dffe94e9204c376f7aac9bc6daa4920762b9a6737fb67ec92482747ea68d8883b5aea05e40116ba649513ad6cc05a0dbce354f5ac446ed04f7c4cca492067fd2d3b9064ebfd446ea926252490498f31ddefc55b8bb3dcd1603f8df5492414d7b1006ed04f7aa6a580eb329925056545249024924902492490249249024924907ffd9, '<p data-pm-slice=\"1 1 []\">Building muscle isn&rsquo;t just about lifting weights&mdash;it&rsquo;s a combination of proper training, nutrition, and recovery. Whether you\'re a beginner or an experienced lifter, understanding the fundamentals of muscle growth can help you achieve your fitness goals efficiently. This blog will cover essential muscle-building strategies, including effective workouts, key nutrition principles, and recovery techniques.</p>\r\n<h2>The Science of Muscle Growth</h2>\r\n<p>Muscle growth, also known as hypertrophy, occurs when muscle fibers undergo stress from resistance training, leading to microscopic tears. These tears are repaired by the body, resulting in stronger and larger muscles. To optimize muscle growth, you need to focus on three key factors:</p>\r\n<ol start=\"1\" data-spread=\"false\">\r\n<li>\r\n<p><strong>Progressive Overload</strong> &ndash; Continuously increasing the resistance or intensity of workouts.</p>\r\n</li>\r\n<li>\r\n<p><strong>Proper Nutrition</strong> &ndash; Consuming adequate protein, healthy fats, and carbohydrates.</p>\r\n</li>\r\n<li>\r\n<p><strong>Rest and Recovery</strong> &ndash; Allowing muscles to heal and grow between workouts.</p>\r\n</li>\r\n</ol>\r\n<h2>Best Workouts for Muscle Growth</h2>\r\n<p>A structured workout routine is essential for building muscle. Here are some of the most effective exercises:</p>\r\n<h3>1. <strong>Compound Exercises</strong></h3>\r\n<p>Compound exercises target multiple muscle groups simultaneously, leading to greater strength and muscle mass gains.</p>\r\n<ul data-spread=\"false\">\r\n<li>\r\n<p><strong>Squats</strong> &ndash; Strengthen the legs, glutes, and core.</p>\r\n</li>\r\n<li>\r\n<p><strong>Deadlifts</strong> &ndash; Work the back, hamstrings, glutes, and core.</p>\r\n</li>\r\n<li>\r\n<p><strong>Bench Press</strong> &ndash; Builds chest, shoulders, and triceps.</p>\r\n</li>\r\n<li>\r\n<p><strong>Pull-Ups</strong> &ndash; Strengthen the back and biceps.</p>\r\n</li>\r\n<li>\r\n<p><strong>Overhead Press</strong> &ndash; Works shoulders and triceps.</p>\r\n</li>\r\n</ul>\r\n<h3>2. <strong>Isolation Exercises</strong></h3>\r\n<p>Isolation exercises focus on specific muscles, helping to shape and define them.</p>\r\n<ul data-spread=\"false\">\r\n<li>\r\n<p><strong>Bicep Curls</strong> &ndash; Target the biceps.</p>\r\n</li>\r\n<li>\r\n<p><strong>Triceps Extensions</strong> &ndash; Work the triceps.</p>\r\n</li>\r\n<li>\r\n<p><strong>Leg Curls</strong> &ndash; Strengthen the hamstrings.</p>\r\n</li>\r\n<li>\r\n<p><strong>Calf Raises</strong> &ndash; Develop the calves.</p>\r\n</li>\r\n</ul>\r\n<h3>3. <strong>Workout Split Routine</strong></h3>\r\n<p>A structured workout split ensures balanced muscle development. Here&rsquo;s a sample weekly plan:</p>\r\n<ul data-spread=\"false\">\r\n<li>\r\n<p><strong>Day 1: Chest &amp; Triceps</strong> &ndash; Bench press, dips, push-ups, triceps extensions.</p>\r\n</li>\r\n<li>\r\n<p><strong>Day 2: Back &amp; Biceps</strong> &ndash; Deadlifts, pull-ups, bent-over rows, bicep curls.</p>\r\n</li>\r\n<li>\r\n<p><strong>Day 3: Legs &amp; Core</strong> &ndash; Squats, lunges, leg press, planks.</p>\r\n</li>\r\n<li>\r\n<p><strong>Day 4: Shoulders &amp; Abs</strong> &ndash; Overhead press, lateral raises, crunches.</p>\r\n</li>\r\n<li>\r\n<p><strong>Day 5: Rest or Active Recovery</strong> &ndash; Light cardio or mobility work.</p>\r\n</li>\r\n</ul>\r\n<h2>Nutrition for Muscle Growth</h2>\r\n<p>Your diet plays a crucial role in muscle building. Here are key nutritional principles to follow:</p>\r\n<h3>1. <strong>Protein Intake</strong></h3>\r\n<p>Protein is essential for muscle repair and growth. Aim for <strong>1.2 to 2.2 grams of protein per kilogram of body weight</strong> daily. Good protein sources include:</p>\r\n<ul data-spread=\"false\">\r\n<li>\r\n<p>Lean meats (chicken, turkey, beef)</p>\r\n</li>\r\n<li>\r\n<p>Fish (salmon, tuna)</p>\r\n</li>\r\n<li>\r\n<p>Eggs</p>\r\n</li>\r\n<li>\r\n<p>Dairy (Greek yogurt, cottage cheese)</p>\r\n</li>\r\n<li>\r\n<p>Plant-based options (lentils, tofu, quinoa)</p>\r\n</li>\r\n</ul>\r\n<h3>2. <strong>Healthy Fats</strong></h3>\r\n<p>Healthy fats support hormone production and overall health. Include sources like:</p>\r\n<ul data-spread=\"false\">\r\n<li>\r\n<p>Avocados</p>\r\n</li>\r\n<li>\r\n<p>Nuts and seeds</p>\r\n</li>\r\n<li>\r\n<p>Olive oil</p>\r\n</li>\r\n<li>\r\n<p>Fatty fish</p>\r\n</li>\r\n</ul>\r\n<h3>3. <strong>Carbohydrates for Energy</strong></h3>\r\n<p>Carbs fuel workouts and aid recovery. Prioritize complex carbohydrates such as:</p>\r\n<ul data-spread=\"false\">\r\n<li>\r\n<p>Brown rice</p>\r\n</li>\r\n<li>\r\n<p>Quinoa</p>\r\n</li>\r\n<li>\r\n<p>Oats</p>\r\n</li>\r\n<li>\r\n<p>Sweet potatoes</p>\r\n</li>\r\n<li>\r\n<p>Whole grains</p>\r\n</li>\r\n</ul>\r\n<h3>4. <strong>Hydration</strong></h3>\r\n<p>Water is vital for muscle function and recovery. Aim for at least <strong>3-4 liters per day</strong>, especially after intense workouts.</p>\r\n<h2>Recovery and Rest</h2>\r\n<p>Muscles grow during rest, not during workouts. Here&rsquo;s how to optimize recovery:</p>\r\n<h3>1. <strong>Prioritize Sleep</strong></h3>\r\n<p>Aim for <strong>7-9 hours of quality sleep</strong> per night to support muscle repair and hormone balance.</p>\r\n<h3>2. <strong>Active Recovery</strong></h3>\r\n<p>On rest days, engage in light activities such as stretching, yoga, or walking to enhance circulation and reduce muscle stiffness.</p>\r\n<h3>3. <strong>Post-Workout Nutrition</strong></h3>\r\n<p>Consume a balanced post-workout meal with protein and carbs to speed up recovery. A great option is <strong>a protein shake with banana or a chicken and quinoa bowl</strong>.</p>\r\n<h3>4. <strong>Avoid Overtraining</strong></h3>\r\n<p>Excessive training without adequate rest can lead to burnout and injury. Stick to a <strong>4-5 day training schedule</strong> and listen to your body.</p>\r\n<h2>Supplements for Muscle Growth</h2>\r\n<p>While whole foods should be your primary nutrient source, some supplements can enhance muscle-building efforts:</p>\r\n<ul data-spread=\"false\">\r\n<li>\r\n<p><strong>Protein Powder</strong> &ndash; Whey or plant-based protein helps meet protein goals.</p>\r\n</li>\r\n<li>\r\n<p><strong>Creatine</strong> &ndash; Improves strength and increases muscle mass.</p>\r\n</li>\r\n<li>\r\n<p><strong>BCAAs (Branched-Chain Amino Acids)</strong> &ndash; Supports muscle recovery.</p>\r\n</li>\r\n<li>\r\n<p><strong>Fish Oil</strong> &ndash; Reduces inflammation and supports joint health.</p>\r\n</li>\r\n<li>\r\n<p><strong>Multivitamins</strong> &ndash; Fill in nutritional gaps.</p>\r\n</li>\r\n</ul>\r\n<h2>Common Muscle-Building Mistakes to Avoid</h2>\r\n<h3>1. <strong>Skipping Warm-Ups and Cool-Downs</strong></h3>\r\n<p>Failing to warm up can lead to injuries, while skipping cool-downs can cause muscle stiffness. Spend at least <strong>5-10 minutes warming up and cooling down</strong>.</p>\r\n<h3>2. <strong>Not Eating Enough Calories</strong></h3>\r\n<p>Building muscle requires a calorie surplus. Ensure you&rsquo;re eating enough to fuel workouts and recovery.</p>\r\n<h3>3. <strong>Neglecting Form</strong></h3>\r\n<p>Lifting heavy weights with poor form increases injury risk. Focus on proper technique before adding more weight.</p>\r\n<h3>4. <strong>Inconsistent Training</strong></h3>\r\n<p>Muscle growth takes time and consistency. Stick to your workout and nutrition plan for long-term results.</p>\r\n<h3>5. <strong>Over-Reliance on Supplements</strong></h3>\r\n<p>Supplements are helpful but should not replace whole foods. Prioritize a balanced diet first.</p>\r\n<h2>Conclusion</h2>\r\n<p>Building muscle requires dedication, consistency, and the right approach to training, nutrition, and recovery. By incorporating effective workouts, consuming nutrient-dense foods, and allowing proper rest, you&rsquo;ll set yourself up for success in achieving a stronger, healthier physique. Start implementing these tips today and watch your muscles grow!</p>', 'Muscle Building', '2025-03-12 18:07:40', 0, 'user');
INSERT INTO `blog` (`id`, `title`, `img`, `content`, `category`, `date`, `is_admin_post`, `username`) VALUES
(16, 'Delicious and Nutritious: Healthy Recipes for a Better Lifestyle', 0xffd8ffe000104a46494600010100000100010000ffdb0084000906071313121514131316161516181b18181818181a171d1b18181b1a18181b1d16181d28201a1a251e151d21312225292b2e2e2e1d203338332c37282d2e2b010a0a0a0e0d0e1b10101b2f2620262f352f2f2d322f2d302d302f2d2d2d35322f2f2b2d2d2d2f2f2e2f2d2d2b2d2f2d2f2d2d2d2d2d2d2d2d2d302f2d2d2d2d2dffc00011080081018503012200021101031101ffc4001c0000010501010100000000000000000000040002030506010708ffc4004110000201020403060403050802010500000102110003041221310541510613226171813291a1b1c1d1f0071423427233345282b2c2e1f162927315162453b3ffc4001a010002030101000000000000000000000000010203040506ffc40035110002010303010408050403000000000000010203112104123141132251f005323361718191b13472a1c1d142b2e1f1142335ffda000c03010002110311003f00d2b635442ac931af2005428a019267cbf5eb41dd24c46b4458b6cf0a9258ec07d7dbcea77113bdc93000fd73f4acfdce3571c335b6088a6134059c899624839469d36ada3703bca8495074d94c9af2a6bca9705bd9d5a32e5d58cc013d37d3ad63d5ce6a2b6f1d6c747414e33ddc6ec5af6b5baf23b8960b11df2c42f7be26910003a9b9e7f8fbd4973833625c397cb6ad140a84e5600c4083a9627781f6a13b45c58f79dd212cdb3103e158391147255046bccfa51fc22f060a5ae911223580224481a93223972ae73528a527cbebfc9d594e55939518dd24925e17eab87d31eef8d94278bdcc2381797c43668800f9ab0d0fe85697b0b88216e5fbb205c1e19065b2faebcea8b0fc533e2d4b3293b16b92e2769398ea79cf956e30caae3ba53987c62e25b36c230e6258861bc85f39dcd5ba78c63de5eb74ff00464f4b6aa49f64925749bb737f06cbac0b92a24788efe5e5eb462ac555f01e396d81b57bc2ea489e4d3ac83cd4ee2ad2c629186613973100c1e5fa8add4aadf9f97f9392e09a4e24913ed51e3f156ec5bef2f36551cb99e8341249e4009a36d282479fdabcc7b57c5ff79bf7ad860b918a21610a329f1c30f85f32820e9a112401e2ba72da82953def3c1a0c476f2d290a96834827e2b63413aea4f43a13260e9567c0bb4b87c568b36dcff2b693ccf323e4679c46b5e584db47b85546520a867cf1988856d486683b3193a9db9cf6c6562e1d6d10b99592d86119826990e62b9b505a340351bd67eda4b93576109aeedcf64320c46da53c2d05c1b15df61ecdd992ca413196729cb39797a51c056a4eeae626acecc8ee254739474a24ad0ef6c69d7a5311c3ac535c526311afbd70d0072ed25e54f75d26991a0a00615134c6bb1a914ae03bf306a26d680246c408d0d5730993530b5bd479093a6d4c44b6d205381d77dbf5bd71674a72249f9d004858cd49519a7e6a403f3f2a65a07eb48a126a7543b9a0676298d1529a6b83cbac0f7a006e41049200e64fcfdeaa6e768f04a729bf27691246ba6eaac37f3ace76f3895d776b091dcdb80c43a824e9f12f352597423533d04625910da63fc405b29532a5598133a800bb2863f0cf8a36822b3cab66c8d54f4e9add2783da30772d5e1366e0703cc1fa8e7e440a732eb5e49c1eeddb3716f87623249bbac0f146567339846994800b39d4189f5ce1b8f5c4d8b77d63c6208998606089f2208f6a953a9bb92bab4b6653ba38e6a06ffc8c79ff00cd16c834f953af61900ccec00fd7d68ab51c5615d9184373cf050768ad31c35e0ba928c34df6fcabccd789d96b40dc0a2e21d09d6740341113a6e0835eb3852acb2bf09248f49306b05dbbece616cafef08b170b8d27c3aee4aed3546a68f69153e1a4747d1f5a2a7d84e2a4a4d73d1f8996c4a626e5c5c45a5320b160db91a104f50431041fc6a5c7e29e51954c5c20472460a26d9e82208db43e46aeed631dd14db2880016c9d16436ac1807cc47562234037acde278d777732328c848042c088075102336c47a4573a0b762cb08ea4a73eda5536b493b36ed94dac2e98b63a7d4d4f07e2af66dadb5b53901265a19a492d1c89d66aef098e5baa2e2b1cadb7511b823a83591e2d8ccc6db9653984b3062aae17c22362a72ee04ebeb157fd8cc3e6b0d0334b960049310a34ffd7eb5bb4956727b5e51ced6d08766eb2495de3376f9bdefeff72f7972ee6211b53ac53b0aebf0b402c79febca86bf6dd1e0a95fea047d4ef41ddbb2403f2ade720d6704401ae7f97fdd4a82ecefc5739689feea54081785e0f3be41cc13f21d6b61d9fe156adcb2c92c4833ca09040f291f6a7715e131fc4b202dc1d3661cc1154dd95e32f88371490a6db90c0ee27631ea08f6aaa4deef71356b1af5dc8af2efda2f0f5b7894bd6adaf78e0f8c8da34622220c46bbebe75e8d7f882024318315e3bfb41ed11fded027892d215246a03390403eca3e754d76dc1a81ab490a6eac7b5e086cf0fb3985bb7fdab32a23cc2b0d0082ca09dc019fa11c84d29ece622ebbf7112ad0ca640d7988f4da8f6ed2016d42dab7de00a05c0a43f836e701bcc09ab4fd9adf76b975b918f9f4acda6dd39d9ac753ada8a72d35093735bafddb61dbc30f8f8f05b7617b16d6bc5748377488d960ce9e7237f2ad962fb3c8e0ce8d3f1292a67fc5e1224f9d15c37116f2669133a46e67979d17df3133034e535b64e16b33853bc9b72cb321c47b3ce32827be8fe560ab23a12047bfe3ad4bc36f2e15d6d91ddd97db36c8db9063411f2893e9a3e2d8eb68049009206bbeba50f8cc1a5e42971432b0dbec446c472343a2a51b223096c64b6b12a1f70429d483a41d3e95e71c670c2ce2eedb5b8f699ae824ba2942b26f16f0093a952041240dc90676d82e02962cb5b46621b525d8b1da0093c8011594e2fc46c31ee31a7ba75196ce2b296113216e01074d61ba13312733941ed5e289d39c773bf0ccb5ae2596eb9ca151c817132b91924434660c5b707c533a722287c617566f11ccc1438cc4ab34f854ea748524498f0ceb02b443b259c2bdabb84781a5d5c4489ff1f50e41dd632c6835344709fdd787ed757178a32025a62c833153e37da01598007bd53b1b66b8d5a508eee5f81b1e0ebdd5ab360e8e899dc0fe53709603da0e95697f181164ea740a36cc4e806bb19aa5e02970f7971c8ef582cb30d33788ec0ec011a74814459c0dc7756bad9f24c10a12499d401ae80c55ef75b6c7ebd3fd9cc949b772df0ee594122091a8df5ae149f2aed83a46fe4743f91fa54cc956ae01011c203ce95ab53a4ed4415d29a80cc9d01a6322c42473a62911b69445e5f3a15975a004ab350ddb5d28d448142bb6bfaf5a04088b4e0b966a6d26a1cb2c4f2da981d4d37e55c45f1687f0a842b026623946ff00f3455ab7e9400f7b27caa1161899fa51b70100fd35a8ed9d34d3ad218c443cf5f4a2535d29a933526603f5f80a40436b168ecc8ac3327c4368d279d4772f84863014104f981f6aabe3366e065ba9bac82b3ba36e0c0311b8df73d6a5bb7cddb7766d3a10ac43182184722a4f3e5fa14a9b4ed2f97bff008fdc8dcf33edc21b58fc40cbab49ccca0f858820a10a09619c0d0b72f601f1081733857bad36d4e650363e33e3cc6368cb12bcf4076b8dc3d8c585c3dd654c522e4b371c98b96f602663bd018813b83ee3258cecd630314bd6af80b21585b6610c41cb2b9a41ea09824924cc55338b52b9d8a53855a695f2b9cfd3a8b0b683d95c88b0c5d0bdc60a8b7002c3e1200d32c16e6d11b57a3f62edad9e1c9e3050bbdc0753e1d730d554c86241d37e677ac660fb305035cc53b61b0ab97f897545b76607e15b5f1336f94011aa9131076dc1b11df8052de4b0aa12d5b3c906d3ff0091dcfcb589ab69c5ddb663ad28ec493b9359c461b1281bbe20ee32b35b613e913eff005a0df85a4b17c6dcbc146608f9088f308aa4fd6a7bbd96c36a550db3ff0083301ffa495fa554f12e0d670ab9ad07379cc24b16258efbe806da0d36aad4250bca6eebf5213ab0db84692c5c52015032c08811cb4f2daa97b55c23f78b2c8343ba9f3f31d295ac4ae12c842ea5813e26d9449d485d7d174f5153e0b10b72196e3dc3b7c2caa7da328df6aba1514ac9f2511934efd4f16c5dbc6599b46cb000efcbd66262aff8270fc38b6b76f9cd99ca91394f282254ef98015e87daab04e1dc2af8b298f95793f05e34a99eddc0a4415965cc54eda10654d63d4d0db67158ea7a4d0ebaa56a73839f7f1b6ffaff00be4b3bd62ddc02d042d6d986583055b65ca239ceb3f17bd7ba767f855bc3585b68340049e64f535f3edded40fde2d300a02deb6cc40ca02215127a68b3e7a9afa1b098a42939b783f9453d329453dc73f5f4e1194527795bbd6ce7cf22e2fc385fb454ee7553fe13c8d60717c2dad019a0ebb8da65b4079eda8af40e238feed4bc1ca07213f4155587e1c7136c0746b6939b90258e6e467fc55a5cda9248c2a3dd6d99aece5b21aef984ff007d2ad4e0fb33ddb395b84868dc6d13cc7ad2abae545e3dd91a6b5e67c7bb378db788bb8ac3028cc67c0434ac090cbcc12276a24f69ee1dae3228d115146dc8b33cb1f5d27a568380768b3bf7770839be06db5ff09f3e94ae88a7e07956378f713b84a10aa4ff00384d63cb3122ad382766c0b456eeace6493aebccc9dc99add76b3870461742cab9cac3906dc18f3833e9559691a79c0d81fa8a718a43dcd9946fd9ea969ef0e5e83ed5b0e1fc1ade1ad84b63403ef4f5ba3411e2e7465b33134d2486db667f86f17b76aef7570286cd224c66e8403a135aec6f19b76ed1ba5921449398003d6b39da1ecbdac56e35dc72aa4e1fd857678bd79ee5b11e02c4831b120983bd532a592c53c64b3b7da8b58db8020252d90ccf9489236500f9ebed57f638a3fc5dc1641c8380deb1963da6b3bc55570f751115554269eb27527d8513c3f8eb46a7d46d3ca759ac95b51284b627648d54a84650dcf26af058fb7787809db55220a99e7cbe5a553710e1d67137195d15954c411209e7ede5425b3ddb1bc8f0667d46f94af311efa53bb3f880d90e69040236e7ad427aa94a2a2b9ea4a3a78c64dfd0a4ed5f60f0a155adda4b4644945034ea54687ef573c03b0f6ec6b32dfe261f855976b2e03664f4d4d1980e296efc9b4d2a0c1f5f2fa56ad3bcb899ebac26437f8530feceeb86034cde213e823e4081e54b86ddc529cb7ad8b9d1edb28f9a3958f69ab157a5de0abfb35d3065b05641bf3ae3bffd544eda44d2b5560ce1269bde8a7e208db9f4a018924651f3a002f38229800a1d10cebef5315228011bbad077560fbd12cba8fd0a1310c6751a7950045acebfae952a398d46a2a137208d41a9c09034a621c50113525b14c88d2997240a430acc37aef79ad571bb1133ebf2a2ac349de68009b4c498e7d3e94fc55c44003dc093b6a24fa6bad331377bbb723e263957d4ff00d1fb73aa8b78290598cb9dcb413ac0d7a687610072aa2ad6d985c938c2e58d8c561d8e54bab98ec1a013edb9f95563dec467645b1900fe66232b798827e80d4c3870204911a92079e9a4683d7d28be1d7086165a482254b19208e53cc189f2d6795571aae6d46581ca9f546738c7654de4860a081e1659f6107507d27dab336b85713b7712c2e32f5b46d8a39263c95b6f9d7a89b91551c417ff00cab67adb03d356247d69d67d9d3ee92a11529d9f0646f76040b82f5ec45fc432ebfc6b99fd7292047a56ef855845b6a53e12245378ebf86474f9d6770fc73f77c2dd300b078b4bca5c481e821988e9354e9aacbb470792eaf4e3d9a9ac171c7f8e5bc3aebab1d87e2648d04f2d6b178fed4a48bd708cc9b36628aa09d554642493a4ecc473acaf19e2d137af39624fbb37251c80fa01cb6158bc4e22ee21c1276d80f857d075ea7735b254d4b9311b0e23fb4a7576fdd532e6df7084f516c93f87bd676ef6971ce23be2abfe15000f96b52e0b8201f15592e0100daa51825c2028d78ae306bdfbfd3f2a8eee39d8cdeb36ee79e5c8dffbad680e197a0a82e60d6a4309ecfe3b02ca6d9436ee1040cc641274dff47caad78476db15801dcddb3dfda5d11a6085e409d430036358fc5f0e079515c0f8e1b2c2de2067b5b4b6b97dcf2fd7a42514d5869b46f319fb52c55c36dade182595746bb98e6774520b2a80005d079d7aaf07ed3e1f116d5ed382ac241dbe876f4af3b7b16ee59f06508c348d3e7f2ad5f62782d8c3e0ed850a73e6b8cda6a58963af96de515097756092cbc9aeb18b56d419a55e6dc0fb4cd7b138a16517b8436c5b720cbce7ccd33f0c8d3cb5e74a85bad90695ca6c449d4fe8febed44709ba4ba0104861cf620ccfad5be378210933c8c55570ac035bbea06ec7281e648fc01a9b4548f4ee3681ec19ea87db309fa135965520492001d7caaf3b5f886b587943a82065890db7bc8deb33651dbe283024b7c234d093ac0f14c40ebbc0a539a82bb2495d8760ec35c3e1531cd8e91faf9f95178bb1dda8260f5df43f31f6e54db1c4ada22adb7468d08920c9e406fb9e947589b8be358d6473d3423ee6b8957d233727083cfc306c8e9ecb7480edbc8dcfca7fe68bb3700de0743c8fbf5f2a57308b9885583025a74f4833cb5a131f6986550030690c23975d49ebf4ab287a42505ff77e9e7f914e826fb852f6cf87b30574d489d06e4562863ee480a249d008d67a475af52e1cd98b5b7d4aea09e6bb0f520e84fa75acd76cbbab449455cc8331f5685413d3524f9015b7514e9ce3bc8d0ad383da88b0c6de41de1846003666ca018048d4f59da0f9d0f770a70e270b70b20072ab43680cc660676d363ebad60cf17bc4e60e47fe5fcc7d27e11e9475be237c0cfde33e92558c98f5ae6f68d61ac79f3c9a2ede6e68578cb62895b80f7404dc27623a69a91e5cfdeb71c0f87335b5017b9b51e145f0b47fe446c7cab2987c4a0b71e1caee8da088f10dbff16194f91246db7a725c50b9946875fa695d184a2d5971d4a5df97cf429f1180b96a5ad3b346b92e12c081c813a83e95dc36245d019749d2235041820fb88ab617b3019b43ce0c7ac1f4aa3e0d1e3ca2145d681d069f8d5d49e70f055532b2b21ee7ca69a8f4f7fc69aab3a79d692923504c9dea5b2bcf6e54f29e742621a577d45001194ceda53e34d6a246caa091a1e55d2f9b69d6801b882009a1643684189d7f2a9cb72893504489f507de8010b215a66474f2e54afde032aebaec634f9f5aedb5ebbd305d07434013a2d27ff8a8ed36b3cbf2a2338e5bd004793c3143b181a1f3314fce7365e9bfbf2a960998a00330a33dbb6c75853ffb4c7e069f770ca48900fafa55170de28b61fb8bac151da6db1d831dd4f407979cf5ad2660346d3d7f03cea99c57526982261c0e51e5ca7c84c7e8545dd2f7a994499dc6b1127e51356263aefd0d67bb41c5d2c1080cdfb9a051ba21d0bb7431a01d7ca6a1b15d587b82ef5f4018b300ba993d3debcfeed9b987bddeda376eda1fc8c87c20eb2a624fa6be55b1e1b81ef5f3b789121501e4c273311b1de3dab42d87111a107afe550aadd4bc52c1753b42cdf2798716edc5836ffb45cc2444899d742a60cebb4552710b8fdc5b771973b3b90790840b23c9431f9d6a38bf656c0c7da76b608b92013c9c02c011cc40307d2b39fb67c60b5692ca082c23d14ee3e4b1fe6a7a6a6977ba8b5136fbbd0f33c5e24e26ecae8a3451d17f33b9ff008ad0e0306b6c79d03d99c142e63bd5cdc15ad19459e9a6bb9698d4c0e91d2a37a7ad71cd21839142637061949e5f6a3caf5f95755b969ad0049d8be306dbf70e743197a74dff005a7a57a27667b22975ee377d7d2d3487b56ee15472c35ccbb6def5e31c450dbb81c7233ebe5efb57d15fb3fe276ee612de522766f5ea7d743ef5097049167c2fb3587b208443ac7f31e531f7a55756d3d295416eb0dd8c1a6365353a79f2a3fb31c38bdd37d842a88b60f327e26fb01e94fc27666d4e672ee37f1111ee40d6a7e31da4b565725b219f611f0afcb73e42ac2958e417b538a06f2a8120466d7f9a4648d0c113f53d29f80b803f7675cc2469cd5b26fec7e758b1c519afa123c218312773aea7f5d4f535bdb78586cf3cc8d3a672dd37db4f2ac3af96da77668a0af2398ae1a0c321ca41906398db7df5a22f336a03434401bfa7a7fcd42f8d8cc48d0732748898037275daa7b500c0cc799fe689d749d7dabcd270bf75db3e7c0e8bdd6ef0cc3dc56505598723ea3799d27eb525bc420805e5ba419f90a666b6742ebbc8131b4f2e550b58f18720cf9440d397eb9d2ed1c2cedf7fe6dfc8b6a7c82f112d6f116ee400a58ae9d180dfa1913f2acc76b700f76f5d411fc555649312ca00cb3b6ea07f9aafb11c66db8ee8230632416880c9a833a9fa75d6aaf8db336808cc9b6c49396640e841f7db498af43a652ada7caf79866d42a188c0f042747054a9ca41d39c6dd6a4c7f0b2af16e08d8ffd56a1fb476b45c5da0af1f1312a7d2641e7b1631d05098eed461114f74aacdcb278ccf2d751bff889ae54a35555b3bfc2cfcfccd6a4b6dff72bdf0ee40b4a3e0b46473920051eb942935a2ecd76b14a7737c34af29ca6479f49a0bb31e3b81ee100905a09d87393d7ccf5ab7ed0f652ddd1980cac398e9ca7ad772950eef3deea64edb2d741dc47b5762d5b260ab6a0677cc75e8048ab1ec73b1b019c41625b5f3f2ac9e17b076d1b33b968d751a47de6b59c32cca85cec34d00d239f2d7e753baa39965b25675711c22e9d849e839542ac24ef50e25efa0d96e01b68030f2057f106a7e1b884b8246e095239ab6f07e75753ad19e3a954e938e7a0cb97a4e8b49416e5cea5187d77fd72a985b89ea759ab4a880b4fe55125c9244fe1f8576f983a545618169e503de8184ac011bd32edbf3ae5f78eb49976a008f24fa7de9ffbb81aebe94ae032237fa7a525bc1bf23d4500444903a8e5ff0075cb406f1ad2c50f09d74fbd4769a232f95004f7002663d74a6f7c361235e5f2a2ad2fcaa1b960c7e84cd00537687878bd6c8079749acb61b8cf10c1ae44b85d06caeb9c01d35d401d018af434c2ca191fae5425fc129e549818db9dace217442e5b73f11b56c29ffd8c9f9515c178615259fc4cc6598c924fa9d49d6ad315846b0c1ed856b6dba34883d55e0c4f43a7a54d87c4e79254afa958f3d54906a9738c7d6c7dbea1709ecb6341474582c2e1d39982660cd1f6717fc432ae09d0c82069e674d3f3eb5e51c6788deb388636466424931b0e5208f4fa5477bb6d897b7dd2778c0ee0ebaedbef58f2f857f03646516af737bc738ba5dc658b4b0ddd9672cbcbc246bee7ef5e4ffb5cc51b98d51c80d3e4a3ee0fceb77d97e1b72d82f70ff11f56f21d3dabce7f688b18a53fd43ea0ff00bab7528b51cf267a924de3809e1c2100a9d9a86c3378454c5aae2a166ae93519a72d218d34829dff005d6a451f2a4e60447b7d29003b9e7cea20759a9dd6a165d69801f6853c33577d8eed4b60d6db105ad300180e590b2cc7391f6aabed288b63ceac3b23c385db015ba48f777fcc5464871793d97b2ddb2c3e2958a5c1e1890742266343aff2d76b1fd8aecf772f7e366eefe9de7e74aa29126cc6dfc6301965a3a4c08f4a2f078921405df9d1f88e160de5001f109f913f4fc855f709eca672aaf7510dc0591776217530b209f6da894947922a2df05159463a999e9e5fa8ade705e26d903483a0cc0eb0c0403a6a33011ea075aa7e2bc3861d8dbf8880083b68646dd641aa0b58abb65cbaec3756d4153b823a1a855a71ab0b0e2dc59e9f87b86edb0c542923552337a4f5a7966927300b30740234047a9d6b2382ed6ade812969a763a1e7395a60efce36dab578528c0490c0c1d6343c8c75debcbd7d25583ef279f078f3e7e1d08548b581c2c5bcd9a24b4eb1333435ce2a40f0db3935d49826049d3928e7342e378d7725cb32c03a33c2ede7a12279eb580ed2f6d4b294b3a93a16d8797a81d36e7aed5a74fa09ca576acbaf8f964275a2b1cb3456dc5c6765b89de44c02730492db6e0b40ebe176f5a7636fab5b3b73248dc69d7acd60780e2e18e623c5f1c824993264cf515a4b7c6ad0205bb79caf51a4faee6bbfba9d18779d919a969ead695a9abb2bf8f70a171822800db58e9e23e27d7999397fca289ecef63b30972c35d840fad1b815ef6e6d0db907ebafa9adaf0fb79636dbe6688aa7556e59235694e94b64d5995dc078559b778840172ea7592c76127a0998ea579d5f05ef7f8658a02092cb00c291a49062677de26237aa1e18166eab4865bad30608932a47a86f7d795198dc4b5bcb7273843d32b4441cd061b7d4002a349350c2f3e705510aed0612e5b4b6d66cb3ac64b8b25ee286101e4b1ce54ee3524199d2b3fc1b891292c06f1e1323a4791066acf8b76970eb857b7df35c3714a864750e7bc244291195806d34d206b59fb5d86bec45cb38936d984dc42254b6b23310c0c180604efa8aa351153497536509ec6fc0d30c5e8353d601dc749140701c629bb702f854959d7982c4cfcc56571c9c416f1b0f964445c50469d7563d6b55d96e1dddaf8b533249d64f5a969b4ee2f730af5d496d46995f9f2a7dcb9024d0f860469a472aee2ef469f8fe42b718c197591d7e9ef5d48530778eb4db78b53ac11cbd4d39779d23f19ff8a063edb6f3ca9d98e8629aa835dbfe688914010dd6da86bc60c813d473f5f3a266a2b8c3aeb401cd1d74a1916249dbf1a226353efa7d4547fbc23030c3d23a5001383b9a1e66a77b9d37a030f79246533f5fa89a32e346b4011ddbf11d298a6763350e4912677dbfe2baac14488df493cf68fad26ec0371d780562c7c2a093fe5927ed43706e0b6d952e5e8372ea97b76f5ca044c448ce40613263ef41f17c2d946cb89c6126eaff0065de0b41831610a9cccc0f8a74f59030fdb5b288d6aedc9b96f4b672120e5510c1946b9a0cea37236ac939ef92c705bd95b2c3789dab16f18aca01b3794af820a8b8ae54891a033a44ee4f4d0fc2707b339822800ed1596c27166bcdde0b6a322c2db1096d6752cc4885049e93afb51adc7595a3f7cc2a37ff00afbb263c8b35f524f9e51e94a15631ba63ecdf4364f656340368dabc3bf69f82f13301f0306ff2b784fc8c57aa61bb4bae4bc804e8b75096424e803480509d84ca93a669ac97ed0b0e266254c861d55b7f7d6b4c66a4ae8adc5ae4c170abb2828b354b849b370db63a6ea7aa9f84fb8ab999ab1103b34f41ad30354b9e4503133447ebe75131fd7daba4570d203934db4b9980a6bb5176945b42eded4d2029bb4d764aa0d4d6c3b1f6fbb812341944ec4a8009fa1ac45825ee35d3fca7c23abff2fcbe2f61d6b79c0ecff06dc1892419f224ea7db7a4c11baecd383de411fcbb7f9a9509d9511de73d13fdd4a90cae9518cb2a5b2e6f0c98f0e8faac982758120ea47a56b78adeb6b6c86b9fc329949cd0c50091372258c8f2f8b5d6bcefb4769eeb85120418d4ccac6fcb9d5761b83625c0b77afb9b43f973188e9e754d5a4e6ee99384d259369c1b06f8c5b97def3b2b822dbc28f0abbea547d846817ad641b12ae8c41267e124152479a9d57d0d6dfb13c42d85187ca41b3a83ca093cfd08f506b31fb405b498a436c0ef2f663708e7963292078644c4efa795554a728cf632c9c535b8c95e196959c79b7f0b11e8488f954b8e42c3c84fdea96f2308d373cab532a8abb08c4e2b59249f79fbd40a0cfcaa45e137586608ccb312012b276d68ce1d827cc0c4000e84804fa03a93d2b3cab4527635ff00c59c733c2f9785ff005e82b570c3188f33a569fb218f54652850b2c686184c6c62a7e136ec1b177bd539f2ff000c910734eb22b3d79af25d4166de6516c333468209d4b6c235df5deb9756a4b538eab2acfcf81dba50a7a54a51f5256bdfdeae9afad99a7c762196f2b9804b8db6f11d440e55b5b7c42c4019d037af5fa5792f0fc6bdfbead70828a340330d4edb81a6ff00f15b5c4ad8387996efa76e51eb50a7a99e92f4ecbc72ff0045ef2cd4e9a8eb76cd378eee17defd0d6ddc0a97cf04665868d8c6d3237127d8d4f7b060a95e47f51549d8ce205edb5a733908ca752729d63da2b46489f4aeed0a8aa53535d4f31a9a0e8559537d0c97ff006e59562c137d3d349a83b33808c477af7ee66b608c80cc839949604e8b9726a37209e75adbd6b97227caa8b1bc0ad5f796911bc122473060eb529c3715c6561dc3313dfdc7731a98046c42f3079835676d48d0089e551d85c802a88034022a6b6c06ba93528ab2b116ef92c7288fce87bacb3008f63492f96e5ce35fd79d478961c809f4e54c43addc512a40f5fd7a50f6182b15cc21b512759e7435e9ca4893d358a192ef884ea794fa902281968d786a244edeff00854976f42d53393b91ff0075d7c41ca01d637a00b0c3622695f3ae9bf2f7aaeb17fc523a7eb4a75cc5ebd4797e5ce800fef72ac99d0533098750335c89f29d27946b55f89c4661bb083cb49ae5ac416304fdf5e5ca9016366c81b6c769fafa558289e67f0aaab0f30189f63147290b1bea74d49a008f1573298f2aace217185a62be220edbc9d0f3f4ab1bd755f63b6dd267fe285b8d232b09a1e466538d36131296ee48188015251b33c80c183596d04162c1ba853a8d2ac178359b76466552c12141d842c7af2f5ab1b7c32cab8bab6d41d8fde77a7e2866598044447aff00dd55186d2729391e65c5f1ef6ada5b52431199d87f88aab3111b345c551d0668d4cd515aba72f203f3ad8f693805dcea72c9306441046554224693fc307dfca814ecef8658199db9fcbdab8b52bc21891ba306f82bb8571175616c99b773c254ea276f604183ef5e85690dec309ccd032c912489852d037cb04f9cd62f0dc11bbe0596153c4644743b9ebd3c8f957a2765ef2ad801f499fa935b3455149e38b14d78d91e55da0e1815cdb3e183fc363b03be53e5f6aafc2e24a9c9706561c8feb5af51edce1ecbae4105db50239753f2ac262b80ba2439370012b221c0e8afcc791115aa7aba509ec94b24a9fa3b51569f6908e3eff0206da46d4ccd40e173ef69c5c0397c2c3c8a1d7e5457ff00500347420f4223ef5a6e61b12f7b5d505b6151af15b43f9452ff00eaeeda5a427d07ea29806ad85b6335c3af4aa6c6e29afb100e5b6bf131d80fc4f41cfe74b10a77bcff00e452189f7d557eb519c491005a803e100e9ebb6adb6a4d27241609b4a0010085510abb9d4fd5d8feb4af4cc0f66f1162d21b80650a0b00660efa88d37d626bcfbb3cae2fd9c45c12b6eeaf863493a0f9120ebd2bd82de15aed802e5dbb74b230930a346cc0a85d9c37c2d3303f9b5acd56b384922ea74f721bd9cb47c67ae5e7fd55ca238602b76fa15cb94ac09cda104ef1e74aaf8c9495cae4acec637bc9bcba4310da48d236d239c9f955b9d8693e42aa861dc5e56e4279e80fa1fbd198dd1649e598fb6b5322b250f1ee19759f3e1dca3eda18903ef42603823a9372fb937329d5f581e5d2ac6da5dc425dba4e5b769416d634d86da927a50f88c5ba58304140218b19255f511cc9f5e55816ae0e585f3f13a953d1f2a4a319cd5dbe3c317fafeed0259b0eeb9920898d4733b7bf9557f10b4ea5038dc939a2018e5af3fcaaff0082e343d8169b2853715f3904e575d27c3ac4545c470dfc236ad96b9949cb943053a6e67a661f16f06b1ad44e574dfc8e956d3c74f5a1682514fd6bfbbabf3f241185c2f788856e05442a190b40527c3982b6a75892a0c6a6a938ca85c438c2a1673e1ccb9888d8919b549ea67da6959bd730d6d4dd1de31d45bb601da7e2b876d46c24d2e17c52e5f0e1ed84b4c632ac8223993fcc35d473a5de8abbb5915284655252a2a4f72c37c2cdde3fabe1d43f13c76c59255df3c9248b6a6403ac336da13fcb0688e1e672dcbafde5b2c028b44aaa83b0558d08d26448a2b1386c3359cab87ca469de0790ed124058d4c6ba6c3d4554f0b08585b03294e8cc24446bc9bd08acf27171764d79f91a214e6e0a545efb6336b2f7ab376c787859f42d3b59c33204b96eeb9575cc92d10418871ce08a76078aa9b603801aa5e22a99402db6dae956fc1b805b601986bbedd75fc6afd269bb757a8ac97962d6ea5691254edb9f38f0e1e2d9f7f52d3b1f8550a495df59f5ad15f411e11cb7a8ad32da5802936273311ca35aedc20a11518f08f3556a4aa4dce5cb067520399d9491ec2a17736c86862240622204ed3acfca77a5c4af31421377f0a8fea107d00127d0555f11e2d6d49432482350a60e5f3e75555a8d5f6f9e4a5b2e55a5a46c6a7368158075e67feab3f86e25de4655623ac3447327940ab1b17e275d234d276faf3ab29cf72b8d3b93de91940da79d719e6351e5f9540c5b5f5913e5e5ef42e63de6520c6fcf4e5a0fd72a98c2260900c0f4e7f950eaa0bee499f4d3d37a31b2983edd3d24d770406733a37e02818f7c198f5fa4d57e3cc2c08d77abbcc63ceaaef580258e9a6da7ea6802bec2ccc988ebf8511630b3b6be5d687b0a1d490448f6fa1da8ce1c0a93480171b8780013049327edf953ec342e6804f91dfad1d8d19d4ce87acc47bd575bb52ba68369eba72f3a0022de83af5f4e93443e20caf2d74141e32e04d41f08e5e9e5fae75cb378e84c93a9240e7c81a061e9664ebb573116b283a4eba7bd32ce28e52481b758f4f4e5f3a02ff10ca4066df589d74fd1d6a33928abb13c07ae254654054bb0f84e9e5515d7255d422c2ef1235236dfcc505631c999cce8c234ebcbcb6a7fef2d9ee244e7cae27495ca17ee959e35b73f9ff3fe04a456d8e21958064227513a89d749fe59356d6fb4b870b2d6f9690676e51a47caaa31cb1e28d4448e9e7af901408b2ac75113afe7155d6d1d3a92bc97eff734c6ab4ac778c7197be72a22db4f913eadd2a7e19c4ed42f898c0d7c3a69a69ce2abf8f6082aaaff0088eb1d00983f4a3b875cb2961d5ad9370c646ff0d64af5d699ec8597c7ec76347a18d7a5da4eef36495bea55fef7de62aef5cde19e4a008f6d2a4ed2f1a248ef5c130068361af203c8fd6b37c75eeade172d079020e542d277de7481f714cb23166f06b96c9b451ce683c94fc408051b7d186bca77ac8e93aafb46f0f2d5ce956d652a2bb387af15b55d63a5f3f0fd4ad6e059c96492c493224093d260d305bc65bd03b100ec61bfd55be5c55b5c1a2aa78c12c5a24911a01557618a5cce467942196466d7512a751a899ad7a7d649cecf830ebb47463dd575377776f0ecfe99e86512fe27fc31fe5028cb385c45d1a9631cbcbd056bc1c4b297187b6c89ab0553e1044ead263acc74ab0e0ac971188211660ed21ba7daba14ebc2a622ce56a343568477492b71869d9f8332bc27b2865bbcd20fcb5e62ae93801bb716de1d79c1bad97226860b2992c49d3281079c0106ff001251402049234275da82c2f68d30788637c90b71544e5d9973c8246c0c88f4f3a955ba83da65824e59349dace148d8564223bb5ca32808a58e5d428d86e07a9ac0dbed862b0a9dc9b2a596156e44923412620e6ca0099e9a559719ed50c55e54b1709b5a6619749cc0ce7275d8081b6b333a3b196030032ea399d6a9a34af17b9752739d9e0b9ec17107c40bd76e7c4ccba7203c4001e502954fd8c3945c111f07fbab95ad2b2b2296eecaf7f8dbd6a0e2dfd85eff00e37ff4d2a54e7eab2743dac7e2bee01c03fbb627fa17fd4280c47f637bd07fa16952ae053f55fc3f767a6f487e2e97e7fda255f65be13fae5574ff00ddae7a9ae52a9cfd6f991f4b7a94ff0032fdc1381ff751fd4dfeda930ff1a7f48ff757295417b597c896b3f092f8cfeecb2e0dfd80fe9bff00eb35986fef0b4a955b4bdbbf994e9bff00357c63fdc8b3c47f6c9ef5e9bc3be01fd3f852a55d6d3fb3471b5dede4585df87d87d850b6fe06f7fbd2a5571881f9b7f49fb8a8f11cbd2bb4aa8a1fd5f998911e1363e8df75a9707f1fb9a54aad8f2c10ff00e65fd74a81ff00b41fd26b94aa4319d3fa8fd85580fedbf5e75da540071f8fda85c57e3fedaed2a00a8c07c577d47e14626fed4a95031b8efeccfeb9d0b6be14f535da5498c831bb1ff37dcd4b83f847a8fc2952a404788f8c7f47fb8505c57e06f5ff006b52a5509f0c4f83223e3f97e35b4c36d63fa2e7dd6952a854e9f1412e0ededaefad5761fe24fe9fc6952ab491ced0eebe95d1f0fb52a55e7fd2bed3e47a9f44fe1d7c7f831980fef577d0fe153f67ff00bcdcfe935da544fd5f919dfb0d57e67fdc1d6ffbb2fa1aaae37fde2cfa1fff00abd2a551a1eb4cdd5ff190fcafee69bb3ff1623ff88ffa4555f06deefa8ff4bd2a557e8bdaf9f03256fc0cfe5fdccd261be01598edbfc07d4fd8576957699e74acec772f51f7ad9623e2f71f715da542132efb35b37a2fdde952a552227fffd9, '<p data-pm-slice=\"1 1 []\">Eating healthy doesn&rsquo;t have to be boring or complicated. With the right ingredients and a little creativity, you can enjoy delicious meals that are both nourishing and satisfying. Whether you\'re looking for a quick breakfast, a wholesome lunch, or a light dinner, here are some easy and healthy recipes that will keep you energized throughout the day.</p>\r\n<h2>1. Energizing Breakfast: Avocado Toast with Poached Egg</h2>\r\n<h3>Ingredients:</h3>\r\n<ul data-spread=\"false\">\r\n<li>\r\n<p>1 slice of whole-grain bread</p>\r\n</li>\r\n<li>\r\n<p>&frac12; ripe avocado</p>\r\n</li>\r\n<li>\r\n<p>1 egg</p>\r\n</li>\r\n<li>\r\n<p>Salt and pepper to taste</p>\r\n</li>\r\n<li>\r\n<p>Red pepper flakes (optional)</p>\r\n</li>\r\n<li>\r\n<p>A squeeze of lemon juice</p>\r\n</li>\r\n</ul>\r\n<h3>Instructions:</h3>\r\n<ol start=\"1\" data-spread=\"false\">\r\n<li>\r\n<p>Toast the whole-grain bread until golden brown.</p>\r\n</li>\r\n<li>\r\n<p>Mash the avocado with a fork, adding a pinch of salt, pepper, and lemon juice.</p>\r\n</li>\r\n<li>\r\n<p>Poach the egg by simmering water in a pot and gently dropping the egg in.</p>\r\n</li>\r\n<li>\r\n<p>Spread the avocado mash on the toast and place the poached egg on top.</p>\r\n</li>\r\n<li>\r\n<p>Sprinkle with red pepper flakes for a little spice and enjoy!</p>\r\n</li>\r\n</ol>\r\n<p><strong>Why it&rsquo;s healthy:</strong> This meal is packed with healthy fats, fiber, and protein, making it a great way to start the day.</p>\r\n<h2>2. Wholesome Snack: Greek Yogurt and Berry Parfait</h2>\r\n<h3>Ingredients:</h3>\r\n<ul data-spread=\"false\">\r\n<li>\r\n<p>1 cup Greek yogurt (unsweetened)</p>\r\n</li>\r\n<li>\r\n<p>&frac12; cup mixed berries (strawberries, blueberries, raspberries)</p>\r\n</li>\r\n<li>\r\n<p>&frac14; cup granola</p>\r\n</li>\r\n<li>\r\n<p>1 teaspoon honey (optional)</p>\r\n</li>\r\n<li>\r\n<p>1 tablespoon chia seeds</p>\r\n</li>\r\n</ul>\r\n<h3>Instructions:</h3>\r\n<ol start=\"1\" data-spread=\"false\">\r\n<li>\r\n<p>Layer half the Greek yogurt in a glass or bowl.</p>\r\n</li>\r\n<li>\r\n<p>Add a layer of mixed berries and a sprinkle of granola.</p>\r\n</li>\r\n<li>\r\n<p>Repeat with the remaining yogurt and top with more berries and chia seeds.</p>\r\n</li>\r\n<li>\r\n<p>Drizzle with honey if you prefer extra sweetness.</p>\r\n</li>\r\n<li>\r\n<p>Serve immediately or refrigerate for later.</p>\r\n</li>\r\n</ol>\r\n<p><strong>Why it&rsquo;s healthy:</strong> Greek yogurt provides protein and probiotics, while berries are rich in antioxidants and fiber. Chia seeds add omega-3 fatty acids for heart health.</p>\r\n<h2>3. Satisfying Lunch: Quinoa and Chickpea Salad</h2>\r\n<h3>Ingredients:</h3>\r\n<ul data-spread=\"false\">\r\n<li>\r\n<p>1 cup cooked quinoa</p>\r\n</li>\r\n<li>\r\n<p>1 cup canned chickpeas, drained and rinsed</p>\r\n</li>\r\n<li>\r\n<p>&frac12; cucumber, diced</p>\r\n</li>\r\n<li>\r\n<p>&frac12; bell pepper, chopped</p>\r\n</li>\r\n<li>\r\n<p>&frac14; cup red onion, finely chopped</p>\r\n</li>\r\n<li>\r\n<p>&frac14; cup feta cheese (optional)</p>\r\n</li>\r\n<li>\r\n<p>2 tablespoons olive oil</p>\r\n</li>\r\n<li>\r\n<p>1 tablespoon lemon juice</p>\r\n</li>\r\n<li>\r\n<p>&frac12; teaspoon cumin</p>\r\n</li>\r\n<li>\r\n<p>Salt and pepper to taste</p>\r\n</li>\r\n<li>\r\n<p>Fresh parsley for garnish</p>\r\n</li>\r\n</ul>\r\n<h3>Instructions:</h3>\r\n<ol start=\"1\" data-spread=\"false\">\r\n<li>\r\n<p>In a large bowl, combine quinoa, chickpeas, cucumber, bell pepper, red onion, and feta cheese.</p>\r\n</li>\r\n<li>\r\n<p>In a small bowl, whisk together olive oil, lemon juice, cumin, salt, and pepper.</p>\r\n</li>\r\n<li>\r\n<p>Pour the dressing over the salad and toss to combine.</p>\r\n</li>\r\n<li>\r\n<p>Garnish with fresh parsley and serve chilled.</p>\r\n</li>\r\n</ol>\r\n<p><strong>Why it&rsquo;s healthy:</strong> Quinoa is a complete protein, chickpeas provide fiber, and vegetables offer essential vitamins and minerals, making this a balanced and filling meal.</p>\r\n<h2>4. Refreshing Smoothie: Green Detox Smoothie</h2>\r\n<h3>Ingredients:</h3>\r\n<ul data-spread=\"false\">\r\n<li>\r\n<p>1 cup spinach</p>\r\n</li>\r\n<li>\r\n<p>&frac12; banana</p>\r\n</li>\r\n<li>\r\n<p>&frac12; green apple, chopped</p>\r\n</li>\r\n<li>\r\n<p>&frac12; cucumber</p>\r\n</li>\r\n<li>\r\n<p>1 cup unsweetened almond milk</p>\r\n</li>\r\n<li>\r\n<p>1 tablespoon flaxseeds</p>\r\n</li>\r\n<li>\r\n<p>Ice cubes (optional)</p>\r\n</li>\r\n</ul>\r\n<h3>Instructions:</h3>\r\n<ol start=\"1\" data-spread=\"false\">\r\n<li>\r\n<p>Blend all ingredients in a blender until smooth.</p>\r\n</li>\r\n<li>\r\n<p>Pour into a glass and enjoy immediately.</p>\r\n</li>\r\n</ol>\r\n<p><strong>Why it&rsquo;s healthy:</strong> This smoothie is loaded with fiber, vitamins, and antioxidants that support digestion and detoxification.</p>\r\n<h2>5. Light Dinner: Baked Salmon with Roasted Vegetables</h2>\r\n<h3>Ingredients:</h3>\r\n<ul data-spread=\"false\">\r\n<li>\r\n<p>1 salmon fillet</p>\r\n</li>\r\n<li>\r\n<p>1 tablespoon olive oil</p>\r\n</li>\r\n<li>\r\n<p>1 teaspoon lemon juice</p>\r\n</li>\r\n<li>\r\n<p>&frac12; teaspoon garlic powder</p>\r\n</li>\r\n<li>\r\n<p>Salt and pepper to taste</p>\r\n</li>\r\n<li>\r\n<p>&frac12; cup cherry tomatoes</p>\r\n</li>\r\n<li>\r\n<p>&frac12; zucchini, sliced</p>\r\n</li>\r\n<li>\r\n<p>&frac12; bell pepper, sliced</p>\r\n</li>\r\n</ul>\r\n<h3>Instructions:</h3>\r\n<ol start=\"1\" data-spread=\"false\">\r\n<li>\r\n<p>Preheat oven to 375&deg;F (190&deg;C).</p>\r\n</li>\r\n<li>\r\n<p>Place salmon fillet on a baking sheet lined with parchment paper.</p>\r\n</li>\r\n<li>\r\n<p>Drizzle with olive oil, lemon juice, and sprinkle with garlic powder, salt, and pepper.</p>\r\n</li>\r\n<li>\r\n<p>Arrange cherry tomatoes, zucchini, and bell pepper around the salmon.</p>\r\n</li>\r\n<li>\r\n<p>Bake for 15-20 minutes until the salmon is cooked through and vegetables are tender.</p>\r\n</li>\r\n<li>\r\n<p>Serve warm and enjoy!</p>\r\n</li>\r\n</ol>\r\n<p><strong>Why it&rsquo;s healthy:</strong> Salmon is rich in omega-3 fatty acids, while roasted vegetables provide fiber and essential nutrients for a well-rounded meal.</p>\r\n<h2>Conclusion</h2>\r\n<p>Eating healthy doesn&rsquo;t have to be complicated or bland. These simple and nutritious recipes prove that you can enjoy flavorful meals while nourishing your body. Try incorporating them into your routine and experience the benefits of wholesome eating!</p>', 'Healthy Recipes', '2025-03-12 18:27:20', 1, 'admin1'),
(18, 'The Importance of Mental Health: Tips for a Balanced Mind', 0xffd8ffe000104a46494600010100000100010000ffdb00840009060713121212111211161515171517171816151719171618171715181818181817181f2820181d271d151622312125292b2e2f2e1a1f3338332c37282d2e2b010a0a0a0e0d0e1b10101a2d251f25302d2d2d2f2f2d2d2d2d2d2d2d352d2d2f2d2d2d2d2d2f2d2b2d2d352d2d2b2d2d2d2d2f2d2d2d2d2d2d2d2d2d2d2d2d2d2dffc00011080086017703012200021101031101ffc4001b00010002030101000000000000000000000004050203060107ffc4003c1000010302040306030507040300000000010002110321041231410551611322327181910652a1234262b1c114155382d1e1f0243392f11643a2ffc400190101000301010000000000000000000000000102030405ffc400221101010002020202020300000000000000000102110321123104411351142261ffda000c03010002110311003f00fb8a2220222202222022220222202222022220222202222022220222202222022220222202222022f1ee00124c01724e802ae6f117bef4a8173767bdc29877568bba3a90105922ae2ec4bac1b4a97e22e7553e8d019ef993b4c4b3c54e9d51ce9934ddff0007c8ff00e910b1455c38cd216a87b277cb57ba7d0e8efe52548c2e3a9d49ecea35d1a806e3cc6a11292888808b0ab59adbb9c079903f3598280888808888088880888808888088880888808888088880888808888088880888808888088880888808a2e331eca519dd73b0b95e60b8832a921a4c8e62111b9e92d1111222220afe3e7fd3d41f300d27907b8349f6254fd144e2589a6d6e4a8336705a298199cfb5c06f2bdce815263f883e8618f6b62c6ba039c0b9c24f66d711ab8f74189bacf9793c31da71c7cae9678fe394a9789ed1c8b9c1a0f94eaabdbf11bdddea741ef69b8700d682398ed1ed247588557468d134aa173ef1f6b51c0b5f204c90e12d02c43622216581ed1ac865225b2e74d470a6e399c5c618d690d124c030bcecbe4f25fb754e2c57147e25a44e5ab14dc225b5086b84e861c608ead242b1ab87a55c0758fcaf69870f270b85c960708d73cd49167bc96b980540f7082d7ba4e6001b08d32dc8017b5315fb3d5cf429ba039adaad6e50c717c6519491df9734c81a1b9e5a71fcab2eaf6a65c335b8e8aae29f868ed5c6a53360f801ed76c1f1620e81c00bc4eb2a263f1ce71a555848669d03a6e1de90a5fed94b1545ec8327b8ea6443daed6e0e9b19d37557c2dd504d07510f2db3c1eba3813683120f4e8bd19659b8e4cf72e93c611988aa5fda822ddc1a8036becaf146c36069d3bb1801e7a9f72a4a264d08888b08888088880888808888088880888808888088880888808888088880888808888088880a3e3ebf674dcf024816f3d1485aebd20f6b9a74208f742b8aab50b89738c93a95ed0aee61ccd7107a2c5ed209075060f985aead50d05ce2001b952e5dba3c271d6860ed24bb781ecb6feffa5c9fec3faae15dc5f3122932637712d1e9624fe4b0c3f192e8269900989eba6c4c7a8f62ade34fcefa3e0f8953a861a6fc8d8ff7522bd60c6b9eed1a0b8f9012570987c4075da4823dc2bfc463bb4c1d792338a6e0473b18f755d36c393c961c270c63b6a9feed400bbf0b756d36f203ea64eeaafe2ac249a751cdcd4813da082603a9bd998817819ae76049d9748bc2b2e4e399cd56d8e5e376e06be1dafcd49b548690c7baa9766713ad36b4dac32824f96e6461c2c43dcea4c6bec5b2c02935d0ebb8e6739d50c88cc7aeb2a5e35953b57550012e003d8eeef8660b4c5880620d8dae22f5a43d930da94d925d7a6da9964c9ca69d4989937063cacb9afc3bad6cfe54dfa6ec7631e2acb1bd93e036a39c5a69906ec6e61203ee60ba05e0cc859b583b5a6f1da3ea666822ad26c86eeeced600dca09208711b6ebde158e0699fb27bdae92e7f71e5d3625ec6999d06500c081016ec0e2d81dd8492c3e00f0e6b9b33f66e0f00c58e53c811b09e3cf1b85b8ebd3ab1b329bdb6e0b883062693d8e24bf335d2d700ea794b816c887005a2089f11e6ba1e334e1a310cf1d219a47dea7abd87982d063a80573189c08a629bc3dee2c7d36b331072b5cf6b1cd1004cb4c49936d575589af930cf791396938c73869b2ebf879eff00afd32e6c7ed3dae9008d0af568c0d12ca74d84c96b1ad27c9a07e8b7aee602f25785e2266cbca62d2753751b19a2229044440444404444044440444404444045ab1357235ce826068224f4ba8ede22d2621da08b1926f2d0359117f5e4504d45a28e2d8e8ca75da083e10eb83a588f70b1a78c69764fbd7b740e73667f94a092888808888088880888808888302e83d0fd0acd68c4cc40de7adf659b1f633a8d5565ef49737f123d82a5841025c7aedeb1f985c4f12c43de4384435f0d6f3201b99b5af6e9ae8aef8b562e971d5ce93f9ae74b5ad2f71bba4c36d79d36922d3ca64adb18e0e5cb75e0aad7b9d0d331a08ef1f98998205b7dfc962299221f24668ca0dc10d9893620ed1a5bd2560f08ea81a011f749deee2049222e4ba0011bde02e9e8702a4c89738eba9005f5b0113d75eaad72915c70b5cf61eb76790b8dec0c5c926d006e4abae1999d558eabdca7984b01926f233916804039472d4a8bc5b0eca7de6789ae059aba5d07bb03982e1d3d14ca5a0cc234902fe71cd532bb6984b8bbc45a706f69634b49708104dcdb9f55b951d8c5cc07500f9854dc6301a39acb190e007e83d55dad58aab958e70130115ca4b1c1e128398e316ab4da016ba40ad4cd98e3c8c0f15e0822e0ac3101f59f351858d0d736246625c5a4416e905a083acc68ac9e1cfae6a1f932cf32e7027c80ca3dcacf1b5bb271618263cc5fa73f359f2fc59c99796f554c3e45c31d7d2ba8601c5cd352a17069900b4024c44b88f11b9d80dd4be25fecd600c7d9bfa7dd2a0d1aeece2e4c9d2549adf6af34ff00f5b08cff0089d6219e42c4fa0e6b5e3e09c5351965cd791d2f0be245f0d7ea458f3b687aab2aad9046922172c0eeaf7018ced1b949878faf50a73c7a6bc79efaad9429493200008b0d240d7fce4a5ac58d810b259e38f8c6d68888ac8111101111011110145e298d1428d4ace048634b881a9004da54a559f1361dd530988a6c69739d49c1a06a491617414d57e3ba22950abd9543dab9ed0deee66e470692ebc7de1eeb755f8bbed6b52a783c455349f95c6986913efd172988f85b13f6d149c406d034c4b7c4f7517568bedd9195bf15c1eb37158aaaec055ae1d57353732b7642019d01ef4db5528750ef8ba907e2e9963b361dae7116ef86f8b25f6b6b1aa898bf8e1b4fb327095c8a8da658e0d195c6a303c3419bb84c40dc1547c63e16af51f8eacca6e153b59a771f6949ed2da8d17e441bf2eaadb8970aacec3f0a636912ea5530e6a0b7703190e26fb1e4a1299c47e2ea54db8715a8d46f6fab5c0034db9c366a026c24cfa29d5788537633f642c76714bb5ce0c003316c020c8373e8572ff12702c5e2abe2ded63430526d26769abda08a87b38d0e76ea6350bd60c6d3c4d1c57ec4faaefd8d949e33b5bdf0e398cdf903fcc83a7e338ca781a4ec49639c1a18ccad89033408cc79bae49d8725171fc668d2ac699a6f25b41f8a90eeec0cc488cd19b5db75afe2fc356c4f0f2d6d13dabbb271a40825a7335ce6c98062feca92a7c28ea35ea76149e69bb0355b25d9bed5ed232dccf2e883a3e09f121c4b99184aec638122abc3725873077d165c23e27a588ad5e831ae0694dcc43c35c5a4b60e931af30b96f877035f0e2470fac2a8a3500a86b4b4bb292d8a73024803a2702e018cc355c1d4731ae6e5731e19e36b6a12e3da926090e7cdbe5523aac0fc46dab8438c651a8e1240a600350c3b2d803079aaec1fc70da9da1185ae1b4db50bdc40ca0d369716133675a20f3517e07762f0eca585a982735999c5d54bdbdd9977844cde06bbacf8670aacdc2f1463a910eab5710ea62d2f0f6c348befd540b66fc4f4ff00d17d9bff00d54e5f0f72034f7aff008b6957cbe75c3fe137d1a9c36ab28bf34976225d21861b169b6aed17d150111101792b5e22a102da9205f4b9851318dcad971cc49d346fb6feb2b2e4e4f096fe96c71da51c5307df1eebda751ae92083ce0ae7eb7167b27283001bc434906328806f36d149c37110f706bc647c021cdea2409883a69d3d573e1f2e64d2f16947c4f0795cea676363d363ecaa5d8274e93d657738ec1f6c0b4c0a8d163b387f4fc8fd79aa8c2d25a441162177619ee74e0e5e2d5edab87d3ecc0b09ce1d6d34208f387133ce16ead5331256088acea69078b180c2490d6bb339ed12e6c03040e5a8260db6ba9ca3712692cb0261cc7102e4b5af6b9d037b0365b68e218fbb5cd779107df920bcf872ab83cb45da449e40ec7f45d22a3f8730b635331ddb976f33cd5e287461e850b8bbc8a6637201f2526a560dca098cc728ea6098f60545e30c269db6209f2ff214cf69cbd554e0e8b5e48260c5bcd5763a9540ecf20e60237f4279a920af16ae4bdcd358cac6c98000927f32b570d6914c1220b8b9e41d7bee2ebfbac71633d4a74f6bd470e8d20341f3719fe52a620f14be1948baa08b45cf928856586aee6b839b6fcc855cb2d75f6be33bdd7568a25105cd0e6d5307986ff4591a8e6f88023e66ede6de5d42c3cf5ee3af5bf4928bc6ba6e2ebd574088880888808888088880a2711a6e700c6b6413de9765ee8da45ee60794a968829ddfb4da3617bb4c9f074b41153cc11d164f6562e0017f8a1c7b9972e76c16ef3967eb3b2b644159599583da1a5c5bdd836f98e60ee7dd8ffb583995c31905c496b4d492241b4e58d353a72b5d5b220aa676d2d9cc641d808f141378718cb631a79acdb4deea3518e06482049bba5a3fe379dd59220abad85a8d70735ce7774b664486e7a761362e80eb9d7d97bd9d521e417886934c12d9276cdcff00a1137566882ae9e15c5c012f003ea126468e2e2d83ca0853f0b9b2333f8b28cda78a04e9d56d44044440444411f1372c6f374ffc6ff9c2cb11403c415838e6a807cb7f32440f482549594932f2dfa5b7ad388e31c36b07d42df0f32dee9047afbc6bd168e1c5ce8194882d1001686c1992478e00df9eebbc7b41041d0d943a5c2a9b74075bdf5f359737c6971d613b30ceccb76f4f41b5276f61e8e11f9c2aaf899adccc23c4419f2b47eaad78a576b29927a6503770b81f45ca623126a38bcea7e8360b6c31f1ba67cb94d35a222d5ce2d55b0ac7f8a9b5dd4b413eead385f0e3589bc346f137e4ad59f0fd3ddce3ec3f445a616a838650ec855ab4a5bd9b739009ca4022416cc196876d2bb6951a9e018d63a9b5b01c083b93222e541c35473b0ad905c5adc951a3c4724b1f97f158908d64f18f38ac9c4e0dbb4d477a867f756ef6820837055461f10218fa873646bdcdaa3c2f665f174740b8e6a7e02a38d3a65f67b9b988e53723d2404a8c7ddff5cc63ab1a751d4bb37b9c003dd0232924032481f74ad1dad5778690675a8e063f95933ee1741c670ed1529d623ba4764f3f2871fb37fa3ede4f3c957e268e47169330af2ed967869130d86c92492e73bc4e3bc6800d80d82dce45e384885396f574a4f7db1cb2352b602b00e3306345ba833339ade640b2a71c9adc5f2def4e970c7badeee5b69c966b1a4cca0346c22eb35574c466b723e0785d36e4e17b743fa7552547ae61ec274b8f5311faa90a9875b89a2222ba044440444404444044440444404444044440444404444044440444411b1a2007eed20fa1307e856c18967cedf70b6ad75290208205d676597713b9f6d88b4615f2c049f5e70627e92a9b8c71973410c813201de372af8ddcdab95f1f68dc771bda3f28f0b64799dcfe8aaa9ee3aff75e527c85ed2d3d4fe653ee39eddf6c94dc0603b40493005a7aa70baa18f97880e100916ffa531b85690e02b00ccc7ba08e7bfd3d9593224702c6d30d14a61d26e7475f63fa2bb5c2bc412266faf35d5f05c567a4dbcb9b63cfa7d1434c32df49eaa2939eca9896d301c6595434989ced21cd076334c9f32ac717896d363aa3b4689ea7901cc936f551f86d07318e7bc7da3ce7781b18b34746801be9d517a834dd49f25b21b9c1a9448ef35c7f0ed24891a1f799d829cee2ff001b84e5170c64c35be66e49dc83b00a2e2083355a03da7470f15378db9e590246c7a699d4c48a2d3509ccfaa4651e9dd03f0b5b727cceeacce7491c5aab4532d7b730782dcbcc1175cb51c5921dda197b0e571ddd6eebbd5b1eb2a7e3b1998e671802c3fce6b9ce275fbeda82cdf03bc89eeb8f913ece2af8e2c797936b138ffc3f5feca4d1aa1c242a8563c3c774f52af632c6db5d1e170a3b363834137241fbc0ed7f21eca5616953f131a01f2b8e63a2aee1dc432c31fa6c7979f452ebd521ce75319a037346fa9db788f70b9392fe3bbfdbbf8f59cd44f45ae9d604900dc6a394ac6a62003104da4c098f3853e78eb7b5b55863ddddcb6ef1cb73113a1f78521aa29787bd9130249b1106205cf99b296ab87795a9bd4d0888b45444440444404444044440444404444044440444404444044440445e0283d51ab1cc720d3ef1e9c8753f92dee98b2c2852ca2264ea4f32752a994b7afa4ce9558cc513dd1668b40de1737c4df3508e400fd7f55da9c1d32672fd4c2aac47012e739c1ed00926234578c73c6d73d49b0129ee3695787801fe2b7dbfbac5bf0f193f6ad927972f5d545f715985d35d4c531f4d81d32d2010358036fa2d78c750cbdc0735af7f59952bf709fe2b7db9e9ba7ee03fc56fb72d77563597e94ca460716693c387a8e6392b3ffc79dfc41ec56353e1d7c1cb51a0c58969201da44dd11e1944d654189aad8bd2a4438fe2aa44b47f20327f111c95b2ade05c34e1e9f659b30049077937713d4993ea559286f10317856b49acd71a6efbc45dae8f99bbf9d8f55cf35c5ce2e76a3ba3935ba86b7a411ebe4174b8fc33aa0003801a9ebc9578e08ecd39c5c4687636fccfd15f1b18f2636dea39ce20e39a3602ca2be96705b1208208e86cbae3c149d5c3d97a3831f9c7b2d3ce31bc396dc970cc3bdec19ac5a4b5c77969836eb13eaae18d0000340a7d2e00e6bea3b3887653106ce03293ea037d8addfb99df38f651e7169c567d2a9c7dd49c36232b723a4b75b1820f352c70574ce71ecbdfdcc7e71ecb1b267bf26b2658ebc5b787b4e605a086c49cdabb585330824176ee24fa683e816ac1611ccb17023faebfa2df46965260f74dc0e44ebe8b0c38bc2c93b8e9b9f9775b91116ea088880888808888088880888808888088880888808888088880888834636817b1cc0e2d27470d45e798558ee046328aefca6e5a6489c85a3ef08124b88f2d1788832670322476ef8bc005e225ae034773707798f41e37823869887eb275826493203858975c08d1b1106488336f08706e415dc066719bc8ce08b10769b7d41d56786e145af6bcd679824c49cb05b19609361b6a5788818ee13da127337fdb0cef53cce8cc0b897661330074d445d45ffc6c77e2a9198b8c8176e68f01996996898d45adaa220dbfb8ae0e76db20bb2643769cd20e801d62c495a87c36dca5b9c10585b760de98a62d3a40063e692201211105eb0584ac91101111011110111101111011110111101111011110111107ffd9, '<p data-pm-slice=\"1 1 []\">Mental health is just as important as physical health, yet it is often overlooked. Our mental well-being affects every aspect of our lives, from our relationships to our work performance and overall quality of life. Prioritizing mental health can lead to greater happiness, improved productivity, and better overall well-being. Here are some essential insights and tips to maintain good mental health.</p>\r\n<h2>Understanding Mental Health</h2>\r\n<p>Mental health refers to our emotional, psychological, and social well-being. It influences how we think, feel, and behave in daily life. Good mental health helps us cope with stress, relate to others, and make sound decisions. However, factors such as stress, anxiety, depression, and other mental health conditions can negatively impact our well-being if not managed properly.</p>\r\n<h2>Common Mental Health Challenges</h2>\r\n<p>Many people experience mental health challenges at some point in their lives. Some of the most common include:</p>\r\n<ul data-spread=\"false\">\r\n<li>\r\n<p><strong>Stress</strong> &ndash; Often caused by work, financial pressures, or personal relationships.</p>\r\n</li>\r\n<li>\r\n<p><strong>Anxiety</strong> &ndash; Persistent worry or fear about everyday situations.</p>\r\n</li>\r\n<li>\r\n<p><strong>Depression</strong> &ndash; A prolonged feeling of sadness and loss of interest in activities.</p>\r\n</li>\r\n<li>\r\n<p><strong>Burnout</strong> &ndash; Emotional exhaustion due to prolonged stress.</p>\r\n</li>\r\n<li>\r\n<p><strong>Loneliness</strong> &ndash; Feeling isolated and disconnected from others.</p>\r\n</li>\r\n</ul>\r\n<p>Recognizing these challenges is the first step in managing and improving mental health.</p>\r\n<h2>Tips for Maintaining Good Mental Health</h2>\r\n<h3>1. Practice Self-Care</h3>\r\n<p>Taking care of yourself is essential for maintaining a healthy mind. Engage in activities that bring you joy, such as reading, painting, exercising, or spending time in nature. Self-care helps reduce stress and enhances overall well-being.</p>\r\n<h3>2. Stay Physically Active</h3>\r\n<p>Exercise is not only good for the body but also for the mind. Physical activity releases endorphins, the \"feel-good\" hormones, which can help reduce stress, anxiety, and depression. Even a short daily walk can have significant benefits.</p>\r\n<h3>3. Prioritize Sleep</h3>\r\n<p>Lack of sleep can contribute to mood swings, irritability, and difficulty concentrating. Aim for 7-9 hours of quality sleep each night. Establish a bedtime routine, limit screen time before bed, and create a comfortable sleeping environment.</p>\r\n<h3>4. Maintain Healthy Relationships</h3>\r\n<p>Strong social connections provide emotional support and help reduce stress. Spend time with family and friends, communicate openly, and seek support when needed. If you\'re feeling lonely, consider joining social groups or engaging in community activities.</p>\r\n<h3>5. Manage Stress Effectively</h3>\r\n<p>Stress is a part of life, but managing it effectively is crucial. Practice relaxation techniques such as deep breathing, meditation, and mindfulness. Engaging in hobbies, journaling, or listening to music can also help alleviate stress.</p>\r\n<h3>6. Seek Professional Help When Needed</h3>\r\n<p>There is no shame in seeking help for mental health concerns. Therapists, counselors, and support groups can provide valuable guidance and coping strategies. If you experience persistent sadness, anxiety, or emotional distress, consider speaking to a mental health professional.</p>\r\n<h3>7. Maintain a Balanced Diet</h3>\r\n<p>What you eat affects your mental health. A balanced diet rich in whole foods, fruits, vegetables, and healthy fats can support brain function and emotional well-being. Avoid excessive caffeine, sugar, and processed foods, which can contribute to mood swings.</p>\r\n<h3>8. Limit Screen Time and Social Media</h3>\r\n<p>Excessive screen time, especially on social media, can lead to feelings of inadequacy, anxiety, and stress. Set boundaries for technology use and engage in real-life activities that bring you fulfillment.</p>\r\n<h3>9. Set Realistic Goals</h3>\r\n<p>Setting achievable goals, whether personal or professional, provides a sense of purpose and accomplishment. Break big goals into smaller, manageable tasks to avoid feeling overwhelmed.</p>\r\n<h3>10. Practice Gratitude</h3>\r\n<p>Focusing on the positive aspects of life can boost mental health. Keep a gratitude journal, acknowledge small victories, and remind yourself of the things you appreciate daily.</p>\r\n<h2>Conclusion</h2>\r\n<p>Prioritizing mental health is essential for leading a fulfilling life. By incorporating self-care, exercise, healthy relationships, and stress management techniques into your routine, you can improve your overall well-being. If you&rsquo;re struggling, don&rsquo;t hesitate to seek professional help. Remember, mental health is just as important as physical health&mdash;take care of your mind, and it will take care of you.</p>\r\n<p>&nbsp;</p>', 'Mental Health', '2025-03-12 18:32:45', 1, 'admin1');
INSERT INTO `blog` (`id`, `title`, `img`, `content`, `category`, `date`, `is_admin_post`, `username`) VALUES
(19, 'The Transformative Power of Yoga and Meditation', 0xffd8ffe000104a46494600010100000100010000ffdb00840009060712121215121212151515151515151015151010151615151515171617151515181d2820181a251d151521312125292b2e2e2e171f3338332d37282d2e2b010a0a0a0e0d0e1b10101a2d251d1f2f2f2d2d2d2d2d2d2d2d2b2d2d2d2d2d2d2b2d2d2d2d2d2d2d2d2d2d2d2d2d2d2d2d2b2d2d2d2d2d2b2b2d2d2d2d2d2b2d2bffc000110800a8012c03012200021101031101ffc4001c0000010501010100000000000000000000030001020405060708ffc4004a10000103010404080a07050803010000000100020311041221310541516106132232718191a10714525392a2b1c1d1e1233342626372d215161782f02443738393a3b2c294e2f154ffc4001a010002030101000000000000000000000000030102040506ffc4002b11000202010303030402030100000000000001021103122131041351223241056171b133f052a1c123ffda000c03010002110311003f00f6db44ed634bdc406b455c4e4005c7cfc3e65e22385ce6ea71706d77d2856970ec9f15206b7b01e8ad7dcbcf6389371c13dd8b9c9a675e38724ff707fd4ffd51070d4f98ff00707e95cac70a3b624cedc45772474cde1893fdcffb83e0a6385c7cd7aff25cec7122b6356ed443b923a01c2a3e6bd7f9290e139f35ebfc960b63456c6a7b51f047765e4dbfde53e6fd7f9290e119f37ebfc96335aa6588ed43c11dd97935ff00784f9bf5fe497ef09f37eb7c96508f048314ac307f01dd97935bf780f9bf5be498e9d38f23314e7e5dcb2c3148b11d987823b92f269fede3e47adf2572cd6fbc011ab3a9c7ad605c4581e586a3af7a89608d6c4c7334f73a036935aecdfed4dc79efae7dc810c81c2a3ff88802cda68d49d843683b3bd2e3dddf5cfb946895145123bad0ed9dea3e36ec4ddef52012ba8a004fb73bc93daa2748bbc9396df92296283a253b0031a5081cded77c92fdae7c8f5be499d0a13a15348021d327c8eff926fdb47c8f5be4ab9890dcddca74a20b7fb6cf91eb7c937edd3e6fd6f92a65a10cc48d280bc74f9f37eb7c9557f0ac804f127004d2fe3c93ca1966063bd01d0aa569808386bc47e768cbadb51d48d281d9b2384bac4786ae5fc945dc283e6bd7f92c3b2340ab750a167e47623b311d414df12871409d9aaee161f33ebfc90ddc3123fb9ff73e4b21f12ad244ab449d9688e11c739bb42d7f9275ef0466b6c15e63606dd95ae1a8fb97a358df5603b943032386adad9e9f7dab898e25ddf0b0561fe66fb5724c8d3f17b4cf97904c89586448ac6233189a90b00d6228623363450c5240111a90623b58a571588600314c3519ac52b882010661d69ae23ddc1306a9400c3122d45ba9eea9b003752ba8d752ba82286b34a58776b5ac0ec593755cb0c94e49ea4ac90bdc7629d6ccb89c27a2402ce6a1274a89e8a006a26a2914828a0065aa0e623d1329a02a3a3427c4af10a0e8d4d819cf8901f12d37c682f895b90334de1ad0ad121232c462de9188feb7ad0744abbe241065f18d04386001c7fc3933ec7d15e746a8cf00c5a72a969fcb27c1ca76691c5a09c0e4efccd343de159c6caa7411f1aad246ad719b541ce0551c4b595238e8e5dce8fe605c735b8f515d8e8fe604b6892a70947d10fccd5ccb18ba7e108ac63f30582c8d3b17b4cf97922d622b58a6d8d1031390a20d62986a206270d40100d520d53ba9e8ac044353d14a89c3505460135d530d4e428b26818095d534ca482344d4532951004689829a988b6a86c949b34217de1552baa8b642dc015175a9db7d893a1fc1a964db734289516778fb86c3d3f25620d20c381e49df976a878e4895911692a2904f44b2e41310a65a9a880214494944a0089621b988e0a54520527c680f8d6839882e6294c0c6b6c1523ef02cebe734f7154a118bbef06c83f9851c3b5bdeb66dd1f249f268ef44d7d9559ee8eebc7e67b3a9c38c6fb3bd313292e4af45073515eda1a6f4329ba4a591667d45765a3f98171cc5d8e8ff00ab0b36554c644069c1f47d6162b1ab6f4df33ac2c66ab625e91593908d0a61aa2d2a754e14380a5451aa7aa90245328929aaa6880a0a7aa187255514012a99ca20a62514492aa6aa8a5552412aa4d152a1556a26d06fd6a24e894ac76b004ce2939c82f72aa5633813dc82f724e720b9c9b188b6c4e7aaef7277b901ef4f8c45b917ec1a50c668716ecd9d0ba18de1c2ad350722b8891eb4b83fa46ebb8b7735dcddcef8148ea3a6db5c4b62cf4e9f074f44c42709d60b3703a28908aa0a530049c3911c10c80ac40e0a8b9a9d3850c0ad2455a8db8158d356eded8d8dfd6c7dd7772e85cd591343505bb78e6768be15e2cac914adada38f6aa65cafdb4d5b1bbca603dc0fbd67bc2d905711327b8ec3ec2bb2d1fcc0b8a8ce3dabb5d1fcc0b2753b490dc7ba01a78fd18e90b0d8f5b5c20fabfe60b9f0e57c1ec299392d34a9de559a5483938a5162f245c801e9efa0283129af21dfc140bd014735c3ce10cb0304566fad7d05ebb78b6b800d1e5127a979a5b7845a52c4585f3c85e1c4bc3df7db43f65cdca8b76d7699ad36d73a2697f1078c932a35a0dd66048bc6b434aac0e1bc1696b99e31186c9246242d031682e7068a0341cdae7ad73e5964e5b337c70c74d51ec5c12e10b6db6664e0509c246f92f1ce1d1b16cf18bc7bc0ae92baf9acc4f383648c6f150eff00aaf5abcb7c1dc5339ee34da2625e51e80a46455c0c6bd49eaac05983170dd8ac4e1cf0b4e8ff00173c50904f2f16eabcb6e0c2ae1406b9e4b72c5ad70be16ecbc778a47b5d6923a5b667b877809195f819895dd86d2be104c73db616c01c2c717181dc611c61e402da5393ce3b7252d23c2bb6c1032596c71074b2c3142d6da8b83b8d0e3571b9c9a51bab595e751ca5f15ae77f3ad16196677f35a68dee685bda66d7666d8acc23b69b406db2c8f95d24e24e2b90ee4d7ecb450e1b8aa45bf3fdb2f24af65e7f4742ce1b4956c6eb306cde366c92b38ebcd6b8477c39af03940e010ac7c2cb53a4b4366b2c51b6cad26d0e169bd4fa3748dba2ef281a530c9732db4364b48958e0e8e4d3158de327010e6d3ac23e99b496fedaa66f3678da369959700ef2af194aaeff00b451a8dd7e3f66c5838613da2c6fb4c76665f89ee12c6e9cb6eb032fde0ebb89cb0a6b50b2f0b2670b2ba5b3b18db4df2cbb35f218d8b8cbc45d18e628b2744cae6fed389f13a12606ca23739a481c45c26ad34c6ef7a0b8d63d10063f452d3ff1884d5292577e3f742f4c786bcfead1a10f0d24736fbece1ad9209a7b31135e2e6c22a44829c927723682e1678c182918699592bddcb24b1d13c3699635ad571d15a5af8606b5c1ce8ac16c6cc067192da51e352b9c1d80c76f8864c7d978d8c6c2f6461feb3094cc7926e4937b3ffbfda29931c141bf93e89d1b69e36263f68c7a75f7ab34583c0b96f404792f70f61f7adf5832c344dc7c1a70cb5634c8a45b54e4240258d0592673515cdaa1e581564c01240a9bd886afc904c1545e397fe6b7d68e8ae02a9cc7947f3447d621410cccb40fa18b702decc3dcb3deb4ad9f52374af1ebbfe0b21e56fe9fda66c9b31a27729771a3f98170d19e505dce8fe60597abf7a1b85ec50e154d721afde6ae49fa4392683a315d2f0e4d2cd8796cf6ae099355b4a1a8dfee53d3fb499f26ad927738e15e8aad46cdaa8474d164e868f1248d94e76be857f48b9d72a37659ad0c5a0cf94ea00edc484386dcd2e2c38386aa9c41d60ace8e478cea2b9623de9ed320374dde50a8a83ab335010068b2d5534a618e38ea41d276b0227907269f62cfb3092475d6e7d2aa6968eb7a0738e23961a6951ac5ed5d2919b2c611dc6e1c6e52db838ee0f5a0c16c73db88730b5eda9a11834076ca969a752c4e19698e32673aa0f25ac6015e48032a1269892baed13a1643180237363bce7b64340e22a68f76b7500c2ab84d3b055c1f50e2794f0351a9176baf515cb4ee48e935a62e8b1e0c6d1734845bc39a7ac7c97bc89c618e6be7bd1d1bacce8ad1422ebc546be8ec5eb9a274c473b2b193beb983b085d4e9e49c6bc1cbc906a56fe4e9a7b6002e8ceb8e1a8ab8c7fd0bcef1ed0b97f1bc08a8a920e35d5b0a23348beedd73f03aa9814c68ad1d258a4c5c3a143483c340796b4dd70bd5682435dc9246ca56bd00acad136e37e8e231c37d731ec5ad3e208391041e8214b5652e8cc928e7dc6b236b794d078a61348eede6d32a5e7d3f94aa6c6dfbed0c885cad4710d21ef0e7b41a6a146f4f28e3b4b03846db397724089cd739c7ed38467944eb375d9eb551933471b7c9687d5d19bce69772de45c20824e2dc06388568c515720f2cc03e26f16d0da5e702c156170372eec350476285a99592e80c179a5ce2636baa5a4015db4aaaaf12963cdd0480cc4bdc1d588071c2e9af2af6b44b432fc8d35701c5bb9a48ccb70c1688c76132915bc61ce6be421951405b707285d6920bab5a6269d4876898b5824019405c18db839398041191c0569828cf081c691785d2d2c01cfba6ec6ca5595baecb5840b5ca0c5701e5073aadae38126b4d94d69918ec51cb72534e044240c65e90b0482e0c6a45fad33c2f2831e790e21bca14003402d0417000ecc1026af29b4346f2874c8e6fb087f6a66cc291375b7170d6dbac7035d9895a611dc4cdec7a5f011bf40e3b643ec0ba4597c18b298ecd1b4e645e774bb15a8bcef512d5964fee757a68e9c490922924943c8a6736aa699000b714291aac3db542dc559302bd55498f29dd30ff00ccabd2b1674a7967f3443b2ae57e4a4b8295bddf407fc693fe6f588f7ad4d26ffeceddf23cf6b9e7deb10b9747a68fa0c999d483c4ee505dee8fe605e79667d5e17a1e8ffab0b275aaa6bf03ba77e966370f272cb35e0403c63284f4af3d8a526a70c75e0bb9f09c7fb11ff123f6af2cb2175681530fb464b93b5d0721a3f0398d5b91b4bbbe8cd2b5a8d476ed589a26db703c1049ad4766b2afdaed6248f222a4505dad71d4689f7b144b7071bceb2756b2a73b81ba09d7b2baba10213404f692131903dcd63685c4d00c735652d88adcbb0e918ecf14b6838dde4333c5c73001dded54346dad93d2518d0875a6a399187b438761eba2c3e19e9006416667363ce9ade73f72d7e045841e3632eba648887014e55d37a95d98f655735aee49cbe0dedf6a0a3f3f25ed3c2de5b58e10c88b45da92e796d30ab5b9742e0a7e0fcee21cf660e38e046bd75182f62e136966411f28e541d25719a5784d1be121a4549a1e829d1e99559459e4e93479af0ca5350c0392d3853facf25abe0f74a064cd6c830782c209c2f7d93dd4eb54b842e8dcd909379dc96d9da35d4917ba7019ed59166618dd4aef06b88da08d441a8a1d89186e0cbe64a5c783d6ed7148ea1ab00d809c36530510e20005eda8d80d69ec2a1c1ab79b54580ac8ca078a8c76386e2896eb3bafd29b8e59ae845da32691e3b480438104d6b88bb4a6f2ba8b3dac48c0e14c73c723ac2e31b0618b6b8e55a74ab7a1edcd8dc46a39815d5af14cc627246f83a97bd01ef50e3c3855a6a0e4509cf5aa31324a4c791eab3de9e47203dcb446225c852395691e9def55a5913e3012e4348f2b47835a34da2700f31bca90d356a6f5fc551b0d8e4b43c4718a939ec68da4af50d03a219668831b89cdee39b9dacacdd7754b0c34af73ff0043ba7c2f2cb7e11a2d0a544925e6ced8a89a89d355002a28a955450044a1bc554dca04ab260089ae0b2e5e7ff99dcd8abed5a920ed5913c9c973beecceeb26eb55e2cac8c4d313521806d153d601f7ac573d6970add75d1b3c967cbdcb04c8bb5d347ff34ce7677eba2f589df48de95e99a3f981795e8f93e959d2bd5347f302c1d7ff0022fc1a3a47e966078488af58c8ad396c3d8579a599ad1973a8bd1bc28da447622e35a71918c33c4af2d8784d1369563c81f75b88d87159f13f49a5f26c7112501a60e15e69feb52249238328e391a8005153b370ce119f183c9e464366683fbc3657b8df7499f2691135dc532cad1645a4fc735a2cb532c6d7ccfe2cbf8b223e59bc1ce195da53bd73dc21d22c635a58d6dc7e2dfa47090d32ab5b90e9aac1d1c6273afda1c70383035d4e9240ee4a9373f4c47462a0b548d1d15652e2669312e248a83af5adfb0dbb889639a983646870ad390f218eaeea3abd4b325d3105792e34d5c977c156d21a45af85ed88de268322298e62bd09aa0a30a429c9ce572f93b1e1e68f89c2f97b89a5436f9a0e9aaf349e5bba81e871f82ed67b64968b28964690e2dba1a00c4b30247b579f48d713cd3d85655932db4cd7a21a5335344685f1c12d1b75cdb970e747549ae5bbbd74a381cc30b83e4abc969ae05cd75da569d54cf159bc12b7f10c7893901ce0413af0a51743fbc9050fd28d5f67df45aa3055b99a526a471561b4cf619fc97b30231baf69f682bbdb0e9e6da5a5e2ad7545e6de350edbd15d6b0f4f5a2c76966320123798f15a8dc7685cb68eb63a092a0d40c1d4350e1b9563e874f82d2a92b5c9ea7296ba98d70c6b856b98de553b44718028d2313522ed0ee59add350900f18dc699bb115daa52e97848fac67a4169d843b375f6b1514706e1952a2806e2a1e3cc2695f81583269185d9caddd88f8a80b7454e7b7d218abc3238b133c6a46fba5deabbe4dfdeba8f07b616ba374e4021e6eb0e06ad6e67667ec5d6789479f16cf41bf0567f515075a44ae8dcb7b3ca5913de68c639e7eeb4bbd8b6f46f03a7908329e29bb302f3d5905e80c6819003a029552b27d4f2355054321d0c17b9d94f4668b8a06dd8db4da73738ed71d6aed13552aae6ca4e4edf26d51515487aa44a894d550492aa62a25ca25c802754c4a85e51bc80245ca0e2a25ca0e720084f2dd05db013d98ac8b43300d19fd0c677d0f18eee57edaea80df29c1bd599ee056709aae0e390124a7af92df543932252472dc26b487cefdd46fa2b0e49289ed968bcf73fca717769aaa924b55e8b1474c12fb1c9c92d536cd0d1725668ff0037b97afe8ffab0bc57433ffb445f9bdc57b568ff00ab1d0b97f51fe45f836f49ed6721e1958e3a3886824f1b16431e72f08304be4c9e895eefe19657374738b49078d8b2dee5e14dd212f96e59715e934be4148d7b7170900aeba8f6ab761b43d84ba3692e2081517cb41c2a3674aa734f23c82f797532ae5d8ac596dcf8c518fbb5cf2c7b55aa4cba9457045b65949add7d7f21f8298b34db1fe81f823c7a6e7afd67730fb42badd2d2645fdc07b026c202dcad999e2f3792ff0040fc15fd1eca46f2f2ebc480d6dc38eda9a60a36cb54cf6d1b316eeab882a846666637ef6da120f5852ee2f8d89493f93a8d1ba48f14f8890056fb4e381c88cf05952121c41a7a40fb1506e93be5a1d414a0e4b1a0e79e14a9e95a30c2c2e249c2bc9043aa457590683053096bdd12d695441eebc0819ee558b5db1de895d5e8ab458daeabe12e35e4b4c9460dee3995b11f09ecc4b5aeb2441a1d4739b7ab776b6999cb5ab4e2ef6452cf3b00efec517b09cc1ec5e81a46d56471ac113c0dae91a057606904f7aa10dae33515008c287e496e2eb744ae766718ca8cfd889131cea9672ae8aba8d26832a9a64baeb4c71482ebf2ae60e236d2aa9d9f443a12e7c7346e1adb7836f309c0935c2b86acf034cd27538bfb0f51535f739f1539fb15dd11a224b4ccc8199bcd09bbcd6eb71e81ee5d4c76981cd078c68a8c8b8023710bd0b81fa1844ce38f3de3935d4c388edc1325934ab33ca3f06fe8db1b208990c628c63435a3700acd50ea95e5886255b04aa5790af25541212f26bc8754c5c80097935e43bea25e800b551bc877d41cf400573d40b908bd0dd22002b9e86e7a13a4417c880056d971c35370fccf375bdd5589a76d7c5c13387da2218ff2b793fad5a9ad34abfa5e06fe6463deb92e19dae863801c18dabb7b8ff55eb5aba5c7af2242334b4c5b311f3203a541925de80f917a1672d235f40c95b4c5f9fdc57b968ffab0bc0783affed50fe7f715efda3feac2e2fd47debf0747a5f6b391f0c840d1ce2e3402586a7672e9ef5e1f15b636ff007a3a2f0f62fa674fe898ed70496795b7992368e1af3041075104020ee5e1da4bc125ae37911cb1c8ca9ba5c1ec75355e00115e8597165d2a87ca366147a4e3393c76ab4db633ca6fa4d563f85d6efc1f4a4fd097f0badbf83e93ff00426f7d11a018b6b3ca6f6b564e90672af331ae62f37bb15b63c175b7f07d27fe84ff00c2fb6fe0fa4ffd0a7be992a34738d2fd6d3e933dc515913fc9ef6fc56f7f0badbf83daff00d09ff85f6cd90f6bff0042166fb93473efb13c9a866232356fc535cb437ec57f99bf15d17f0c2d7b21f5bf4247c17daff07b5ffa147757c12603259fed40eea2c3ef5604eef37203b98e3ec5b03c185b3643daff00d28b1f838b68f35daffd2859abe429783267b7bdcda7d2533a18e4cfb159d1a1b42648c3eb4a0735c69bf0d6b519e0fedc35c7e9c9ee08878036df29bfeace3d8addf5f2148aee30ff00f9d9d424fd487e3900c3c55a4fde64c07682b499c0cb7b4503f0d9e356a5afa2f83b6c0f6f1b24ad60e7f156ab4971dc2a453a51de857055a27c09d0adb43b8d92cb032261170b4ca4bde0ec2ea506b5e941cb3196ca0038b7d00a0c8f7938a978efe1bfb07c5649cf53252ae4d1be9afacff1dfc37f60f8a6f1efb8fec1f1542c68de4afacef1d3e6dfd83e2978e9f21fd83e280340bd44bd50f1c3e43fb07c5378d9f21fd83e2802f5f51322a26d47c87760f8a89b43bc87f60f8a00bc6443748aa19dde43bb07c540caef21dd81005a74884e95572f7790eec0a06ff90eee400674aaa5ae7c2ef958756b3d954e5927905549ec72b89e49a5283a0f38f4d0514a065692d0dad4e0d6fd2bb70682d60ec05dd4bcdf485bccb23a43f68d69b06a1d8bbdd31a16d32c4e6461a1d23b964934b83268a0d81bdeb9b3c01b67e1fa4ffd2ba7d0cf163b949ee63ea23295248e69f2a0ba5eb5d3bbc1f5b3f0fd27fe9507783cb6ed8fd27fe95b1f578bfc919fb13f06570664adb201f7ff00ea57d0fa3f983a179af033804e824134ae0e78c1b406eb6b8122b99debd4618e8005caeaf34724fd3f06ec10708ee1544b01d4924b20e23c4b7625c4b762492005c4b76281b3e35eec1249004459b7f46012366dfdc31492400bc577f735425b212281c41a9350063514a77a49201306cb13c1fac24572badcb1d7d7dca5258c9c9e475038e14cfafb53a48a2da9836d81fe75de8b2bab5f577a90b13bce1ca9cd661bebb5249141a989b6276359093ab92dc3134c0757624cb13ab53212365d60dbb06f1d89248a0d4c6362757090d31fb2c39e589097893fce9f419b6bb1249141a988d89f4a7186b850dc661957b71ed48d81c7395dd4d68d75d49248a0d4c786c4e06a5e4e7505adcf6eedaa52d909a51e452b906e354924511a9f2422b13c67213baeb77531db877a796c2e39485b86146b4d0e38e3ba9d89248a2753b18d85fe75de8c7bb77f554fe24ff3a73af319b32ed4925141a98c6c2ff3a7d066d1f3ed48d89fe70fa0cd847bea9d25341a988d8dd41490d71a9badc7624db09a51cf277d034e7f7689248a0b644d81e411c6bbd168f6266e8f70ca57675350d3b30c75607b5249144eb659b359834509bc769cca2f12dd89248282e286c4b8a1b12490049ac0149249007fffd9, '<p data-pm-slice=\"1 1 []\">In today&rsquo;s fast-paced world, stress, anxiety, and fatigue have become a part of daily life. While technology and modern conveniences have made our lives easier, they have also contributed to mental exhaustion and physical ailments. In the search for balance and well-being, yoga and meditation have emerged as powerful tools for achieving holistic health. These ancient practices, rooted in centuries of wisdom, have gained widespread recognition for their ability to enhance both physical and mental well-being.</p>\r\n<h3><strong>The Origins and Philosophy of Yoga and Meditation</strong></h3>\r\n<p>Yoga and meditation have their roots in ancient India and have been practiced for thousands of years. Yoga, derived from the Sanskrit word &ldquo;yuj,&rdquo; means union&mdash;referring to the harmony between mind, body, and spirit. The practice involves physical postures (asanas), breathing exercises (pranayama), and meditation (dhyana), all aimed at improving overall well-being.</p>\r\n<p>Meditation, on the other hand, is a mental exercise that helps in cultivating mindfulness, concentration, and inner peace. It is often practiced alongside yoga to achieve a deeper connection with the self. Together, these practices create a comprehensive approach to health and spirituality.</p>\r\n<h3><strong>The Physical Benefits of Yoga</strong></h3>\r\n<p>Yoga is much more than just a fitness trend; it is a holistic practice that provides numerous physical benefits, including:</p>\r\n<ul data-spread=\"false\">\r\n<li>\r\n<p><strong>Improved Flexibility and Strength</strong>: Regular yoga practice increases flexibility by stretching and lengthening muscles. It also builds strength by engaging various muscle groups, reducing the risk of injury.</p>\r\n</li>\r\n<li>\r\n<p><strong>Enhanced Posture and Alignment</strong>: Yoga helps correct posture by strengthening the spine and core muscles, reducing back pain and improving overall body alignment.</p>\r\n</li>\r\n<li>\r\n<p><strong>Boosted Immunity</strong>: Certain yoga postures stimulate the lymphatic system, which helps in detoxifying the body and strengthening the immune system.</p>\r\n</li>\r\n<li>\r\n<p><strong>Better Cardiovascular Health</strong>: Yoga promotes relaxation, which lowers blood pressure and improves heart health by reducing stress-related inflammation.</p>\r\n</li>\r\n<li>\r\n<p><strong>Enhanced Digestion and Metabolism</strong>: Many yoga poses aid digestion by stimulating internal organs, promoting better metabolism and gut health.</p>\r\n</li>\r\n</ul>\r\n<h3><strong>The Mental and Emotional Benefits of Meditation</strong></h3>\r\n<p>While yoga strengthens the body, meditation nurtures the mind. Practicing meditation consistently leads to numerous mental and emotional benefits:</p>\r\n<ul data-spread=\"false\">\r\n<li>\r\n<p><strong>Reduced Stress and Anxiety</strong>: Meditation calms the mind by reducing the production of stress hormones like cortisol, leading to improved mental clarity and emotional balance.</p>\r\n</li>\r\n<li>\r\n<p><strong>Enhanced Focus and Concentration</strong>: Mindfulness meditation sharpens cognitive functions, helping individuals stay present and focused in daily tasks.</p>\r\n</li>\r\n<li>\r\n<p><strong>Better Emotional Resilience</strong>: Regular meditation cultivates self-awareness and emotional regulation, enabling individuals to handle challenges with a calm and balanced mindset.</p>\r\n</li>\r\n<li>\r\n<p><strong>Improved Sleep Quality</strong>: Meditation promotes relaxation and reduces insomnia by calming the nervous system and encouraging deep, restful sleep.</p>\r\n</li>\r\n<li>\r\n<p><strong>Increased Happiness and Positivity</strong>: By focusing on gratitude, self-compassion, and inner peace, meditation fosters a more positive outlook on life.</p>\r\n</li>\r\n</ul>\r\n<h3><strong>Popular Yoga and Meditation Techniques</strong></h3>\r\n<p>There are numerous styles of yoga and meditation, each catering to different needs and preferences. Some popular techniques include:</p>\r\n<ul data-spread=\"false\">\r\n<li>\r\n<p><strong>Hatha Yoga</strong>: A gentle and foundational form of yoga that focuses on basic postures and breathing exercises.</p>\r\n</li>\r\n<li>\r\n<p><strong>Vinyasa Yoga</strong>: A dynamic and flow-based yoga practice that synchronizes movement with breath.</p>\r\n</li>\r\n<li>\r\n<p><strong>Ashtanga Yoga</strong>: A rigorous practice involving a sequence of postures performed in a set order.</p>\r\n</li>\r\n<li>\r\n<p><strong>Bikram Yoga</strong>: Also known as hot yoga, it consists of 26 postures practiced in a heated room.</p>\r\n</li>\r\n<li>\r\n<p><strong>Mindfulness Meditation</strong>: A technique that involves observing thoughts and emotions without judgment, promoting awareness and clarity.</p>\r\n</li>\r\n<li>\r\n<p><strong>Loving-Kindness Meditation</strong>: A practice focused on cultivating compassion and positive emotions toward oneself and others.</p>\r\n</li>\r\n<li>\r\n<p><strong>Transcendental Meditation</strong>: A silent mantra-based meditation that helps in achieving deep relaxation and mental clarity.</p>\r\n</li>\r\n</ul>\r\n<h3><strong>Incorporating Yoga and Meditation into Daily Life</strong></h3>\r\n<p>Adopting a yoga and meditation routine doesn&rsquo;t require drastic lifestyle changes. Even small, consistent efforts can bring about profound benefits. Here are some tips to integrate these practices into daily life:</p>\r\n<ul data-spread=\"false\">\r\n<li>\r\n<p><strong>Start with Short Sessions</strong>: Begin with just 10-15 minutes of yoga and meditation each day and gradually increase the duration.</p>\r\n</li>\r\n<li>\r\n<p><strong>Create a Dedicated Space</strong>: Designate a quiet and comfortable space for practice, free from distractions.</p>\r\n</li>\r\n<li>\r\n<p><strong>Follow Guided Sessions</strong>: Beginners can use online resources, apps, or join yoga and meditation classes for structured guidance.</p>\r\n</li>\r\n<li>\r\n<p><strong>Practice Consistency Over Perfection</strong>: It&rsquo;s better to practice regularly, even if for a short time, rather than striving for perfection.</p>\r\n</li>\r\n<li>\r\n<p><strong>Listen to Your Body and Mind</strong>: Adapt your practice based on how you feel each day, focusing on gentle movements and mindful breathing.</p>\r\n</li>\r\n</ul>\r\n<h3><strong>Conclusion</strong></h3>\r\n<p>Yoga and meditation offer a powerful path to achieving physical health, mental clarity, and emotional balance. In a world filled with stress and distractions, these practices provide a sanctuary of peace and self-awareness. Whether you are seeking physical fitness, emotional stability, or spiritual growth, incorporating yoga and meditation into your daily routine can lead to a more fulfilling and harmonious life. Start small, stay consistent, and experience the transformative power of these ancient practices.</p>', 'Yoga & Meditation', '2025-03-20 14:27:35', 0, 'user1');

-- --------------------------------------------------------

--
-- Table structure for table `calorie_log`
--

CREATE TABLE `calorie_log` (
  `id` int(11) NOT NULL,
  `user_id` int(11) NOT NULL,
  `mealTime` varchar(15) NOT NULL,
  `total_calories` int(11) NOT NULL,
  `date_logged` timestamp NOT NULL DEFAULT current_timestamp()
) ENGINE=InnoDB DEFAULT CHARSET=utf8mb4 COLLATE=utf8mb4_general_ci;

--
-- Dumping data for table `calorie_log`
--

INSERT INTO `calorie_log` (`id`, `user_id`, `mealTime`, `total_calories`, `date_logged`) VALUES
(1, 15, 'Lunch', 165, '2025-01-25 18:30:00'),
(2, 15, 'Lunch', 243, '2025-01-25 18:30:00'),
(3, 15, 'Lunch', 141, '2025-01-25 18:30:00'),
(4, 15, 'Snack', 299, '2025-01-25 18:30:00'),
(6, 15, 'Dinner', 351, '2025-01-25 18:30:00'),
(7, 15, 'Breakfast', 364, '2025-01-25 18:30:00'),
(8, 15, 'Lunch', 1353, '2025-03-08 18:30:00'),
(9, 16, 'Breakfast', 159, '2025-03-20 14:17:22'),
(10, 16, 'Breakfast', 295, '2025-03-20 14:21:19'),
(11, 16, 'Lunch', 426, '2025-03-20 14:24:19');

-- --------------------------------------------------------

--
-- Table structure for table `cart`
--

CREATE TABLE `cart` (
  `id` int(11) NOT NULL,
  `product_id` int(11) NOT NULL,
  `product_title` varchar(255) NOT NULL,
  `product_price` decimal(10,2) NOT NULL,
  `quantity` int(11) NOT NULL DEFAULT 1,
  `user_id` int(20) NOT NULL
) ENGINE=InnoDB DEFAULT CHARSET=utf8mb4 COLLATE=utf8mb4_general_ci;

--
-- Dumping data for table `cart`
--

INSERT INTO `cart` (`id`, `product_id`, `product_title`, `product_price`, `quantity`, `user_id`) VALUES
(24, 7, 'Reebok Jet 100 Treadmill', 250000.00, 1, 16),
(25, 7, 'Reebok Jet 100 Treadmill', 250000.00, 1, 15);

-- --------------------------------------------------------

--
-- Table structure for table `fitness_stats`
--

CREATE TABLE `fitness_stats` (
  `id` int(11) NOT NULL,
  `user_id` int(11) DEFAULT NULL,
  `weight_loss` int(10) DEFAULT NULL,
  `bmi_improvement` int(10) DEFAULT NULL,
  `workouts` int(11) DEFAULT NULL,
  `steps` int(11) DEFAULT NULL,
  `strength_gain` int(10) DEFAULT NULL,
  `status` varchar(30) NOT NULL
) ENGINE=InnoDB DEFAULT CHARSET=utf8mb4 COLLATE=utf8mb4_general_ci;

--
-- Dumping data for table `fitness_stats`
--

INSERT INTO `fitness_stats` (`id`, `user_id`, `weight_loss`, `bmi_improvement`, `workouts`, `steps`, `strength_gain`, `status`) VALUES
(14, 16, 2, 2, 10, 4000, 1, 'reviewed'),
(15, 15, 3, 3, 12, 6000, 1, 'reviewed'),
(16, 17, 1, 2, 3, 1000, 2, 'reviewed');

-- --------------------------------------------------------

--
-- Table structure for table `foods`
--

CREATE TABLE `foods` (
  `id` int(11) NOT NULL,
  `food_name` varchar(255) NOT NULL,
  `calories` int(11) NOT NULL,
  `admin_id` int(11) NOT NULL
) ENGINE=InnoDB DEFAULT CHARSET=utf8mb4 COLLATE=utf8mb4_general_ci;

--
-- Dumping data for table `foods`
--

INSERT INTO `foods` (`id`, `food_name`, `calories`, `admin_id`) VALUES
(1, 'Apple', 52, 1),
(2, 'Banana', 89, 1),
(3, 'Chicken Breast (100g)', 165, 1),
(4, 'Rice (1 cup)', 206, 1),
(5, 'Broccoli (100g)', 55, 1),
(6, 'Egg (1 large)', 78, 1),
(7, 'Milk (1 cup)', 124, 1),
(8, 'Bread (1 slice)', 79, 1);

-- --------------------------------------------------------

--
-- Table structure for table `forum`
--

CREATE TABLE `forum` (
  `id` int(11) NOT NULL,
  `userID` int(11) DEFAULT NULL,
  `title` varchar(255) DEFAULT NULL,
  `description` varchar(255) DEFAULT NULL,
  `publish_date` varchar(20) DEFAULT NULL,
  `publish_Time` varchar(20) DEFAULT NULL
) ENGINE=InnoDB DEFAULT CHARSET=utf8mb4 COLLATE=utf8mb4_general_ci;

--
-- Dumping data for table `forum`
--

INSERT INTO `forum` (`id`, `userID`, `title`, `description`, `publish_date`, `publish_Time`) VALUES
(4, 15, 'title-1', 'description-1', '2025-01-27', '16:49:59'),
(5, 15, 'title-2', 'description-2', '2025-01-27', '16:50:48'),
(6, 15, 'Login issue', 'I can not log to my user dashboard.How to fix that.\r\n', '2025-01-27', '17:07:02'),
(7, 16, 'User1 forum question', 'This is froum question from user1', '2025-03-20', '15:09:48');

-- --------------------------------------------------------

--
-- Table structure for table `forum_reply`
--

CREATE TABLE `forum_reply` (
  `id` int(11) NOT NULL,
  `forumID` int(11) NOT NULL,
  `userID` int(11) NOT NULL,
  `message` text NOT NULL,
  `reply_date` date NOT NULL DEFAULT curdate()
) ENGINE=InnoDB DEFAULT CHARSET=utf8mb4 COLLATE=utf8mb4_general_ci;

--
-- Dumping data for table `forum_reply`
--

INSERT INTO `forum_reply` (`id`, `forumID`, `userID`, `message`, `reply_date`) VALUES
(1, 4, 15, 'forum reply 1', '2025-03-11'),
(2, 4, 15, 'forum reply 1', '2025-03-11'),
(3, 5, 15, 'forum reply 2', '2025-03-11'),
(4, 5, 16, 'user1  reolied this question', '2025-03-20'),
(5, 7, 15, 'replied', '2025-03-20');

-- --------------------------------------------------------

--
-- Table structure for table `leaderboard`
--

CREATE TABLE `leaderboard` (
  `id` int(11) NOT NULL,
  `user_id` int(11) DEFAULT NULL,
  `total_points` int(10) DEFAULT NULL,
  `rank` int(11) DEFAULT NULL
) ENGINE=InnoDB DEFAULT CHARSET=utf8mb4 COLLATE=utf8mb4_general_ci;

--
-- Dumping data for table `leaderboard`
--

INSERT INTO `leaderboard` (`id`, `user_id`, `total_points`, `rank`) VALUES
(223, 16, 68, 2),
(224, 15, 85, 1),
(225, 17, 32, 3);

-- --------------------------------------------------------

--
-- Table structure for table `orders`
--

CREATE TABLE `orders` (
  `id` int(11) NOT NULL,
  `user_id` int(11) NOT NULL,
  `total_price` decimal(10,2) NOT NULL,
  `shipping_address` text NOT NULL,
  `city` varchar(100) NOT NULL,
  `state` varchar(100) NOT NULL,
  `zip_code` varchar(20) NOT NULL,
  `payment_method` varchar(50) NOT NULL,
  `created_at` timestamp NOT NULL DEFAULT current_timestamp(),
  `status` varchar(50) DEFAULT 'Pending',
  `tracking_details` text DEFAULT NULL
) ENGINE=InnoDB DEFAULT CHARSET=utf8mb4 COLLATE=utf8mb4_general_ci;

--
-- Dumping data for table `orders`
--

INSERT INTO `orders` (`id`, `user_id`, `total_price`, `shipping_address`, `city`, `state`, `zip_code`, `payment_method`, `created_at`, `status`, `tracking_details`) VALUES
(1, 15, 1550000.00, '45/B,Nugegoda,Colombo', 'Nuegoda', 'Colombo', '456321', 'Credit Card', '2025-03-13 12:17:02', 'Shipped', 'order packed'),
(5, 15, 250000.00, '58/A,Kattuwa,Negombo', 'Negombo', 'Eastern', '54123', 'Credit Card', '2025-03-13 13:07:17', 'Pending', NULL),
(6, 16, 1180000.00, 'Madampe,Chillaw', 'Chillaw', 'North Western', '61452', 'Credit Card', '2025-03-20 14:48:24', 'Shipped', 'Item Packed');

-- --------------------------------------------------------

--
-- Table structure for table `order_items`
--

CREATE TABLE `order_items` (
  `id` int(11) NOT NULL,
  `order_id` int(11) NOT NULL,
  `product_id` int(11) NOT NULL,
  `product_title` varchar(255) NOT NULL,
  `product_price` decimal(10,2) NOT NULL,
  `quantity` int(11) NOT NULL
) ENGINE=InnoDB DEFAULT CHARSET=utf8mb4 COLLATE=utf8mb4_general_ci;

--
-- Dumping data for table `order_items`
--

INSERT INTO `order_items` (`id`, `order_id`, `product_id`, `product_title`, `product_price`, `quantity`) VALUES
(1, 1, 6, 'Reebok Jet 200 Plus Treadmill ', 310000.00, 5),
(2, 5, 7, 'Reebok Jet 100 Treadmill', 250000.00, 1),
(3, 6, 6, 'Reebok Jet 200 Plus Treadmill ', 310000.00, 1),
(4, 6, 16, 'Air Bike (Semi-Commercial)', 280000.00, 1),
(5, 6, 6, 'Reebok Jet 200 Plus Treadmill ', 310000.00, 1),
(6, 6, 16, 'Air Bike (Semi-Commercial)', 280000.00, 1);

-- --------------------------------------------------------

--
-- Table structure for table `products`
--

CREATE TABLE `products` (
  `id` int(11) NOT NULL,
  `title` varchar(200) NOT NULL,
  `description` varchar(250) NOT NULL,
  `price` float NOT NULL,
  `quantity` int(11) NOT NULL,
  `img` longblob NOT NULL,
  `category` varchar(50) NOT NULL,
  `admin_id` int(11) NOT NULL
) ENGINE=InnoDB DEFAULT CHARSET=utf8 COLLATE=utf8_general_ci;

--
-- Dumping data for table `products`
--

INSERT INTO `products` (`id`, `title`, `description`, `price`, `quantity`, `img`, `category`, `admin_id`) VALUES
(6, 'Reebok Jet 200 Plus Treadmill ', 'Reebok Jet 200 Plus Treadmill  Featuring a 2.25 HP motor, 18 kph speed, 15 incline levels, Air Motion cushioning, Bluetooth connectivity, and a foldable design for easy storage. Perfect for home workouts!', 310000, 10, 0xffd8ffe000104a46494600010101004800480000ffe118fa4578696600004d4d002a00000008000c010000030000000103e80000010100030000000103e8000001020003000000030000009e010600030000000100020000011200030000000100010000011500030000000100030000011a000500000001000000a4011b000500000001000000ac0128000300000001000200000131000200000022000000b40132000200000014000000d68769000400000001000000ec000001240008000800080000004800000001000000480000000141646f62652050686f746f73686f702043432032303139202857696e646f77732900323032313a30383a33312031343a30383a31310000000004900000070000000430323231a001000300000001ffff0000a002000400000001000003e8a003000400000001000003e80000000000000006010300030000000100060000011a00050000000100000172011b0005000000010000017a0128000300000001000200000201000400000001000001820202000400000001000017700000000000000048000000010000004800000001ffd8ffed000c41646f62655f434d0002ffee000e41646f626500648000000001ffdb0084000c08080809080c09090c110b0a0b11150f0c0c0f1518131315131318110c0c0c0c0c0c110c0c0c0c0c0c0c0c0c0c0c0c0c0c0c0c0c0c0c0c0c0c0c0c0c0c0c0c010d0b0b0d0e0d100e0e10140e0e0e14140e0e0e0e14110c0c0c0c0c11110c0c0c0c0c0c110c0c0c0c0c0c0c0c0c0c0c0c0c0c0c0c0c0c0c0c0c0c0c0c0c0c0c0cffc000110800a000a003012200021101031101ffdd0004000affc4013f0000010501010101010100000000000000030001020405060708090a0b0100010501010101010100000000000000010002030405060708090a0b1000010401030204020507060805030c33010002110304211231054151611322718132061491a1b14223241552c16233347282d14307259253f0e1f163733516a2b283264493546445c2a3743617d255e265f2b384c3d375e3f3462794a485b495c4d4e4f4a5b5c5d5e5f55666768696a6b6c6d6e6f637475767778797a7b7c7d7e7f711000202010204040304050607070605350100021103213112044151617122130532819114a1b14223c152d1f0332462e1728292435315637334f1250616a2b283072635c2d2449354a317644555367465e2f2b384c3d375e3f34694a485b495c4d4e4f4a5b5c5d5e5f55666768696a6b6c6d6e6f62737475767778797a7b7c7ffda000c03010002110311003f00f554924925292492494a4924925292492494a4924925292492494a492492529032f370f0693919b7d78b48201b6e7b6b649fa237d85ad53c8c8a71a8b32721e2aa696bacb6c7681ad68dcf7bbfaad5e0ff005c7eb01fad19eeceb6cb29c6a9c6ac1c6b5a432b6496b9cff4f7feb57edf56cffb63f4b5d29263127e8fb963f54e99951f65cba2f9e3d3b18f9ff31ce5697cd35e3b5b55b8feae3b03e0be41dfedfa1fa47b3d5a9beedef67d0b5769fe2c7a165d5d7a9cc658f656d613e9ee3ab236dafb991b59bb73195d5eff00fc09026abc592387889a2070c4c8ff0083fe2ff75f62492491627fffd0f554924925292492494a4924925292492494a49339cd634bde435ad04b9c4c00072495c665ff008d7fab14122966565470e65418d3e1ae53f1ddb7fb0929ed155cfea9d3ba6b1b667e4d78cd79861b1c1b2473b7faabcf727fc71d8e0460f4b6cf675d7cfdf5d35bbff3f2e53af7d6beb3f5872f0f372a9a58fe9ef77a0ca984b24ecb375cdc875cdb7e837daefd1a49009d9f661f58feaf9acd83a9e26c1a971beb007c7deac65751e9f86d0ecbc9ab1daefa26d7b593fd5de46e5e0b7e6e4e6d6fb33452e21db486554d4ddbfca6e3575ab589d4a9a8175a2bb9f322c73bde3f93bdcc7ff65024d682d7e384652a9cfdb15f311c5abd7fd73fae389d47229c0c2f472fa763b8dd995dee7d6dc8b2bd69c7dbe9bbd4a28b7f4f6d6eaff58b5957f83fe7312bea1f57ad358c8fab98f6bedfe6fd0b5ac7483fba2ac4d9fbff00a5f4d54c9cbc6acb2bbaa6bf19ccaee6b2b6b4399ea3770f4df5be9735cdfde6a91c8735db69a85d4d83f486d634068fdd7fa9eaeffeb31c991948f876b1c41b5970e1c600a13a038f8327b738ff0081944b8b8bfa89dd83f576edadc1e95762d86c1ead965bfa31b7f334c9c9f5eeb6dfd0d78eed8cfa6f5e9ff55fa39e97d39beb34372ef01d781aed81fa3a27fe05aeff00b77d5b178fe4b8dbbb75862a1babc6040ada2636d2cab6ed567a7fd60fad5d36d0ec2ce7fa511e8dbbadae39fa195659b7faf4fa69c01bb9578530e5cb8f83dbc3c6224dcce4ae297eec7d3fa0fb7a4b99fa93f58fa975da32bf6957457763b99b4e3ee0d2d783f4996bacf7efadff009eba64e6bbffd1f554924925292492494a4924925292492494d7ea186dcfc0c9c17bdd5b72aa7d2e7b237343da6b7399b839bbbdcb96c2ff00165d2715aedd977d963dc5eeb0d78c5dafe6b1f662db6d6cfe4b2d5d8a4929e71ff507eaf5d5b6acc193975b4ee6b2dc9b8343a36ee6d54594d5bb6bbf71737f5c7ea074fc0c13d47a4b8e2e3e3c7da714efb43c3dcdacdccb6eb1f656faf77d1fa1ec5e8eabf50c4667606461bfe8e454fa89f0ded2dddfd940dd1adfa2fc662271e3170b1c63bc2fd4f9d7d42fabdd1edead7bb299ebd98f5eeaaab18df49db8ecb2e2c7fa9ea7a72c6d4eff0084b1761f591fd37a2744c9cf661633acac3594b1f5b430d9639b4d5be037d9bdfb9ffc85c7fd50cb7e3757c23692d73cbb16e1fca3ec8ffd88aea5e937e3e3e4d4ea726a65d53be95763439a63f798f96a662919475ddb1cfe08e1cd5015122c75feabe336f50ea3d5291659f60a68b240735b878d3061db1d69fb6fd2fdc72ad6748cb21aea6b39c5f32315975fb40ff48ff43d1f77fc1db62f6dc7c3c3c51b71a8ae81c456c6b07fd0011948d47c3363b147d9b218fa2e692f343da6b78690cdae755686bd9bb6fee2b5d07a65dd7faab7a6e33db510c75d75aff7ecada5acdde9b4d5ea3dd658c631abbffafdd270afe97fb51d8f5bb2b09f5937160361a777a76526c8dfe8fe9df77a7f4154fa837d75e5e6e1b18d636c632e606803e89f4ecfa3ff00194a8ce4026215bf56dc79594f979f30242a1e930af57a7823ff0075c4f43d03eafe1742c57518c5d63ec21d75d646e791f47dac0cad8c6fe6318d5a8924a46a3fffd2f554924925292492494a4924925292492494a4924925292492494f9775ca5fd3beb175065520b6e6e6507cec8bfdbfd5c86bd7a6e3dccc8a2bbebd596b1af6fc1c3735711f5ff1bd2ead819a069935598eff0009acfaf57f9dea5aba1fa9f95f68e818ed265d8fba877f60c57ff80fa6a1c7a64947eae9739face57065ea3d07fe89ff009d89da492494ce6b5fa8e2373b032709c6064d4fa89f0ded2cddfd995e71f54734d1d5fa7d8f91ea138d68f37835ed3ffa10dad7a7af2fcfc2b31feb0f53a6ab056fc4b5d9d5120f04373995b037f96ed8a0ce0dc243a1753e17212867c323e99c2fcbfc9c8ffcf83ea0921d1732fa6bbeb32cb5a1ed3e4e1b9a88a772c820d1e8ff00ffd3f554924925292492494a4924925292492494a4924925292492494f33fe30b1fd4fabe7287d2c1beabf4e6377a2ff00fa172adf503274cec42740e65ec1fd606a7ffe79ad747d630feddd2b330e24e453656dfeb39a430ff9cb82fa8399b7aa62c9fe9543e977f5983d4ffdd77a867a6589efa3a383f59c8e6875c678be9f3ffdc647d2524925339ca5c57d67a8637d6ec1c8200a73f1dd8f60fde2c258edd1fc8caaff00cc5daae4ff00c61d31d3f0ba835b2fc3ca6cb8766581cc3ff837a09997e427b7abec6d7227f5f18f4c8258bff0c8f0c7fe73abf556e36742c663be9e36ec7703c8f45cea59ba3fe0d8c5aeb9dfaa7757eaf52c565a6f2db9b90fb5db7575edf747a418cff03bfe8fd37fa6ba24719f48f0d3fc5d167342b3cfa711e3ff00c33f59ff0074ff00ffd4f554924925292492494a4924925292492494a4924925292492494a5e558a3f657d64b6bfa2cc1ea320785363f70ffc06c7af4ccdea381d3eb16e6e4578ec3f44d8e0d923b3377d377f55793fd6cead897fd65c9cae9767ad4e4d758b090580bdadf4fd9bf6bbdad6fd3d8a2cb1240205905bdf0fc908cb247248461386e7c3ff0041949f614971edfaff00b58ddf844981eef520131ff14afe3fd6d1681389ea9776c4be8bdd3e1e8fa94ddff81a95a2f42b1feb762fdabead751ac182ca4dcd8f1a48c96ffd2a938fad3d21843729d7613ddc372a9b69ff00a7657e97fe08af5597d3f3eb7328beac963c10e15bdafd08833b09408b04775d8e7c138cc7e8c84bfc5789fa8b92d67582c07d9958e76f9b985b637fe83ad5dfaf2cfab4fb707aaf4f6da36d94641c5b01ec497e13bfe9397a9a8b973e923b1743e2f0033c66369c06be31f4ff00d1e17fffd5f5549249252924957c9ea3d3f0ff00a5e4d547958f6b3feac8494d84973b9df5ff00eab6103bf3058476634ebf0b2cf4eaff00c1164dbfe33abb83bf64f4bc9cd004ef0d747f5b7535df57fe0e929ee125e5f9ff00e303eb6b80f4a9c6c46bb5696bebb1fa8ddee6d76677fd3aab5cef53cceb1d6483d5330ddb676b5a080d9fa5b46f6d5dbfee3a4a7d8333eb2740c12465750c7adede6bf51ae7ff00db4cdd67fd15859dfe347eaae2486596643bb6c6ecff00db9750effa0bcc5bd2f1a21fbed1e0f798ff0032bf4d88f562e3d5fcd54cafcdad00fde929eb727fc6de4da23a674b27c1f697387f9bb71d9ffb30aa5bfe31beb5e436194e3e23bc5baffd5fda960903b9d53fb038b5ce6b5c352d710d307bed724a6b66579b9d96fcdc9c82ec9b0cbdfabc9fed643adf67fc1b3655ff0006ab3b1b2dba7e8ac1fcaae3fea1cd5a26da8099247886c0ff003ecf4d9ff493566ec8dcec6a5d6b18097b98c75bb40fa4e7ba96fa35ff006ae492012680bf273db665d06454e679d16b9bff0041fedffa68f5f56b1ded75a1c472cc9601ff008333d9ff0082aba69c96102d6b69331fa52c699076fd0fd3daa566467d74b4163c08d040ae7e3bf6ff009db1378e3fbc3ed651cb6724018a64cbe51c12b285b9f75ec0f2e6b183406bfd21f87ab6399433fb1ff6dacecfea75d63468b9e78f55ee71f936a6e3b555caea969b2cacb7f49b88da3402031b2a383d2dd91191933e9bb50382ff0087ee53ff009f1398a5131263214626883dc3d0f47eb22ec576564d9b728dbeb490ef73f76fdcd30eff0008d5ecbd37a8e1f54c1ab3f09fea63de0963882d3a12c782d786b9bb5ed735786b9d5b2184b5bd9add0003c1ad5e95fe2bb305dd0afc524ce2e43f6b4e8432d0dc86e9ff001965c9918089247e933f31cd4f3471c6400f6c70823797cbf37f8aff00ffd6f555cf7d77eabd47a5f4aa6fc07fa6fb326ba6c7c35d0c78b07f84f6b7f4be92e8550eb9d33f6b74ac8e9fea7a26f036dbb776d735cdb58ed9b99bbdecfdf494f8abfeb7f57ce76cc9cbb5bbe4d9bacb1ccd1db5958adb656cddf4dcfdea2d18efd5cf7d93ccbc81fe6d5e935687d64ff16b9dd229bba9becabecac3badb58f30ddce0c6b9d558d6d8cdcf7ff83fb4ac6c5c4bf108bcd58d7d16b4b5b664d6f754fda7dc28b31bddeb35cddbead5e959fe0d24d697d9d1c67b718938bb2a73b52e6b19bb4f0b1ec758dfecb94afbedc874645afbddd858e73cff009af2e546fbf12a81763db8a5dc3f12f1915e9ff0395eb5ff00e765568f5f5aea58d5b2bc2c875343b690e635ac73819fa7b5ae731ff9dfcf6f4909d94daefa15b8fc1a7fb91063583e99657fd6709ff359bde818cdea7d4f2218fb72ac3a4bde4ea7ddb66d77f2772d11f56ba8b6bf5329f5e336262c700798fce210320372c90c19275c31df6b2217fdde36b06e2b7e95a5fe55b7fefd61ff00be24723119f46a9f3b1c4ffd167a48f761f4ac6b9ec764fda5ac30d7b0e8e1f0a7ff004a280cdc2a8c63e2ee3e261bf8fe91e9bc67a4647fe68651cac4007267c70be91272e4fac20b579396fd31eb2dff008a647fd3007fd5a7b7a6e7e581bfdaf69dcc739c490482d9f66e77e7291cdead769456dac7686971fbdfedff00a0a4ce81f583a8e8f75af69fcd0481fe6d7b5a97eb0feec7fe714ff4387f9ccc7fc1c58cff00d3c8b5d8fd330773eeb31e87092df50873f90e6edf5dcf7fe6fe6b53e4fd7dcafd9bfb369daec4f4cd4f0c67d2691b5fb9effa3bdbfe87d357b1ff00c5866d8d9701593c9308d5ff008a8bf7cbec6edfe46863e3b98d4d18ab7913f5e16697c44100470628089e28dc3dce097ef47f9b87fe36f2b4e6e7d8cdf86ca6861d3d4efa73fb9628db8f9970fd672dde243011ff0053e92e871fea07d6caacb71db8b5fa2db88a6e75cc00d67e8d8e6b37d9ff0081ad7c4ff1619aefe999f5d22492ca2b2f3a9977e96e757ff9e5386380e8c3939fe6b25de590fee7eac7fcce1780674cc1a9e5e77dae264ef3a13fca681eefed396a74acee87564deeeb4e69ac527eced736c78376e606eeab18b5d66dabd5fd1bff0042bd0f17fc5a7d5ba4ce40bf34f717585ad9fea630a16e60f40e89d3a0e0e0518ee1c3d95b43ff00edc8f53fe927b55e1313affe84b7eae7d5bcbc996b9beb8c7af16b3b839babdacb5f633ddfe918b4bfc5b7d59fac3d0dd976754657453955d4d6d3bc3ec0fab7fbdfe9eea5ad732dff004af5dc2434494fffd7f555cafd61fad6dc665fe865330b0b15fe864f5073458f376bfa974ec73b9b76557fe1adb196d34ff37e8dbe9e47d9ba1ea3916e374fcac9a5bbeda69b2cad81a5f2e6b5cf637d2af6becdce1fcdb178b7d6eb5c7a974ce99613663e263504b5d636bf52cc83ea65dcecbbf73297e4fd17e55dfcd7f3ca0cf2999431425c072714a531f343162e1e3e0e2fd394b2638a46c4f675aefae58979b3d6a3addb8b692db2c75808707fe91f5bb03fa0bab77fa1fe6bd1fd0ff33ec57ba7babbb131d9d3f29b7f49c97fa18d6347a6daef27fa0e7610fd0d17df63ff00436d54d34db6ff00395fe9e8b6ee5ecc5e98eccccc6aeaa1ecc675047a7d47d2639ceac3323ec56dceca6e4617aedb6da9d73fed7563ff003dfe89963eac35f4f57cce96ddb563752c2b1c195dedb831f4b77e3e4fda2afa36d56b2e7d3bbf4b57a95a8b2c25cbc0e68649c8631c59219272cd19e38ff395ee717b73e0f543db483c46881af6d1dacefabd90d249c5da7c6b961ffc0f6b56364745b038176fae0ccbbddff497b1f4fb9d99d3b1726f60165f4d763da58590e7b5af70f4ac2e7d7f4bf9b7a77f4dc0b0cbe8638f985716be2c6d3d2b27118ebcb28b4dcfb4822496b1adadbecf7fe77d15b4cfab3d5f3acf5463bc074417888075fcf5e9bfb23a51735c70e82eac8731c6a6121c38734edfa4ad40f04d1102465d48a6596799c31c27e58c8cbf847fbb17cfb13fc5f65bc837d8c60ee35256ee1fd46e95401eaeeb4fc805d2274e6268e3f45e998e07a78ec91dc893f8ab8d6b5a21a001e0345249252932749252d09d2492520cdccc7c1c4b73325db29a1a5ef3e43f35bfcb7fd162e230beb5e5516f4eea99b63becfd46fcb664565c5ccaab0ec6651e9b3dac6fd97f7b67f37ebfe7da8ff5cf2f33ac750afeae74c1b9b4c5b9d66a2b618dccfb459f45b4d0cfd33ff7ecf4bfc356adf58e85d232beaed3d2ba7df4bf270c0385fa466e7d87f9cac9dc3fa66ef77e67ade9fee28666522784fc9ff3a4ebf2b87062c78bdf172e64fabfd472d284e10c92fdde29ce397fea6f5892e63ea3f57bafc37f48ce0eaf3fa6c30d760daf34ff00817163b6bbf45fcd3ffeb3fe9574ea58c848021cde6304b06596296a627490da71fd09c7fbf17fffd0ec3ebe6075ccfe92cc6e86db8e5d8fdaf7d57b2960a9cd2dbdb92db8fe9db637d95b18df52bb3f4bea7f83bbce73b1b333faa575e7e35b89661e256ca2dab1730bdcc61f4fd1b5a0eeb2da3d4b3f5d6b7ecf6ffdb6bdad53ea5d2b0ba9d42bca61dcc934df592cbaa7386d3663e457b6da5fb7f71c9b28dd4801c7107809e9c5ff007ca7c6862525e30ce6e4074c3a9fb3e597071d8ef6d3fcefd2f57fedbaff00d2a974fab3ba7f51bbec3837dd764e2dadb5d7e2e597ed73857b286d6edecb321ac66ccc7b3d2abf9b5eaa7eae5f2437abe68aff007231c9026767ac717d7fa1fa3fe73d5fcff53d457ba6f49c2e9951662b0ef7c7ad7d8e365d6968dad7e46459badb9dfbbbddfa3ff07ec5144659dc7363c6204554672cdc7fe3e2c3c314e83627f2723ea2e175cc1e92fc4eb8db864d566dadf6db5dac752d6b594371c51fccb6b633f48db5bea3edfd2fa9eff4eae8d2494e85249249294924924a5249249294924924a52a1d77ab33a3f4bb7a83d9ea36a35b76970adb36595e387596bfdb554cf577db67e656afa0e562d19750ab21bbd8d7d7681247be97b322874b0b7e85d556f494f019177d5eea04519b9597d3eac8b1f73e8a8b1f8c4b8bf666fda057ea751a335f8b73f172dfeb7d0ffb4ffa2542ae97f53ee7542bbf39d5d8d7baeb432b2290d38b0ec96b2b76da9f5f50a2ef59aefd033f9ff4edaeef47d019f56ba2b1cd7331cb5ad6b99e90b2c15398e36d9e85b8dea7d9efc7add937fa18f756fa31bd5fd5eba9087d51e83b686ba8b1e318fe8fd4c8bdfed9a5fe8dbea5effb4636ec4c7fd56ff531bf45fcd261c503a90db87c479b844461965103b70bcde0757e89d2f2b1ac75d9b9a5b35e29c8ac36d35d8cb8e23b0fdb5e4e763e7bf1edc7c1c5fd27e97f4de8d5fa3b1778092012209ec791f72c777d50fabaf63d8fc30f6be4439f61dad22c68ae8dd67ead4d5ebdaec7a71fd3ab16c7fab8de95ab61ad0d6868980204924e9e2e77b938000506be5cb3cb2e299e23f67fd17fffd9ffed002450686f746f73686f7020332e30003842494d04040000000000071c02000002000000ffe10d57687474703a2f2f6e732e61646f62652e636f6d2f7861702f312e302f003c3f787061636b657420626567696e3d22efbbbf222069643d2257354d304d7043656869487a7265537a4e54637a6b633964223f3e203c783a786d706d65746120786d6c6e733a783d2261646f62653a6e733a6d6574612f2220783a786d70746b3d2241646f626520584d5020436f726520352e362d633134352037392e3136333439392c20323031382f30382f31332d31363a34303a32322020202020202020223e203c7264663a52444620786d6c6e733a7264663d22687474703a2f2f7777772e77332e6f72672f313939392f30322f32322d7264662d73796e7461782d6e7323223e203c7264663a4465736372697074696f6e207264663a61626f75743d222220786d6c6e733a786d704d4d3d22687474703a2f2f6e732e61646f62652e636f6d2f7861702f312e302f6d6d2f2220786d6c6e733a73744576743d22687474703a2f2f6e732e61646f62652e636f6d2f7861702f312e302f73547970652f5265736f757263654576656e74232220786d6c6e733a64633d22687474703a2f2f7075726c2e6f72672f64632f656c656d656e74732f312e312f2220786d6c6e733a70686f746f73686f703d22687474703a2f2f6e732e61646f62652e636f6d2f70686f746f73686f702f312e302f2220786d6c6e733a786d703d22687474703a2f2f6e732e61646f62652e636f6d2f7861702f312e302f2220786d704d4d3a446f63756d656e7449443d2230383339323646333945434544333846353845443734463934373530394437322220786d704d4d3a496e7374616e636549443d22786d702e6969643a32663263353161372d313565622d646534632d623936612d6633663063626235326162312220786d704d4d3a4f726967696e616c446f63756d656e7449443d223038333932364633394543454433384635384544373446393437353039443732222064633a666f726d61743d22696d6167652f6a706567222070686f746f73686f703a436f6c6f724d6f64653d2233222070686f746f73686f703a49434350726f66696c653d222220786d703a437265617465446174653d22323032312d30382d33315431343a30363a30312b30353a33302220786d703a4d6f64696679446174653d22323032312d30382d33315431343a30383a31312b30353a33302220786d703a4d65746164617461446174653d22323032312d30382d33315431343a30383a31312b30353a3330223e203c786d704d4d3a486973746f72793e203c7264663a5365713e203c7264663a6c692073744576743a616374696f6e3d227361766564222073744576743a696e7374616e636549443d22786d702e6969643a32663263353161372d313565622d646534632d623936612d663366306362623532616231222073744576743a7768656e3d22323032312d30382d33315431343a30383a31312b30353a3330222073744576743a736f6674776172654167656e743d2241646f62652050686f746f73686f702043432032303139202857696e646f777329222073744576743a6368616e6765643d222f222f3e203c2f7264663a5365713e203c2f786d704d4d3a486973746f72793e203c70686f746f73686f703a546578744c61796572733e203c7264663a4261673e203c7264663a6c692070686f746f73686f703a4c617965724e616d653d2232222070686f746f73686f703a4c61796572546578743d2232222f3e203c2f7264663a4261673e203c2f70686f746f73686f703a546578744c61796572733e203c2f7264663a4465736372697074696f6e3e203c2f7264663a5244463e203c2f783a786d706d6574613e2020202020202020202020202020202020202020202020202020202020202020202020202020202020202020202020202020202020202020202020202020202020202020202020202020202020202020202020202020202020202020202020202020202020202020202020202020202020202020202020202020202020202020202020202020202020202020202020202020202020202020202020202020202020202020202020202020202020202020202020202020202020202020202020202020202020202020202020202020202020202020202020202020202020202020202020202020202020202020202020202020202020202020202020202020202020202020202020202020202020202020202020202020202020202020202020202020202020202020202020202020202020202020202020202020202020202020202020202020202020202020202020202020202020202020202020202020202020202020202020202020202020202020202020202020202020202020202020202020202020202020202020202020202020202020202020202020202020202020202020202020202020202020202020202020202020202020202020202020202020202020202020202020202020202020202020202020202020202020202020202020202020202020202020202020202020202020202020202020202020202020202020202020202020202020202020202020202020202020202020202020202020202020202020202020202020202020202020202020202020202020202020202020202020202020202020202020202020202020202020202020202020202020202020202020202020202020202020202020202020202020202020202020202020202020202020202020202020202020202020202020202020202020202020202020202020202020202020202020202020202020202020202020202020202020202020202020202020202020202020202020202020202020202020202020202020202020202020202020202020202020202020202020202020202020202020202020202020202020202020202020202020202020202020202020202020202020202020202020202020202020202020202020202020202020202020202020202020202020202020202020202020202020202020202020202020202020202020202020202020202020202020202020202020202020202020202020202020202020202020202020202020202020202020202020202020202020202020202020202020202020202020202020202020202020202020202020202020202020202020202020202020202020202020202020202020202020202020202020202020202020202020202020202020202020202020202020202020202020202020202020202020202020202020202020202020202020202020202020202020202020202020202020202020202020202020202020202020202020202020202020202020202020202020202020202020202020202020202020202020202020202020202020202020202020202020202020202020202020202020202020202020202020202020202020202020202020202020202020202020202020202020202020202020202020202020202020202020202020202020202020202020202020202020202020202020202020202020202020202020202020202020202020202020202020202020202020202020202020202020202020202020202020202020202020202020202020202020202020202020202020202020202020202020202020202020202020202020202020202020202020202020202020202020202020202020202020202020202020202020202020202020202020202020202020202020202020202020202020202020202020202020202020202020202020202020202020202020202020202020202020202020202020202020202020202020202020202020202020202020202020202020202020202020202020202020202020202020202020202020202020202020202020202020202020202020202020202020202020202020202020202020202020202020202020202020202020202020202020202020202020202020202020202020202020202020202020202020202020202020202020202020202020202020202020202020202020202020202020202020202020202020202020202020202020202020202020202020202020202020202020202020202020202020202020202020202020202020202020202020202020202020202020202020202020202020202020202020202020202020202020202020202020202020202020202020202020202020202020202020202020202020202020202020202020202020202020202020202020202020202020202020202020202020202020202020202020202020202020202020202020202020202020202020202020202020202020202020202020202020202020202020202020202020202020202020202020202020202020202020202020202020202020202020202020202020202020202020202020202020202020202020202020202020202020202020202020202020202020202020202020202020202020202020202020202020202020202020202020202020202020202020202020202020202020202020202020202020202020202020202020202020202020202020202020202020202020202020202020202020202020202020202020202020202020202020202020202020202020202020202020202020202020202020202020202020202020202020202020202020202020202020202020203c3f787061636b657420656e643d2277223f3effdb0043000604040504040605050506060607090e0909080809120d0d0a0e1512161615121414171a211c17181f1914141d271d1f2223252525161c292c28242b21242524ffdb00430106060609080911090911241814182424242424242424242424242424242424242424242424242424242424242424242424242424242424242424242424242424ffc0001108012c012c03011100021101031101ffc4001c0001000105010100000000000000000000000603040507080201ffc40048100001030302030408030602080505000001000203040511062107123113415161081422718191a1b11532c12333425262d11682182434637292a2d2174353e1f025557384b2ffc4001b01010001050100000000000000000000000005010203040607ffc400391101000201020305050605040301000000000102030411052131061213415161718191b1142232a1d1e1234252c1f01653a2f107337262ffda000c03010002110311003f00ea940404040404040404040404040404040404040404040404040404040404040404040404040404040404040404040404040404040404040404040404040404040404027032506b1d63e919c3fd157175b6b2e525655c679648e8a3ed7b33e04ec33e5954dd9231ff0054ecb0a1f4a8e1856603aef534c4f74d4af1f605537f62ef07d2d1fe7bd21a3e3af0deb7979356dba32e19026718f23fcc0277a0fb3dfcb6f9c33b47c41d2370c7aa6a6b3cd9e9c956c3faa77e3d4fb3e5f2acb3b14d1cf1b648a46c8c70c8734e41f8ab98a62627697a45040404040404040404040404040404040404040404040404040404040404041a4bd2438ad53a62d074b69d909be5c23fdac8c760d2c2762ecf739dd07c4aa4f3e50cd488ac77e7e1fab8d2e36b7d0481954f2e925c10f07206fb92a9bcafad71cc4f7a79cfe5ebba9511822a98dfd876e6321dc8f78e5763b88fd32a9bcb363c58af3ddda77ffea3f45fdfeb6ab50d77ae4cc70a8786c6c8638c35a1a0746807a0558bc99f4b4a5778de27d276fd56b4964aaacada5a3a67b25a8a8380c61dd9eff0564e58da667a42faf0fbcde94a5a26d6f28f2f7bbbf80b4f5143a2db433c8f9040f0d639dde3946ff1209f8ac7a5999accb6b8f52b5cf588e7b4444fb766c95b28310101010101010101010101010101010101010101010101010101010101045f891af6dfc3ad2b557bae21ef68ece9e007da9e53f95a3ff9d152657d2bde9e7d1c23a82f576bdea5b95e6e5595a65aa7769239f1ba3393d001be00e83c952f3dde54e6dcd362a659df513ddf6473fecc60bcd73eac53d2cce9dbdee7b761e3f048bcedbcb1e6c38a337878adbc7acf27d9ef0e6ccd8cc349565ddfd8b76f05752f331beca67d3d6978a52f16dd938ea2beacb2962829db24dec4659b16edd77d80037f7056c658b72d99b51c3b260a77ed31b368682d20e2ea5a7a684c95331ece32e1ed3f3d5e7c33e1dcd03cd47e6bf896f0e9d1d2f0dd3468b4f3a9cdf8a63e50eb3d3d668ec369a7a18c8718da39df8fceeef2b7f1d2295d9c96ab3ce7cb3927cd9257b5c40404040404040404040404040404040404040404040404040404040414ea2a22a4824a89e46c7146d2e7bdc701a0752552676e72ba949bda2b58de65c8dae389dfe2de257e2575b4dd25b1da898ed90c7102d749df3381237db6f0d963ae5a4f3dd239f86eab1477271dbe52cb41c54d2b5781542b206f2f3b9b3d23bf2e719d8159b78947db15ebf8a365e8d4fc28b9b7150db573938fdb461873e1ed009b31edba8b749f0e6e2eed2969acaf909c834f38041ff2b95d1331d149ac4a1b05b34b4f77b85459699e29a9dc609a77b9ce64a46e79093d32307c879ad4d5679dbb91d65d0704e1d17b7da32fe1afe73fb3a1383ba51d4f442fd5b0724d334b606380cb1bde7e2b1e9716d1de95dc735de2dfc2afc5b396e39f101010101010101010101010101010101010101010101010106b1e37f15e5e1a5b294523186aeacb887b9bcdc8d18dc0ef3ba081e9fe27f15aef6886f543689ee16fa805d1cdeaacc380241c0041ea0f720f955e90babed45f1d758e164ac0496be9dedfa8710832da37d26a0b8d1553f505b994f50d903608e98801edc6e4f3bbc7c152d3b46f2c98715b2de31d3acbddc3d222e93e3f08d3313623b76d5353ce5bfe460cfd5618d4e3f5495f826b293b4d25afb576bcd6faacfaa4f7099b48ede56470361a71e03a97b8e7b8e02b32e5c335dad667e1fa7d7e9f2f7f0e3e71e731faa1156eba595cf8a6a78fb19727b6ecc6c4f7921d90b5e298724ed5b27adc4f8869b1cdaf862227af39fd556d82686324763591cbf94c954f7fcb623e67b965b68e67a4b4b4fda8ae3deb7a4cfbedbfd61730d92ba98fad56dbe5ab833ccc6b5909e577883804ab6d87256394edf1965c1c5b4796ff00c4a4db7f2ee567f38da5e869eb64b14b3d7dbe0a381cd2c689dbd93dadea7a1cf5f001609cd923944a569c37439b7b5b14444f48da627e3cd7ba5353e9ab6dd296db34061b3c440749182e7000e4903a9c9593163b5edbd9afc4f262d169b6c731131d21d3360e2be84ba471535befb4916006322941888ee03da0149446dc9c04ccccef29a35c1c0104107a108a080808080808080808080808080808080808080804e064a0c15d35e696b2e45c3505b29dcdead75437987c3394112b9fa4470fadb90dbacb58e1dd4f039df5380822374f4b3b143916db1d6d41ee3348d8c7c865043aede96da8a60e6dbacf6ea41dce7f34847d40fa20d59c40e265ff00888c86a6f73c6f7407b263628c31a01c93f1d959defbdb363c38f07c4f3df6fc98766acbe436a8e821b956474908c470899dc8d04e7619c057b5d730d549251b659e59257b86fcce25054a673e5c16c4f3e05a0ab6663cd9694c91316ac4a57497f7b20636a282691c060bdadebf02b4afa68dfeecbabd3f1cb456232e39dfd8be75c0d65b2aaa606cd00a40247f3e5a703276f13b2d5c94f0e62279ee96d2eb2353136a44c6db6fbf258d36a38cc81970ae86469ef9e31fa85778178fc30c96e27a2c91b4ced3e93fbaf2add0c90c93d256d2ba26b79842c237c0ee00ad9c79a695eedab2e7b55c2f1ea734e4c192b1bf97fd31743aa2492a246c0260f6fe670271f75b5598c91bcc21b518f2e8b2772b939fb256f728a0bb4a65aa0f6c83a9006e3e4ab18eb1e4c36d76a2d1b4de7e6b3ab80db5d116b5a5b2021a7940dc7b95fb6cd6b5a6d3bccb1b52ebabce44d1767e18c22894e99e2b6bbd3418cb7deaaa48d84010499962c7861d9c7c3083a0782dc5bd43ae2e35341a868e8e27727690494ed2d3b7504127e6837020202020202020202020202020202020202020d75c78d49369ed053b29a4747515f23695ae69c10d209763e008f8a0e41a3b35c7515ca6a6b5d3995d10e670e60d00671924903aa0c8bb87f5d07fb6dd2cd47e2d96b1bcc3e03283ccfa56d14f4f23dfaa28e699ac2e6c54d0be42f76366e760327bd0601b6ba993a53caef7309415e3b6451520654c6439d2921afc823000fd4fc962db7bccb7bc48a69e2b31bcccccfe4a33465a0b2085848e986077dd5fddf56bf8f31d2223e0cbe9db45daff00554d69a3a695f5550f11c6de60dc93f609dd8f453c7c9ead9f49e8c7ad5c3334f6c8fc9d50e77d9aabb42c9bda7acafbfd18b5581b575a73ff00e57ffdaaaa6eb9a7e036afb55b6be90b6826f5b6f209239f666c773cc02d3d4e9ed92d59af927783f13c5a4a64ae5899ddaf35570eeefa7e3ffea32d135ac3d057c4f71ff2f367e8b66291b6d28ac9a9b4e4b5a9331132c1473c10c61bd9f6a47f2b31f51855eec792df1e67f1444fc1505c0b07ec69394ff5bc63e8156375969a4c728da5ea2edae3218a47322cb1ce05833d013fa2a5ad31cd7e2a56fbc79ed33f255a8a51386096473b93a2b981e3d5a06efca09feadd05489a5cec46c27dc1526623aafa63b5ff000c6edc3e8fd6faa9752beadad3d84113848e0323276033d33fd9227756d48ac739e6e88556310101010101010101010101010101010101060b57689b2eb8a28a8ef74ef9a385fda465923985aec633907c1045adbe8fbc3cb692e165754b9c724d45448fcfc3384120a4e1968aa103b0d2d686e3a134ac71f99083334f63b5520029edb45081d03206b7ec105d369e16fe58a31ee6841acf8b1c15b56bf8e5b8b26928abe280e0c2c6912b9a096e7cfbb2a969da3785f8e22d78ada7939b68b4ed3c30c8eaaa87b7b0cf3e001d3a9fa28f9d65a79443b19ecce0c71deb5e661b9fd1f34f69d9ebaa2e2d81d2dc29c0969e72f3811b860edd3e9deb634f96d7de2dd610bc5b418b4f14be1fc32df4b650ac2eb4d40dd2da5ee578382ea684ba307a39e7668f990838e6f5abeff7cac91f70bbd754b9e798b1d33b9013dc1b9c01e482da96c975ae20d3db2b25cf7b2171cfc70832b070fb5354b79c5b4c4cfe69a46307d4a08f5553cb49573534bca5f0bcb1c58e0e6e41c6c46c420bab602da92f70f61b1bf9bc70472edf12163c9bf288f56de93bb136b5ba444fe7cbfbabbe785b9c42eff33f3f6015db4fab1f7f1c74afce7f4d96935772fe4646cff2e7ef94ee7a9e3cc7e1888f87ebbb76f0c78151df6d14b7bd4f5551d9d401243471bb97d83d0b8f9f5c0558ac47463be5bdff0014eedeb67b25bac144ca1b652454b4ece8c8c63e27c4f9aaac5ea020202020202020202020202020202020202020202020201190420e53d6968160d7775b7b9b889f219231ddcaedc7dc285cb5eede61ea1a0cff0068d163c9ecda7e0937086e22d5ace9e3cf2c756c74047767191f50b2696db64f7a2b8ee1efe96663f979ba194b38446b887a425d71a666b2c55a289d23d8fed0b39c1e539c11908353d93d1a2eb6dba36e0ed534f0cb1bb998e8a939c8db1d1c708262ce0989f06e3abeff00518ee8646c2df90082bc3c05d14d3cd55057d73bbcd4563dd9f91083230f06740c2006e9ba5763f9dcf77dca08bf12380d6ebdd9dacd234f4767af6bbda3bb592b31d0e013907042a4c79ae8b4c44c7ab9f64d1f7ab75caaacd70740daba4798e421c4b4f98dba2d5c9aca5276984f697b3ba8cf8ab9a2d1dd967f44f0ca9f51ea3a6b6dc6e6e823973bc4c04920671bf8e1598b5b192fdcd9935dd9eb6974f39e6fbede5b3aee9a9d94b4f153c4d0d8e2686340ee00602de736a88080808080808080808080808080808080808080808080808083437a425a7d56f96cbcb1b86ccd313cf983ff00b851bacaed689f576fd97cfdec37c33e5cd09b556badf70a5ad8ce1d0cad907c082b56b6da625339f17898ed49f38755d2d432aa9a29e33964ac0f69f2232a6e2778dde636acd6d359f254555a2020202020e75e34dbff0008e2136b1adc477081af27c5cdf64fe8a1f5d5dafbfabd23b2f9a32e8a71cf5acfd79b0363b93ad7a8282b81c082763cfbb3bfd169e3bf76f164ceb30466d3df1fac4ba9d8f1231af69c870c82ba478fcc6d3b3ea2820202020202020202020202020202020202020202020202020d79c74b31ba6859e663732d1bdb337ddd0fdc2d5d5d77a6fe89fecdea3c2d64567a5b9341d0cc26a68de3bc28b7717aed330e95e185d3f15d1740f2ecbe06981fef69c0fa614be9addec70f3ae2f87c2d55e3d79fcd2a59d1a2020202020d43e91969ed6c36dbbb1bed51d4f66f3fd2f1fdc05a1afa6f58975dd91d4777517c33fcd1f46a18e40f858fef21433bc98f274fe85b9fe2fa4ad9565d9718431c7fa9bec9fb2e8b4f7efe389792714c1e06ab263f6fd79b3ab334040404040404040404040404040404040404040404040404041637db7b6ed66ada178c8a885f1fc48d95b7af7ab30cda6cb38b2d724794c391adac7534b5346f187412b9b83ddba8397aa64dadb5a3cdbbf81173e682e56c71fc8e6cec1efd8fd8290d15b94d5c6f6930ed6a65f836c2de72e20202020208c7136cdf8ee85bc5186f33fd5dd233fe26fb43ecb0e7af7b1cc24b846a3c0d663c9edfaf272fdb67ed689a7c173d687ac79b7df022e9eb5a76ae80bbdaa59f207f4b867ee0a97e1d7de935f4701dadd3f73535cb1fcd1f46cc520e504040404040404040404040404040404040404040404040404041cadafedbf81712ae94c072c750eed983dfbfeaa1b3d7bb7987a670bcde36871dbd39249c23b9fa86b5a68dc70caa63a13efc647d42bf4b6db247b51fc770f7f4933e9cdd0aa59c188080808083ccb1b6589f1b865ae05a47884562769de1c81556f7592ff76b4b863d56a648c7b83b6fa10b9ecf4eeda61ec1a4cfe360a65f5886c7e065ccd26a9a8a273b0dab80e078b9a723e9959f87db6c931ea81ed5e0efe96b93fa67eadf4a69e782020202020202020202020202020202020202020202020202020d01e9196bf53bf59ef4c6e04ad30bcf983ffb851dacafdedfd5dbf65b377b0e4c33e5cd0fb357badd75a2ae61c182664b91e4415a94b6d31299d4e3f1315a93e70eac8646cd0b2461cb5ed0e07c8a9b89dde6131b4ed2f6aaa080808080839a38cd6cfc2b89b2ced6f2c77181938f370f65df60a235b4dafbbd1fb359fc4d1457fa6663fbb316b968ec172d3570a5a6ec18ea8687c9824b83861d979ebd474db6724776934b561af7f17555d461c96df94ed1eee9cbcbfe9bfc1c8ca977002020202020202020202020202020202020202020202020202020d67e90566372d052d4b1b9928e56ca0f803b7dc85ababaef4dfd1d0f6673f87ac8acf4b46cd136e9c545143203d5a145cbb7bc6d330ea1e1fdcbf15d1f6ba8272f1088dc7cdbec9fb299c16ef638979b713c5e16aaf5f6fd521595a02020202020d29e9236cc4562bcb5bbc533e99e7c9c323ead2b435d5e512ec3b259f6be4c33e71bfc91821f75d170cd19e6968c879e5200686ec33e78c77f7ec3aad4b44df0ef1e496a5a307119acf4bff7e7cbe3ff006e82d3d5e2e962a0ad073dbc0c79f791bfd54be2b77a916703acc3e0e7be3f4996415ed71010101010101010101010101010101010101010101010101061f585b05e34bdce84b798cd4ef0d1e78c8fa80b1e5af7a930dad0e6f07514c9e930e46b0b8b219a99db18242dc7c54359ea39baef1e6e87e05dc7d634e5550b9d97534f903fa5c33f70548e8adbd661c2f68b17773c5fd63e8d94b71cf0808080808207c6fb57e29c38ba16b79a4a50caa6f9723813f4cad7d4d77c729aecfe6f0b5d4f6f2f9b4fe8a71ba582ae84379ddca4c7c8ec3c73377382771ecb46c33bf728dc31deada8ebf89cc61cf8f37cfd394fe5d667d39373707eb9d55a361a779fda51caf81c339c60e47dd6f686dbe2dbd1c9f68b145759378e968894d96e20840404040404040404040404040404040404040404040404040201041e85071f5f2de6c5c41bddb48e56995ce60f2cedf450d96bb4cc3d4f4b97c6d263c9ec6cfe05dc3b0d4557444e05441cc079b4ff0062567d15b6b4c39fed1e2ef61adfd27eade4a49c608080808082cef36f65d6d15b41200595303e239f07348fd55b68de261970e49c792b78f298972be8192be92ae6a1a67b23a90c9207194fb2de5fcdcc307230d2a1a9de8bcc57abd3b89462c986b9327e18989e5d7d9b371f06d9516aa9b9daea1f4efed432aa330481cd2325a718f82dbd156693359f7b95ed164a67ae3cd8e2797dd9de369f56d1520e584040404040404040404040404040404040404040404040404041cc7c7bb7fe13c4ba4af030cac8da49f138e5fd1466aabb5a5e81d9dcbe268a69fd32f7c3ab97e1bad2d537361af97b277b9c397f558705bbb9225938ae2f134978f66ff274c8e8a65e76202020202020e5abb81a4f8b17661613132b0cdcbe2c907311f2710a1f37f0f2eef4cd247db38656b13ce636f8c259c33d4065e2246e7011c3530ba9a38fb98c032d6ffd29a6cbbe7dfd7934b8c68629c3663acc4ef33eb33d67f36f9530e004040404040404040404040404040404040404040404040404041a37d286d65d6ab55d98dde094c64fc88fd569eaabce25d7765337dfbe29f3e6d696ea930cb4d5911dd8e6ca3de30547749ddd265af7a2692eb7a2a86d5d1c150c396cb1b5e0f911953913bc6ef2fbd7bb69acf92b2aad101010101073a71eadfea1c43a4ae68c36ba8db93e2e63883f42145ebebf7b77a0765b377b4b6c7fd33f560b4e577e19a8adb5b9c08aa18e3eec8cfd147e2b776f129cd6e1f174d7c7eb12ea76905a08e842e91e46fa808080808080808080808080808080808080808080808080808201c74b57e2bc39b800dcba0e599bf0383f75afa98de9bfa26fb3f9bc3d6d7dbc9cdfa6ea5b536a89a5dedc7ec11ee51768e6eff3d76bbaab86f5ff008868bb6484e5cc8bb23ef69c7e8a5b4f3be3879af15c5e1eaaf1eddfe692acc8f101010101069af492b6e6d764bb346f4f566071fe97b7fbb42d2d6d77ac4bacec9e6db364c5eb1bfcbfedaa1aee6898f077c28597771e8eaad335ff008a69fb756673db53b1c7dfca33f55d1e2b77a912f22d6e2f0b517c7e932c92c8d5101010101010101030808080808080808080808080808080808311aba0a7abd3573a7a99638e3969a46f348e0d00f29c6e5599237acc3634993c3cf4bc794c387a9ae925b2aa76533839bda1191be46546f856b4747a7e7e27a3ad7efdb79f637e70c38b3058b4b8a49e82699ddab9ed3ce1a00207eb95bda7a4d29b4bcf78c6a31e7d477f1f4d9311c70b67664badb501fdc048083f159d14ab45c68b7cc39e7b6d4b23fe78dc1e07d9066a8f8a5a5ab300dc0c0ef099847d7a20ced15fed37100d25ca926cf7325693f2ca0bf041e8501040b8e36efc4386b7521b97537254b7cb91c09fa6560d4d77c7299ecfe5f0f5f8fdbcbe6e7ca2709691a41db0a02d1cde9dd25d17c1fadf5cd0f48c272ea77be13f0391f4214de86dbe28f63cd7b478bc3d75a7d7694d56da0840404040404040404040404040404040404040404040271d5046f57710b4fe8bb7495b72ad63b936104243e471f0e5eef79d90686d4fe94177b8b9f1d8e9196ea73b090e2594fc7a0f920d7979d717ebfb4baaea67ab0f1b99dce70f860a2b59989de1180da88dc48647d7a6e153bb0c939ad3d59bb76a575244239a9242077c6f07e870aac52c9c3aaadf21f6df3c1ff1c67f4c8412db4710ee9131b1505f84ac6f48dc5926dee39282ff00fc67eb3266eb69b65778fecfb277cc20a75b76d353445d4f63aca69fbbb2adf647cc1fb20c7526b5bd59cf353ddab299a3a0339c7c8ec833b47c7fbfdb801356455ad1ff00ab08fb8c20cc45c7c8b5651d458ae7660c86be17d3baa2179708f99a40716e0ed93e2adb46f59867d364f0b35324794c4b5a69d7f6d401a7ab463e5b2e7b24737afda79eede7c07acff52ba5013fbb95b281e4e183ff00f2a47875b95aae1fb598ff00898f27ac4c7f9f36d5524e44404040404040404040404040404040404142aaba92863325554c34ec1d5d2bc347d50462e7c59d176ac896fb4f2b87f0d38329ff00a410821b78f497d3743ccda2a0acaa23a3a42d8da7ea4fd10416f9e9597221c2829ad7463b8bcba577dc7d9043aa3d22f5bd5d4f6b4b74ac90f40d869d819f56e1059d5f14759dee2c563aae471ea26aa219ff0028ca0c3cd5d7eabfde55c1003dd147cc7e6ecfd9063e6d3f1d5c9dad54d34f21eae73b1f6c20b7974dc71ef03a48cff4bc8fd505b1a1b8c1fbaaea96e3a65dcdf741f44b78871fb48671fef23dcfc507c1769e3ff68b683e2617eff2282b4772b5d4604923a9dfe13b318f8a0cac12d7c2c6ba92a9ef8fbb0eed19f5e9f4415e3b9dd6a816978a768fcce2791a3f53f3083d3051eef7c9575efef317b0cff98ff7282d2aef0690134d49414e7c4e657fccec822973d5d759242c35ae23a61bb0f9745495d5db7e6d83c3cba32ae9446f78e72de6eaa17518e62cf57d2ea2b9b4f4c9bf588f9b71f09b535b2c5a96665757d3d3c5510166649001cc0823f559b43131773fda69adf4f1313ce25bf5ae0f68734820ee08ef52ae19f501010101010101010101010323c5063ae3a8ecd6919afba515379493341f9672822776e3668fb6b1e21ad92b65683864119c13ef38083515ff00d28f53c1ce29ec56da2674123a6ed5df23cbf64100bbfa41eaebd17305e2e043bff2e8da2303e2c00fd50456a6fba96ef2191f0d43dceeb2554dcc4fcf741445b2f754313d7b2269ead602efa941523d290b8e6a6a6a673e0e7e07d105fd358a829b063a5881f1232505fb6168d8003c820f5d98f041ec46107d0c080620505334cd3d40c79a0f1ea4d7ec00f7a0f125ae007124d033deedfe482b53e94b5d630ba4ab908071ca2070cfcc20f8ed3168a36b9b4b355419393cb306e7cf032831eea78682a981d50fab0e6b886ccc1ece31be475ebde82cae777f64e5fb0e802087d7dd65a9798e227cdde083e5aed13dca7eca21ec8ddf23ba37ff009e0826d456ba7a089ac89a0b80c1791b956f7619aba8cb58eec5a62155cd20edb7b95623663b5a6dd65dabc38bb7e37a1acb5c5dcce7d2b1ae3fd4d1ca7ea1556a48808080808080819c20c6dc352d96d209aebad15363ba499a0fcb394116b9f1b346db896b2ba5ab78fe182227eaec0410fbc7a4bdbe95aef53b5100747d54e19f41fdd0416ebe93d7bab2e651545345e028e9ccaef99ca08ecfadf885aba17cd053de2ae1e7ecc996a04518763382dcfe88231706ea68a77435b253d149fc4ce532387cce105a1b5cd51fed571ad987f287f66df937083dc563b7c479852465dfccff0068fcca0bd653b19b35ad68f2082a08d07a0cf241e83020fbca107d0c083db61738640384091ac80074d232307bcb820a02be8c922332d41ff74c247cd0797d73f970ca48e2fea9e6c9f93505a3a52e77ed2b1c4ff2c2c03ea7fb2a6f0bab4b5ba42bc5473541608a82aa6e7196ba4e620f9f7058e73523acb771f0cd4dfa527e8bba7b4dc1c183960a38dc48c9c340c7881bf72c73aaa37f1f67b536ebb4284630f731af7cefce32c05d959e6d111bcca2234d92d69ad6b333ec5ad64958ccb62a6735dd3321c6162b6a71c79a5f4bd9bd7e7e714da3dbcbf743ae175a8a7b9384eec96c677cedb91fd95f8f245e37868f12e1d934397c2c93bcfb188a8b954579ece320307576375911ebfb35824b83b95a0c70b4fb7211f41e2504ce968a1a181b0c0de460f993e2507b71c0416f3ccd8f94bf3ed383460677283a8bd1b6ee2bf4249465d9750d53d98f06b8070fa92836c202020744101be71a74cda5cf8e17cb5b23096fec800dc8f33fa2083d67a47d49a82da3b4d2f20cfb0e7b9eefa610456f7e911a9e4cb62a8829493b474b0b5d27c89710821773e25eadbde44b2dca56bbbaa2a7919ff2827ec8308f9ef752497d453400f50d6979f9923ec82e28ed76f9a279bb5d2f324807b2ca7e4630fcb0505e53c1a5edf217d369c6553b3f9ee131908f80c20b866a1aba60d6d0c347400070ff00568034efd77393f54165515d575523a49ea6795ef397173c9ca0a007920f40041e83420f4d6f920f6d664e3082e61b6554e476704841ef2303ea82e7f0392319a89a0807f5bf741ec515b22fcf5334c47746cc0f99dbea83e7addbe1fdd51309f195fcc7e436faa0c0dea9229e29e7a387b0aa702e6f604b1a5de632728285350d55676aea7a689ce8402f7388e61b67ab8e7b962c996b4ea90d1f0ccfaae78e393270e9da89240dacb8318d2de61d902ff86f8c2d6b6b23ca13d87b313b6f92df24a341e92d3b5f76a78ee4d350191bdef6cd3f66c7903bfa6067756d33cdedb5a76867d7f05ae9304e4c54dedca23cff0026d296bf4069aa5923a286d314bc84014f0079271fcd8fd564b65c35f6ca334fc3b89e6b472988f97e4d20e9ab391ac92e3140c8c06b7b36f33b18c753b28e9bbd1b1e931d3a57750925b4c1edd54b254907399e4f647c06ca91de9e8cb7a4d6379dab1fe7aa8546bab7c60c34f233dd18dbe9b2c91a7c96e7b222fc4386e9f94e4899f48e7f4462e5aa6795ce6c344e23f99cf007eab629a49f3969e5ed861c71b61c533ef988fd510ae8ab2ef5fcfd892718e58812b7b1638a46d0e238af12bebf3f8d7888f733568d2f33de3d6627d3c2ddc870c39de407eab22312c8db1c11b6185818c6ec1a104e69b8477a736075c2aa8a804d82c639ce92439fe9683f74123b6f062cc608a7adba57540780e0d8e3108c671fc592abb08d717f49d934a5aed335aa967a77cf24ac93b6792e706e3077dbe5e2a8245e8a7a807e397ab3b9dfbf81950c1e6d383f4720e96404040232308385f5cb2a68aa351d317863e96b6560e427f2876d9f3dd06be96ed50ea4a4a37cee753c92192520ee761b13e08ac44cf449add70a58a30216c6cdbf84008a326cb835dded3f44159b52c7788faa0f6d918ee8e083d20f990103282ac54d3cdfbb89eef30105db2cd55cbcd20642df191c020acda0a48ff7d5cd77944de6faa0fbeb16b83a42f94ffbc7e3ed941f7f1eecb6a78618bcd91eff0033fd905b4d7aaa973cd2bc83d473607c86105a1ab793b3b07fa46101a6599d8631f21f204ab66d58eb2cb8f064c93b52b33ee85ec167b84f8c43c83c5e70b05b578ebe694c3c075993f976f7afa2d2f29de5a803c9a32b05b5f1fcb094c3d979eb96ff00285ed169ca5a4ed8b4c85d3639c93d7030b4f2e6b649de5d3f0fd2d3474f0f1f3f3e6ab5535a6d6ded2aea29a0c0c66590376f8958eb59b7486d65d553146f7b44422372d65410cd27a9d576accedd9336fd16c5749967ab56fda7e1b8abb4ccda7d91faec8fd6eafab9b3d93481fd47fb2d9a68623f14a2751db68e9a6c3b7b667fb47eab1a7b8d4dce56c4277b5ef3803f28f9acd1a7ac74844e7ed46af2c6d39263ff009888fcf9cb20dd32e9487544d193e7979faacb14d9099b5b6c93bdb7b4fb6667eabb8f4fd1c63db7c8ff00204342bbbb0d79cd695c3282861fcb4b17f98737dd5cc73333d5e9f3060e56e1adf01b04516f24f8416e6a830824e70506d6bc71d2cb24f14f4966aeaa9a20d2cede711b5840c6c1b93f5418bffc52e20ea02d82c1638e9db8e567614a5e40f7bf23e882849c2be2df10ab2237a8aa191333cb2d64ad0d8f3d79580fe8836df07f8007879796dfab6ef254d7089d108a2c36201dd73de7e6837320202020e59f484d3ed8358d7b2263636dc699b3038d8b88e527e6d41ce75ba76e76c91c5dced6f4e76eed2a93113d57d325a93bd67678a713c2476c1ee1fccdd8aa777d19675169fc7113f0676c4fa196e3136e172a98288fef3b28c3a56edb60388077c77aac30da6279c46c98ff00872df5239acfabadd519e9157c6fa493dd93cccffa9556a8555835150b0cb2daa6a8847fe75296d4478f1e68c9082859ee14afa877acb667362c7344c3ca4fbf3d104a06bdb3da1ac645a7a27b8ec1ee7027e39082dab78855b5408868e8206ff4401c47c4edf4418c875057d43a4ed26778ec797ed841f1f5b23ce5cedfc7a9f9a0f06773cee5ce28ac44cf28578a8ab26388e9dff118fbac56cd4af596f61e19aacdf8292be874dd74dfbc7c718f7e4ac16d6d23a2530f66b516fc7311f9b21069589b8eda77bcf90c2c16d75bca12b87b31823ff65a67f26420b1d0538e630b36ef7eff0075af6d464bf2dd278f856930738a47c7f77a96eb69a1043aa6118fe166ff00648c192fe464e27a3c11b4de3e1cfe8c7d4eb7a1876829e698f89c342cf5d0de7f14ec8ccdda7d3d7963accfe4c3d66b8b9cd914b04300ee24731faedf459eba1a4759dd159bb4da8b7febac57f3616aee17eb8e4495b5041fe169e51f20b62b831d7a422f3713d565fc7927e9f463a4d37553fb4f88bf3d490af9ac4f9356b9f257a5a56ced23203cdd8cb1f9b553b9e8c91aa99fc7113fe7b1ee2d335ce388672efe991a5536bc749648c9a6b7e2acc7ba436e9ec95907acc7c85c416b81d8f92bab33e6c59a98a369c56dfe1b251da8d95cd75025fdbb9e652585a00660601cf54152182a2acf2d3c12cce3d1ac6927e8833b6ee166b4bd169a6b0d5358efe3987663ea82636af465d455a03ee571a4a26f7b5997bbfb209959fd1834dd372bee55b5b5ae1d5a08634fc904eacdc25d19620d34962a42e1fc72379cfd504a20a0a5a5686414f144d1d031807d9056318283d01840404040418ebce9cb3ea0884775b75356340c0ed6304b7dc7a8f820d7b7ef47bd2d710e75be5abb6bcf735dda33e4edfea8398b5bda2d1a4f575c34fd5b9c27a37f2f6cd8b943c78e371dfe0adb6de6cf82b926dbe38e70a73e8aaa8a2a7b8d5dbaa25b7ced12c6f7c2e89b234ee087807623c00548a447464cdacbe58daf11f285a9b15a647bfb2fc4add8196766f6ccd27c3973957b51655125d2c552d3435734c46fda3627c65bf1082ee0d5575be49eaf7392594c6de66be53ccef0c73119faa0b07d31818230d2007b8805fcdb124a0bb6bf031ca7e48ac425ba6f45545d258e27ca237ca0b83402480067bb3bf96169ceaf7b77690e8a9c0a31e1f1f516f847b7de975170c208f2fab9e32c0320b5dcc4ec71e03c3e6ad9be59eb3b7b99ab83434da298e6d3ff00ebf65dbad1a62d31c01d5b0769dab4c9ca47e4db38c7dbaeeb14d3bdb73996ed755e177b6a5691b72e91cfe2b1d45a8acf3d6f6f48f74a4b4090b62e40e70ef033e1855c9a5bde77859a4e37a7d362ee5e667d36e7f9cecc0cfa98b7f734e3dee3fd95d5d047f34b166ed4cf4c58fe72c7cf7db9cff964ecc7f4370b3d7498e3c9159b8feb7274b6dee85a76559567323e4933fcc4959eb4ad7a42332ea32e5e792d33ef95c43a7aa27e91bb7f25730b2947a0eaaa08fd99dfc9048edbc28a99c8fd83ce7c904b2d9c199362f8437deabb093d2708295ad1dae3dc020be3c24b4b9a0181a4f9841561e15dae1fc913187c8208beb9f477a7d5eea7961bb7a94d074261e704673d01082da87d18a85a63357a86adcc6e399b144d1cdf139c2a099dab823a2ad5caefc33d69e3f8aa1e5df4e8825f6fb1daed6c0da1b7d2d301ff00a7106a0bfc20202020202020202020a555550d1534b53532b62861619247b8e035a06492835a557162e17bab89ba3ad0dafb7ba325f70ac73e0607676e5696e5c37cf76474501c4fb4ba2d07ddc96dede90d8c5a6be4e90c6b27e25cb1c2e9f53db637b1c5c5acb78c499fe177b4761d36c2e66ddbf899fe1e0998f7fecdb8e1d3e764175ce86bd6a0aa174d4369b65faa227645453034d288f7f64b770fc01fc47bf0a4343db8d167b773356693f3862c9a1c94e71cd5ad7a86a6b23969a9ab6b3fd5711494d37335d16db02d3ddf45d962cb4cb48be39de27ce1a531313b4b1b72b75156171a9a085ce3d5c19ca7e6164511aadd37460934f2cb0f973642a0c3d4d8eaa3cf2ced95be04908311596dab6cac7081eec7f2ee82a476eaa79198881e64045627648acfa9eb67d4d516f84470454d0f317b33cf9200c67e254466c5e17387a170dd6fdb622b7ac6db6fb7c7932779b8544ac0ceda57bdc305ce71380b26931cde7bf6e90d2ed06b2ba7a469b0c6d36ebb7a7eec3369a690ef927c549b8999dfaaea2b3d449d18e2832745a42b2adc036171cf92095da38515d51ca4d33879bb64131b6707b90032f237c8055129b7f0c6db4e017b4b8a0cfd1e95b6d1e3b3a666de2106522a2862186c6d1f054dc560c68ee083ee0206107ce540e5ca001841f501010789a6653c4f9a570646c69739c4e0003a94e8ad6b3698ac75968eade29deaef6dd5f7ab4d53a1a5b74d4ada36f282390c84389dbf8805a139ed68b5ab3d367a162ecee9f0e5d2e9b515ded78b77bdfb72f936d68fd4d4dabb4f525de988c4ccf6d99de378d9cd3ee2b731de2f5ef438be27a0be87536d3dfcbf38f296695ed01010101010697d4b7377102ff526add25169cb0cd2c4e1dbe195af6fe67bc0db91b820039cee5713da8e39970da341a3e792de9e5bb7b49a78b6f92fd21a6b5c71c6e370a9368d1ee16eb7b0f64da9186c92f76413b31bf5f31d15dc1fb23a7d3c466d647899279cefd23e1e7ef933eb6d6fbb8f94208da2d437633d4cf757c9244de72e7d77684f53b90e3cbb03b9207cd75f4c54a4776b1110d29999eac9d83891ac744cd13db74f5ba6ce0d2cf50da8638786ce25bef18517c438168b5d598cd8e37f58e53f365c5a8c98e77acb715255daf8a3668f51d873457aa0735d2c01c41c8392c7e3f331dbef8dfdeb87c59355d9ad5c62cb3dec17e93fe74986fdab4d553bd5e5684b74fe9f8f58e9ea7bac744ea57c85ec969dc72e8a46b8b5cd3f10bd3f164ae4a45e93bc4a2e6369da56371e194e325b1387c15ea2375bc3fa9873ecbbe49b0c255695aa80ef165505bb6d5c9b4b139bf04102e6a8b46afb918e3c49519631ce697076ede5c637e80fc56b6a3177e2135c1b5f1a5b5f7988de396fd1baf4f70b2eb74a082a6b62f579251cc58f1bb41dc03e78c2cb8a9dca455a3afd4fda7516cbebf44b6ddc1ea7888334a5de402cbb34d29b7f0eed54a0034a1e7c4a09051e9da1a403b3a78dbee08322ca5633a04dc540c01507ac202020202020202020202020d45c7fd77f83da1ba728a5c55d7b733969dd90f87f98edee0569eab2ed1dc876dd8ce11f68cf3abc91f769d3db3fb201a2281d2f0875a4c18e25cf880c0ebc8438fdd60c71be2b4ba6e2f9e2bc6b475dfd7f3e4adc06d73f805f8d8eb25e5a1b8b806171da39bbbe7d3e4aba5c9ddb7767a4aced9708fb4e9fed58e3ef53afb63f6eae96524f26101010104578a57d7e9ed0b75ab8a29e49648bd5a2ec4e1cd7ca431aecf7005c0e55992f14acde7a42b11bcece7be33dcffc1fc3eb4697a173a335a3965393931300241f7b8b73ee2bce7b2587edbaecfc472f3989da3df3fb7d525ac9f0f1571434de97a4b154d4543efd55571c314598a9e8da0cd532170018d24103a9393e0bd1918915c34969cb16acbcd82e5719591d3f65ead50f21ae1cdcb96bda36e6687e4f9b0f715516dfe15d2a1b013aa1ae74af2d2006fecc7b4439dbec3668efdcf7a0abc1fd4d2699d794204a7d56b6414938cece6b8e1a7e0ec1f9a84ed0f0faeb741931cc7388de3df1fe6ccfa6cb38f2459d3fc3d78b2f116f5688e098c173a5657b5cd3fb389ec3c8edbb890e67c946762b5b6d4683b969e749dbe1fe6ecbaec7dcc9cbcdb4dd131dd5a0aec1a6b69ed54951f9e169f826e2cdda56d4f765d4cd3ef4dc7b6699b547f968a1f8b4141563b1dbe2707b28e9dae1b8708c6420bc1134746841f7b36f8041f7083ea020202020202020202020202020b0bf5ea934f5a2aae95af0c829a32f71f1f003cc9d95b7b4563796c6934b7d566ae0c71ced3b390ae75d73e216ae7cdcae96b2e3386c718e8d0766b7dc07d9445a6725b7f397b969f0e0e15a28af4ad239cfd67e2eacd2da3e834de9582c0d8d92c2232d9891fbe7387b44fbd4ad31c56bdd78b710e259757abb6aa6769df97b36e8e5fe22691a8d09aae7a26f3b602eede9241dec276dfc41dbe0a332e3ee5b67b1703e275e25a38c93d7a5a3dbfbba3384fad9bad74ac334cf06be9710d48ef2e03677c46ff352183277ebed795768f84cf0fd5cd2b1f72dcebfa7c13459d022020208071c391ba11f2cb5eea38e2ada591c00da70266feccf91ebf05abaeacdb4d92b1d66b3f45d49dad0e7cf49481eea9d3b543f72ea795808e99cb4fd885c5760ad1f67cd4f38b7f6fd9bfc463ef567d883f0deae1b25c25bb54e9bb85dcb585b492d31c7abcbfce32c734b877646c775dea397b6ca4999aa2aaeafd3776aba0aa63e374558e6cb312fe50e71710df6b2e241c778417d5535aaa66a8925d11706c93c8e74a594d900f3e406e1c0018f0c74c77e5045e98d25d35bdae2b3503a8a275553c6c84925c1dce324e49df395835178a62bdadd2227e8ad637988757d8de25e2fd13195ce85d15aaa1ef800fdf82f8c007dc77f82e1bff1fd67c0cb6f2998fee91e253f7e21b617a1234404040404040404040404040404040404040404041a3b8cd79ba6b3be43a234ec125576044b5663fcbcfdc1c7a00d1b9cf79f25a3a8b4dede1d5e85d96d360d0609e27ac9eeefcabbfa79edef63b4e47a3783952daebb5c7f17d401a5bd85100f6d3e7aee76cf993f056d3b98677b4ef2dad75b8971faf87a7a78787d6dcb7ff3fc949ffd24f4cfff006cbb7fcacffb965fb657d115fe84d6ff005d7f3fd186d47adb40716e28edd5f2d659ab2224d2d5d431bca09ee24123076eb8f7ab2f931e5e53ca5bba2e13c5b81da736188c959fc5108ee978af5c19d614f3dc5bdad9ab4885f5501e686561e8f07c475c1eecac54ef61bef3d129c42da6e3fa2b570f2cb4e7113ca627ce3e2e948e46cb1b6463839ae01c08e842937944c4c4ed2f48a083e3da1ed2d70cb48c11e48389b8a62db1713e5b1597505cabed1254c6c9e0754bdcc89e5fed46d249040ee38d8edbe15b3e83e6b9e20d6ea1b25a6d9a834a7aa41235b5547506a5cd7bd9bb79812d3969efdbb8284e19c0b4fc3f2df2e099fbfd6276dbe8cf97516c958adbc98eabe1d4f46c95d35a1c3b385d3902e20e5ad2338fd975df3f02a6d81567d0755402560a297f653361e565c5c3da739a07588637737ae091b8ca0a52f0fcc5fb4a8a16c6c7492c66475c0b87330bf39c424efd9b88f1184146d3550684d496aafa7b232beb1ec6cf491fae991aee71863b0180e4e760b5759a5aeab05b05a6622d1b4edd57d2fdcb45a3c973af757df2b2f7f8a4f15669ebb432be86a23827735cd680d7636c1fe23e39d960e19c330f0ec3e060df6ebcfaab972db25bbd676070c45abfc136d759ee93dd699f1879aa9e5324923cfe6e6c9241cf7772938634a5010101010101010101010101010101010101010613546b4d3fa321a79aff00728a823a9798e22f6b8f3b80c90300f720d7d556db7713a4ad1a1f59d1d15238f3d6c1494f896490e72e79cb5d83f25af930cdbf0ced0e978671cc3a6889d4e2f12d5e51333ca23d223698604fa32ce727fc4d19ff00f54ffdeb07d8e7d5d27fafebfec7fcbf663ef7c02a4d376d96e776d5f05251425a1f33e9090dc9007477890abf639f53fd7f5ff63fe5fb2f9be8d133da1cdd4b1104641f553ff7a7d8e7d4ff005fd7fd8ff97eccb5070cebb425b2a2a2ebabe9e4d3b0b7b4ada6a9a42f84c63aec5c794f9857d74d6af2df922b88769f4daafe2460eee48e968b6d313f08e7ee6deb7ba97d429bd4f9052989a610dd8726072e3cb185b511b46d0e36f7b5ed36b4ef32b8555a201008208c8283013e80d2d33240dd3d698a478204aca48c3da4ff001038ebdf941a3f537a28322b776f6fbfdcae5252c64329e7735a7900c8630f2900f80d82b663972185b3e8782f01b04fad35150d6e32fa3ac89b1cadc8c1c870dc1e623c0ae3b89f69357c3efb65d37ddf58b72fa377169a992395d566e0fea56cfcf4ba964958e24f68ea90d76e41ce04277c81dfb606161a76f34131f7eb689f4da3f55d3c3b2794c3dd570a994340e96f5aeabe9c340e601cc73760f0377019387bc648ef2b0c76de73648c7a4d3dadef9dbe912ace83bb1bdef10b3d2fe8f8dd695ee9a2b8de69adf43c90c759571889d201d3b2696e48031b9c75db2bb2d164cf971c5f3d3b93e9beff003e4d1bc56276aceedd1a17821a7f4752d6c35aeff113eae613996e70b24731d8c6d907af7adcd96a756db45bacd0182db414b450b9dcc63a789b1b49f1c01d5545da020202020202020202020202020202020202020d4bc738ae735f741b2ccea66dc4dd25f57352c2e8b9fb0763980ee4561ac2f35d78acb15f751d7d78a4d4eca8a5b55de829e234ada4a51212e71734b9ce6bb6fda0ee40aaacba5af4ceadff000e5e283f0e30d199696d3709ea994d99407bc4ae6fb3ccccf30692463282cb5006c5a5355c36ebada9f6b75152be4a1b65c27ac64727ac300939dedc35c464100e76e8833372b852d927bf45c34bcd6d5d13b4d3aa2acc354fa8114fda34738249e57f21774dd063b52c964a3a2b8d1e8abb5457db6a74b4f35d5a2a9f3b04c0b791cee62795e493b6dee41b0b83d53254eada81aba5923d47151c4db6d3127d5c50f20c3a1fe671df98f508a3762020202020c16a0d0da7354d4c35578b4d355d4c0c74714cf043e307ae08dc7e8adb562d1b5a3782276459bc0eb344d8590df75246c8de5cf6faf97768dfe5391b0c606d82a3efc1b4379ef4e1afc992335e3cd736ce09690a19a49eb69ea6f3299c4f1bee53ba63011b80dcf419dfcfbd6de0d2e1c11b62a457dd1b2db5a6dd653d000181d1675a20202020202020202020202020202020202020202020a72d3c33398f92263dd19cb0b9a0969f11e083c3e829247c8f7d2c0e7cade47b8b012f6f81f10829d25a2dd6fa77d351d052d340fcf345144d635d9f10061079a5b25ae8617c14b6ea3a789e799d1c50b5ad71f1200dd07aa2b3dbad8c91943414b4ac90e5ed8626b038f9e06e83cd3d8ed5471cb1d35b68e064dbcad8e16b449ff10037f8a0b83474ce92394c1119221cac7720cb07803dc82aa0202020202020202020202020202020202020202020202020202020202020202020202020202020ffd9, 'Treadmills', 1);
INSERT INTO `products` (`id`, `title`, `description`, `price`, `quantity`, `img`, `category`, `admin_id`) VALUES
(7, 'Reebok Jet 100 Treadmill', 'Reebok Jet 100 Treadmill  Equipped with a 2.0 HP motor, speeds up to 16 kph, 12 incline levels, Air Motion cushioning, Bluetooth connectivity, and a foldable design for compact storage. Ideal for home fitness!', 250000, 15, 0xffd8ffe000104a46494600010100000100010000ffdb0043000604040504040605050506060607090e0909080809120d0d0a0e1512161615121414171a211c17181f1914141d271d1f2223252525161c292c28242b21242524ffdb00430106060609080911090911241814182424242424242424242424242424242424242424242424242424242424242424242424242424242424242424242424242424ffc0001108012c012c03011100021101031101ffc4001c0001000203010101000000000000000000000506030407080201ffc400471000010303020304060608040407010000010002030405110612072131134151610814227191a115324281b1c116233352627292d12443538225a2d2f0171834556384e1b2ffc4001b01010100030101010000000000000000000001020304050607ffc4003811010002010203040708000603000000000001021103041221310513415106143261718191162233a1b1c1d1e115235253a2f0244292ffda000c03010002110311003f00f54a020202020202020202020202020202020202020202020202020202020202020202020202020202020202020202020202020202020202020202020202020202020202020202020202020202020202020202020202020202020202020202020202020202020207441e74e317a4fcfa7af13e9ed1b053d4d4d3bbb39eb651bda1fded6347523c4f7f72c2d7c2d6b369c475730a7f4aae25c726c7555be639c6d7d18ebfedc2c78e7aaf05b8b871cd6b6fa4f6b0a5607cd5ba7de3c25a19e327cbaaca2f13d2595f47529edd663e30d687d32f53b4feb74f5a24fe5748dfcca9c6d6ed3c11e3154f16286e13555985b9f452319be390be393702703239118e9e616559c8e9eb2040404040404040404040404040404040404040404040404040404040404041c87d21f8b91f0ff4f0b5504f8bcdcda58cd87daa78ba3a4f7f70f3e7dca4ce07930bed820739d4b530b9ded76f8717027ed6e2b4cf05b93b2b4d7d18e38898f7e3f747c1456c6173e1af99a1c3692e8c1c7df95662b3e2d7a37bd266d5f836dd4f6daa87b092e25b103bb6b01e67c4971294d3ac73cb66beeefab48d3c6223e3fbcca534be9176a2bb4764b20925353b58f9b6b4e49cf2c9e9f9004f72c2da5c5789cf2865a3bb9d1d2b69d223ef78f27b4f877a22834369fa3b1db87eae986e9a52306794f571ff00be4005d1118870adea820202020202020202020202020202020202020202020202020202020202083d6babedda1b4dd65f6e726d869d996b01f6a57fd9637cc941e6e9f870ce224efd4fab6beac5debdddaf634f23765347f6230083d0616334e2e72ce9a9c139886adcf8136a930d377bb98dc7716b626380c78f458f7111398746b6fb57569c169e4d7ffc028ea690d3506a09208c0c384949ccfbc8729dcf3ccb0aeef56ba7dd44f268d670327d396ba8a917db708a3f69cf9e37373dc1bd7bcf2fbd676d2adb9aedb7badb7af0d313f1875fe09f0ee2d216a8ee155d99bbdc584c21e305ace5b9c079f2f7340ef252b5c434ea6a4ded36b75976aa785b0461ad00779c78ac98322020202020202020202020202020202020202020202020202020a06b5e35e99d0f74fa2eafd66a6ada019194ed04479e8092473f241154be921a2e7c7682e107f3420fe04a095838eba0a66ee75e4c23ff0092178fc905b2d3a9ad17cb64773b7d7453d24a096c83233824743cfa8283e27d4b451e4465d29f2181f3414be214ba775350d3457cb7b6ae929e6123e392374b818c12031c083dd9e78f058ccc74cb6469df1c589c39d5db4bf0ca6919f435151d361a5cf1513554479feeedcfe0ae3c98631d6196bb476848e922365bd5c8541003a2fa5e4a76b40ea7258e39cf8e15c4a437e8f8774535acd651eb7d422a1a373a962b9b26c1ee6873801e7cf09ccc24e3e0d17d4dbeaf506adb8ddadb4af6d41b7d4c6c02690736ee2d3cc03ddd39293133d474eb2c515454c95ce730c98ecda01faa079772a269010101010101010101010101010101010101010101010629aaa9e9da5d34f146d1d4bde001f1410b5dafb4adb73eb5a82db191dddbb49f80415cb871eb40d0647d306a08ee86271fc7082b172f4a5d2d4e0fa95bee152efe2dac1f8941e6ad63ab5b7ad78ed473c11cac7d50abf57909735cddc0861f2c722b5717136eae9ce9cc7be227eab15f78cdf4b1219a4b4dc3bbf768180fc79acf2d4aa565cc571cba0a6a7dc73b6166d1f8aa2ebc2ae21cba2ef71fad4f33ed930eca66024960ce4387b89e9e652247729b8b7a42be8a78e9752c704ee8c88dd287b76bb1cbeb37c52dce310cb4ed15b44cc670a868716aa8125c752eaeb6d45c1ef3d9b21ad0c1133bc72c6495c94d9d227367b9addbdadc314d2c4478f28c7d3dce8ed9f4ddc7037d9eac8e84398e3f22bb22b111887877d5b5e7369cb966a8d13ac69abeb6b6d95d42281f2b9f13192005ac2790c11ddef4c63a24da67aa9345c4fd5760926a7a4b835863718dce64519c907f7b19288caee2eea8b83ffc5dcdf83cb2d01a47c151f14b537caf649511de2b8c85e72d63c4647fbb192b46aceac7b1877ece9b4b72dc4cc4fbba2e1a2b883ad34b6fa7c4f5b4ef70738d754f6bb7f94f51ee5ae97d7f1abb35b6fd9b11f735273f0cff000bf0f483a7a40d657dba2326707b19fbbdc42ea78b311e0ea964bc52dfed54b74a271753d4b03d84f5c22375010101010101010101010101010101010101051f8cdaae6d21a06beb69653155cdb69a0783cdae7f78f30327ee41e41a517fd4756fa7a335d5d3005ef0d739c719e64fc541bc3877aa5e374f43d881df3d431bf8b9398d6b968ea9b5514b555173b3931e3f5115636495d938e4d6e549c8aec8c273c9623627b3c4f7b1f217970637206001c82d548b73987a5b8b6866b16ce62223c3cbe6d2905346f38a7248e5edbffb61658b79b9fbdd18e94facff00184e5af4edd6f8375aecd5157b701c61a77c9b4f9f5597079c9eb311ecd223e59fd66564a4e176b894031e98af00f8d286fe213bba9eb9a91d311f28fe1bede11ebe773fd1baefe968fcd5eeebe44ef35bfd5fa23af5a1b53e9f89b2dd6cf3d2b1c70d32b5bed1f2f14eeea9eb9abe33f942305a2a31ba48a060f1739adfc0abc11e07acccfb5589f947ecfdf566b1bb1d55b5a7a88a4711f34c5a3a4af7ba53ed53e93fce580d342cc86c8e70eef670b2873db19fbbd1f50d047584c472d761ce0e1e409c1f82c2d698e8d9a548bccc4f94fe51948d0d456d0c4e64557b03ce4e1809f9ad8d24d24b51fb7aa9e5fe679c7c107c3295bb498e20077bcf203ef2b19bd61be9b7d4bf388e5e7e0f59f08a9a6a4e1d59229c61dd8970e447b25c48ebe442b59cc35ea562b6c5672b82ac040404040404040404040404040404040404101acb4459f5e5b23b75ea399f04720999d9485843802339f712829b49e8e1a168e473d8cba12eebfe31cdc8f0f670824a2e03f0f6320bec2273e335448fcfc5ca604843c22d0700c334adaf1fc516efc5303f2ab843a16aa07c474c5b59bda5bba38835cdf30477a6089c3806a1f478d4b6bbd629aba867a499c435cf7b83b19e448db8ce1488c745999b4e65b36df478b83e78a3abbad1401ce0098d8e7919f7e15c23d09a0746d3e85d37059a091b398cb9f24db36991c4e72464f90fb951624041e47e3b6a992f7c43ac82391c60b791491b73c811f58ff513f041156ed1575b950c35ddbdba9e9e61b9afa9ac630919c6704e7bbc162aca74751c3ffacd59608bc7b399d29ff942080bd41456fac3050dca3b8c41a0f6ec88b1a4f7800f3e5e288d7b7543593ba425a58c61dc09c673cbf35af523388875ed6d15e2bda33111faf26e8a969e9045e5cdc7f359704f8cb19d7a47b3a71f9cfeed9b753d6ddee14f41431b5d5151208e36b1a012e27c53bb8f13d6f523d9c47c2221e86d25c04b25a5d0d65f2696ef58dc3b649ca16bbf97abbeff0082ca2b11d1a6fa97bce6d397526b5ac686b5a1ad0300018002c983f501010101010101010101010101010101010101010101010436a683752b26039c6e560400a78fd63d71a0f6ae606139ee0491cbde5308ba53c826823907da682a2b22020a6ddb83da1ef77096e15d6185f5533cc9248d91ecdee3d490d70083253708f42d21063d336f2477c8c2ff00ff00a2504a41a274c530c43a7ad2cf752b3fb2606d0d3b666b768b4d001e029d9fd93039f715781d41c408695f6da882cb53007073a283d9941e808047307bfcca985cce30e6768e054b053ca2e7a8a08994e76b9e203cfe2e526786332ca94b5e786b1995ff00865c24b55a2f11df1b575f34b4ae3d889a36c6d7e5a46edbccf7f24adb8b9b2d5d2eee62339975e59350808080808080808080808080808080808080808080808080835ae50f6f452b3f87282a501f6369ead3855167b249be8437bd84b7f3515be80808080808082a2ea68e3bf5441234163dc2400a633d562d31d13f4588e5da00008e8ab16fa8a2020202020202020202020202020202020202020202020202011b8107bd053658cc15b3c5e790aa262c12e1f2c5e203824aa69404040404040415ad40cf57bbd2d40e41e36956125250bb6c8c779a093514404040404040404040404040404040404040404040404040404157bf47d85cd8fee7855196d32f675b1f83b2d292ab1a808080808080820b56c5fe0a39c758a40ac043531b691b3c8f6b181b9739c7000f125113713c49135e0e4119515f480808080808080808080808080808080808080808080808080820755c39a78e71f60ab04a3a9a5c16483b887222dcd3b9a08e8465457ea02020202020d0bf43dbda6a19dfb723ee56072cd7044d62a0a89a4cd3c121ed629a42d82418e4d706825ce2701a307bf924a3a869b904962a12266ce3b167eb1bd1fec8e63dea2a4901010101010101010101010101010101010101010101010101068dee0ededb3371cc0ca0aad0c9ba000f51c9545bedb276b45113d40c1fb9456ca02020202020f99582489ec3d1cd210728d4b4c1da76be276fed29a50630d706e5ce2580127a0f6faf775594b1895c3871726dc74bd1b836363991861631c4801b9683cf9e0800f3f158b25a50101010101010101010101010101010101010101010101010107c4cced227b3c5a420a2d37eaaa6784f73b21545a6c12ee8248c9faaecfc5454a20202020202020a05ee8a492baed4310697d4c2f1187018dc5bcbaf2eb85978235b83d2d2b69ee30c31490486a37be391c6477d50ddc643f5f258e391903a0e8b1574840404040404040404040404040404040404040404040404040404147b9b3d56fb237a0782aa266c12edaa733f7dbf3092427d4510101010101054f51b3d5efd4d3f748dc155157d054b71b76b2b8d3bfd6be8f84f630bc96c8c706e36b1cee45bb43f9340ef3924a8aea8808080808080808080808080808080808080808080808080808082a1abe3ec6ba9ea00e448cfe0ac24b25aa5d9590bbcf1f1e482d6a28808080808082bbaca2c414b500738e4c1f7156125929031b1b5ec6b5bbbda381d4f8a09d69cb41f10a2bf501010101010101010101010101010101010101010101010101057b5a53f696c1281cd85584943d0cd964528eb805517863b7b1ae1d08cac55fa8080808080822754c3db5967c75661ff0002ac08fb54bdad0c4ef2c222c34aedf030f96145654040404040404040404040404040404040404040404040404041a37b83d62d750cfe02558149b449ba9434f5612d2aa2f76c93b5a185dfc38f82c55b28080808080835ee30fac505445fbf1b87c905534e4bba8b613cda70b245a6dcecc18f02b156d2020202020202020202020202020202020202020202020202020f9959da46f61fb40841cde89deaf5d574e796d7e42ca5175d3b376946e667ea3bf158aa55010101010100f30420a3d9bfc3d756d31fb1211f35922d36a7e7b46fb8a92437d451010101010101010101010101010101010101010101010101042dff005a69dd30cdd77bbd2521ee63a405e7dcd1ccfc1070ad4bc63b3b6f753359e29eb2379e4e23b307e3cfe4b2ca215de903aa2883db6ea5a0a76bbbdec323bf103e4b19921f30fa48eb98b76f36e9b2396ea6c63e042655b563e397116be67c90cd6ca86e7f673b18c03c8730505a693d20b5452f2ba68f8ea00eafa398fe1ed209ba3f495d34486dced577b73fbf7441e07cc1f920b25bb8d9a0ee78eceff0c2e3f66a18e8fe646105968b5259ee4d0686eb43539e63b29dae3f2283784c0f3ee2829d28f57d5552d1c849ed7c4655458ad8edb5183de12484aa8a202020202020202020202020202020202020202020208fb96a1b459d85f71b9d1d201feb4cd6fe250532efc7ad0f6adcd65c25ae78fb34d1139fbce07cd070ee247a456a2bccd35359e6167b5f46ba27813bc7f138f4f737e2a6471f7ea586aa67492d5492c8e39748edce24f994c8fd8eef4fbbd9b83da7ce423f144c361b5ce979b6b43fee61fc90668ea24fb618ff003008fcd1595b2c47ab1e3dc73fd906ed357cf01fd456cd1f90716fff008a8948353de206e3d743da4631246d78f985045d55419e674d33dae7bbaed6868f800020f88ea67047631bbde82668756ea4b3ed920be5651b5a41c0a8701f0ce0a0ee1a03880ed7920af95b0b67a77b6090c4793fd9fad8eecf35944f24754a478654c64903271cd4c90994510101010101010101010101010101010107cc9232269748f6b1a3a971c0082b578e26690b1877aedfe883dbd591bfb477c1b94147bc7a4c696a1dc28292b6b9c3a38811b0fde727e4839fdf3d2aef13ee6db68a828dbdc4ee99e3f2f9299141bcf1ab5a6a025aebb5c6463bec42eec99f067e6a6456649af95ee2e931193d4bdd93ff007f72bcc1b64a8947f88ac91de4de41312334760a38c73883b3d7773ca606c368228c618c6b47800a8f97dba29061d1b1c3cda981ad269fa29399a48b3e21b8fc14c0c474dc23f63254427f86438f814c23f059ae119cc35a1e3f7658f3f3184c48fd2cb8d3f39e8448d1f6a17f3f81c2655bb492c514d1c93c12be2041746e6b99b878671c93303a0d3ebdb253d98c141a2ed30bc8c0a89a43237df823738fdea70c4b2aea5abd148b9df58e91d2b8465c7b98c11b07b837fbab1184b5a66732a8dcae06bea3b18465eef0e81613cd1d17835a864d1159562bd8f969e731bc765cf6919f1f7aca9cbaa63c9d826e2969f8ea7d7a8ed172acab6bbb4619010c0eeeef381ee5ae7ba89cccf37a148ddde9c14ace3e0eada0f551d65a6e9eecfa76d3caf7399244d76e0d734e0f35b62626330e2b566b335b75585562202020202020202020202020d7acb9515ba232d655d3d3463aba590307cd0536f1c6bd0f67dc1f786d53c7d8a561933f7f4f9a0a25f7d292dd4c1c2d566924f092aa50c1f019fc5073dbe7a4beadb8873296aa9e8587a7aac233fd4ecfe2a64516e7ad3546a37975555dc2ac1ff5a67103dc0f2f9a08e6dbae953fb495b17bb9ff00dfc5398cadd36d71ccf3492fe1f3c94c0dc86cd470f36c0d27c5ded1f9a70c0db6c0d68e4d015c0faec950ecd07ef644f441f429c941f42979f3e688cada22065c303c4f2532afc2da68c65d2b4ff28ca646192be8a2e9971f7ff6feea646a497b8d99eca26b7cf007cf9941a151a85a092e99a0f9733f9a823292e4ea8865903c1df248e05cec721eff00724087adad96a65eca2702e3d79f4499c896d376632499682e39e6e23aff00df82728e72cab59b4f0d639ae1dbc76d6f634ce1da8fad20fb3e40f8f9ad58e3e73d1d9378db7ddd39fbfe33e5ee8fde5af2d6cd37ed2691ff00cce256cad2b1d21cd7d7d4bfb7699f9bd0fe8d573151a62e3405d9753550781e4e6ff76959b53b0a020202020202020fc748c60cb9c1a3cce10465d354d8ecad2eb8dda8a9b1dd24a01f875414bbc71f7475b373609aa6bde3ba18f00fdeec20a0dfbd28ea1996db2d54b4c3b9f552979f80c7e6839fde78f3ad2f9ba38ee952c6bbec51c6221f1e47e6a64546aab7505de432ce65738ff99512973be7cd518c58ab66399ab0b47833fbf24c4a33c3a6e923f6a4df23bc5c79fc530adc8a82960fd9c2c07c40e6ae065da0746a0fdc20fcda507eed40e5e283f4381e809447d3411ed38068f1270a64c0ea9a666732838ee673f9a655af25ea9e2fa8cddfcc7f20a646265dab2a48149048e2486831b3bc9c633cd6bb6ad6bd65d1a5b4d6d5e74accfc965b7f0c358ddf124f04542c77daaa9003f0e654ef2d3ecc33f56ad7f12f11f0e7fa72fcd0e6c56ca59036e37396591ae73248a16f3041c7227cc782f3753b42d13887d56d7d18d3b562fa9699fc93d62d1157787323b669b9dcc7031baa6b096b1b9fb5cfc3c9634bee3566319c376bedfb2b67498b4c4ce3e32b1d9fd196ded224bddf2b2b1ddf1c2044df89c9fc17b1c33e32f85cc2d155c2bd0da66cf52f65b28617089c04f52edce071d773cf2fb95e084cbc8337ac49fab818e6465c46ec7b2b5c644c596cae99e238c1c722f791d7ff00df00b2e5119654a4da62b58ccad4fa98edd07aad260387273c1e9e40f8f89fb82c2226fce7a3aed68dbc4d293f7bc67cbdd1fbcb5627be52191b5ce71e81a324adae2484da76f915ba5af92db570d2b065d3491ed0dc9c03cfaf32120755f45fba18751dcadcf7e7b7a5127bdcc70ffa8a0f4a2a08080808080838d719b8a17dd257c8ad16a7c5031f4e253216e5ce2491c89e9d3c149655c475708bbf12ee97bab736aaf53b9ec05cfdf976cc73382797c02c2233d659daf1d2b08ba4bbbef0d32b5f208ddfe7541db9f30d03f1595631d1a9bf0e9ca7a900cb7292a3c9af0d1f00b3c0db8b4e5ba947b10479f1c6729c2337aac518c35807b86107c39b81c820c64141f0420f92d41f98f14430807d9193868f12709930d792a606924ca5de4de7f3e8a655aefb9c6de51c60ff0031cfc87f7506092eb31e8fda3f8703fba0d19aeacce5f3349fea3f9a6465b6896e75b0b3d52b24a62ec4923184ed1f35cdb8d69d3a661e97656ca375b88d3bf45fadda2e6973ea1a76aaa1cd7873259c1c639750791efee5e6cea6bea74cbece9b3eccda626d6ae7eb2b859b406a77d64724d1d1d052991b23e30473c63960779c2cb4b67ad36899e4d5baedcd8534a69a79b4e263a79ba532823a48b711040d0325d8dc47bdcefecbd8c5a5f09c5a71d233f15266bef0cb48cf23fd62df2d5b9c5ee108f5994bbeece3e4b5576fa549cc43af5fb5375af115b5e71e51ca3f247d6f1e598736c9a76aa5ee12d63c42dfe9e64fc96f8b43cf98953ef9c51d6d776b9adbc416988fd9a2886e03f99d9293329851ee14335e773eb6e15f7498ff0099512ba4c2d76bd63da974696d35b57f0e933f246c7a769a9f1eb1543974697818fb864ad7de44fb319747a85abf8b7ad7e799fa465b86a62a58053d174ef78047c3bfef594566dcecc6da9a7a359ae8ce667acf4f947f2b8709b4f5bafd76ad173a3f5c8e9e9bb564449e6edc0788cfdeb738976a40eb43e592ae7b7d8610f718a16765192c2c3b721b9717038ce7e6821f546b0b4d469fb8db29eb26aea8ab2dc3dac706330e07abb99f0e9dc1063e01c15b4fc44a29e0a796484b248e6735becb1a5a7993efc20f57a0202020202020f3f7a4ae9e95d7bb25f431862113e95ce24e43ba8f8fe4a78ac74796af52c54b78ac8260e6b247105cdea015afc51296caf640d10d1dde9a50d18025cc79f88c7cd67d0ca4db71a9ed591be8db33de70dec487171f2db94c8da179752c86297d6a95e3ab1f9e5f71562c61b916a0738729e193f9860ab91b0cbc6efaf01c78b1c0ab91bb47ff00103fa963fae3da181f14cac4679375d688e16eea9ac862f21ed158f17932e0c7546563e9a9799a905be246dfc532c1192de226fecda1c7cce53234e6bcccefaa768f2e483465bab01f6e604f9732990a46d7dd64115badf5758f3d03185df8654c8b7da783baeef5b49a28add19fb550f0d3f0e67e4a73177b37a3446edb25f2f93ce7be3a766d1f1767f057864e4bfd8f833a32c403e3b4433bdbcfb4aa3da1f9f2f92bc30b96fdc753e8dd34ceca7b9dba0da3f630e1ce1fed6e5262162d31d2556b9f1db4f52b08b5d24f5b20e43b52216fc4e7f04e509999522f1c6dd615e1cda0a6a5a08cf430304cf03de49fc14e230a05eef97ebeb89bb5c2baa73f66691d81ee6f40a4db2615d82a6b682a5f1c33398d69faa7985089984db2f7be269736473c8e603835bf867e6b09ade6794e21d94d5dbd6b1c559b5be388fca33f9b11bb48e97b38e28d8fc6ececdc71ef7655ee73ed4ccb2f5fb57f0a95afcb33f59cbf6492a671fac9a477913c9655d3ac74873eaeeb5b57dbbccfcd8e2a3713cc2d8d093b7d82bae3288a8a8ea2a5e7ecc51971f9293310617db0f06b5e4dedd35bea2ded946d73a494444b7c08ce70a712e174b3fa3454ca44978bcc6c27ab606171f89c2739392ed6be0168ba02c754524f5cf6f3fd74a4349f73709c39ea6577b569fb4d8e311db6dd4b48de9faa8c34fc55888832905504040404040414de2ae8caad6fa6850d0ba26d54533668cca70d3804119f7152561e64d5dc10bfd2bdf2dc2c55591d6a29876ad3e676e7e7858cc2e1cdebb45cf48f7359ed387711b5c3ee2a70b162a3b6dd6df20a88ea85349190e66721e0f911cd69b6acd671877e86cabab4e29d4ac7bbc56ea6d73ae85337d6cb6ef4bd31591c752d3d3fd404f78efef5b6b69b46661cbaba7dddb862d13f0639b55d8e576dbe688829e4c64be8dd2d23b1e38f699f2c2cb935b18fd09afe7437bbbda9e7ec54c2ca860ff730b4ff00ca91ee94cb52be67d172a7a9fa418d2d689622e6b5e3a6e01c01f88597311d25c2b29a4dacaba801d90476856391adda4f5533636892691e701a324927b94169b770ff0054dce774127a8db0b002f1573b58e6038009693b8751dddeb2e627e8f84f6986a7b3bc6a0a9ac73720b68622581ffb85eee409eec8c1f14c48e81c39e1fe8caea8ac632c41cfa473466b5c5ef767f87ea90318c8e5948ac19742a9bbe94d290f67515d6da06b7fca69683fd2de7f25974155bb71e74d5bf732dd4b577078e8437b367c4f3f927140a55df8fda8eb7736dd4d476f67710ded1ff13cbe4b19b18526edabf515f89fa46ef5b50d3f60c8433fa472f929995c22444f778a833436da8a8388e27b89f00827ed9c3fbddc0831d248c07ed3861516cb770cebe91a1d5372963c7d90c2e1f0290b857f8b1679692c74ef83b1924864c995b1ec3ddd7cbaa4c9312a65b2cf555e1829a9679dce3c9b146e793f00af1442625d06c3c0cd5f78daf16c752c6efb752767c8f34e2f230e8564f465036baf1780077c74cccfccff0064e62fd65e09e8ab36d77d19eb920fb752e2ff00974f9270995ce8edb456e8c45474905330746c4c0d1f256222132d854101010101010101010107cba5637abc0fbd06092e34b1fd695a83cf5e909a66bee57ea1d4b633056450c5d8d4d16ed8e775f6878f5fb8858ce72bd610169d3ba3e6d3f136f12dc22bb3c97c869f9471e4f2600e1cf03bf9679a081b9e92a280b8db6ee1ccea1b2b0c67e2d2a887aa8ee908daf7998349208735dccf7f31cfef4ca2b1358a91d239f2b270f71c92fe64958e206c474d03206d3e37c6de81c3cf2a88da99436a48744d247304a83aa7a3f0b71bd5c6aae525346618076224c0e64e4968f1007778acab199338757afe1f417baca9ba3ee65b4952f13b19b496b1bb1a09ea3190d39ce7a37c08370392de35951505754d358adf04b4cc9246c7354e5fda34f2c960c30f7e370279f558e441d6eafd417088432dca764006d10c2445181e1b5b80a64c21fb27bc924924f7f8a2b2b289eee40125412b6fd2971b8b8360a591f9f06aa2ed63e08deae1b5d345d934fef04c19740b27a3fd141b5d592179ef0af0995e6d5c33b1dac0ece923c8ef2d4884cac3059a8a9c00c81800f257065b02929c7f931fc130658a6b55054376cd454d237c1f1b48fc1310b997dd35be8e8c629a960801ff004e30dfc131099675410101010101010101010101062abaca6a0a77d4d5d4454f04632f965786b5a3c493c820e7f73e30412cb5b47a6ac95b7aa8a72191d40daca494f2ce24cf3033d402bcadf76decb65cb5f52227cbacb6e9e85efecc3464e21eb625f21d176d743d97b31fd2077efc77feaf185e2fdb7ecce2c667e9fdba3d435719c3f69f5dd8ee32c143a86dd5ba6eb64665d34a5beaa1fe024071cf0719032bdcd8f6c6cf7b1ff8fa9133e5e3f4735f46f4f6a192eba36aaa616cf47551d5d3c8ddd1cb19cb5c0f42085e9e5ad49bb68bb8b376ea7711e2028aa95c34dd5444e637b4fb904154daaa599e454c08e9e8e76e416128349f424f5887c30a0c02cf13e4dee8439de698465a9a9aad3b453d45035b1cf2b3b1638fd9c9049f7e01489c24bba6b6d61152f0ea8e9a86571aaafa6862040230c31873883dfc8e3978ab32b8716a7b454ce711c2f713e0162ab05ab87379b9386ca47807bc85708bf59380359501afab90460f33c95c0e8165e0b58eddb5d333b670f10ae05ca834ddaedad0da7a489b8fe15449358d60c35a07b907ea0202020202020202020f89a6653c4f9a570646c69739c4e0003a94e8b5acda62b1d65c3ab78a77abbdb757dead354e8696dd352b68dbb411b0c84389e5f6805c13ad6b45ad59e987e85a5e8eedf47576bb6d7ae6d78b717c71cbe8eb5a3b53536afd3d4777a6231333db6679c6f1c9cd3ee2bb34ef17af143e2fb4f617d8ee6fb7bf87e71e129a59b8040404041f32cac8627cb21c318d2e71f0010710bcdfc710df5578b8d6c94ba269dad7c54b50c6b054167332c9dfb738c34f2231cb2797c2fa43dbfad3ad1d9dd9fcf52794cc787fdf19f077edb6f5c77ba9d21caf5371eae33caeb7689b7b696963186cee877c8f0396433a347bf27dc9d9be85e8523bcdfcf7979fa7f33ff791abbfb74d2e50ab8e21f139ad159f4b5c88271b7b261fbf66de9e78c2fa09f47fb366bc3dc57e8e6f59d5ebc52b7698e3b4b3c82d1aeedf1c94f28d86a9b16c730118cbd9de39f56e3dc57ce768fa19a71fe7766da6978f0cf29fde3f475696fa67eeeb4661d52c3a81fc37ada579ad96af45d6343218e26890513dee05ae691cfb33b8f2c9c751cba74fa37e906a6bde763bd8c6ad7973f1c7eec375b68a471d3a4bb2be960947b51b482bed1c4d0abd356eab18929d873e48202bf86768aac9108693fbaa6056ebf83304a4981e479108a80abe0957e4f65b1ca48c11f032e6e3edca23f73729819a6f47392ed0f6159787c71643bd9801208ef072a4c4c9c96ab1f02ed16ca28a9aaabebae26268631d5326ed8dfdd68e8d1e415889f145b6dba0ec36c6810d0c648ef232ae04e45494f00023858d03c02a32a020202020202020202020202020e45c7fd77f43da1ba728a5c55d7b733969e6c87c3fdc797b815c7bad5c47043edbd0cec8f58d7f5bd48fbb4e9ef9fe940d1140e97843ad270c712e7440607ee10efcd68d38ce95a5f4ddafaf15edbd9d73e7f9f266e02eb9fa02fc6c7592eda1b8b806171e51cdddf1e9f0576ba9c36e19e92c3d32ec8f59dbfad69c7dea75f7c7f5d5e965e93f26101010105078c77975269fa5b25355cd4d5d7aa9652c6621ed18c10e97daeef603867cd70f69eefd576ba9affe98fcfc19e9d38ad1579f3d20f521a065bb46d03bb2a68a26cf50d6720ee6431b8f018271e63c17c7fa13b1e2d3bf68eaf3bde66227dd1d7eb3fa3b77f7c4c69474853745f0f69f53d3d1b7f48e2a2b9dc9d3474548c8cc85c636e4995c0feac1e8391f15f78f3dad69d3d2de6c05f15f8c33472485d4b33c86e598f6863c77b467c9d9418af9a16a2d34f55512dda8ea64a663647318e2496b9db4733cb3e483a6701efdfa47a7eeba3ae2eed590c665a6dc7a46ee4e6fb8120ffb8afcf7d32dacedb574bb4f4795a26227f69ffbee7a5b2bf1d6da36f93d03c22be4d78d1b0c3595535557db659286aa595b8739ec71c1cf7e5a5a72bef369b88dc68d35a3ff00688979f7af0da61745d0c4404040404040404040404040404040404040404041a17dbcd269eb4555d2b5e19053465ee3e3e007993c9637b456332e8da6d6fbad6ae869c73b4e1e42b9d75cf885ab9f36d32d65c670d8e31d1a0f26b7dc07e0bc8b4cea5b3e32fdcb6fa3a1d95b28af4ad239cfeb3f37ab74b68fa1d37a560b036364b1088b66247ed9ce1ed13ef5eae9e9c56bc2fc5bb43b4b5777bbb6ea67139e5eec74797b889a467d09aae7a266f6c05ddbd2499eac27973f10797dcbccd5d3e0b61fb1761f69d7b4b671a93d7a5a3dff00dbd19c27d6cdd6ba5a19a57835f4b886a5bde5c07277de39fc57a1a1a9c75f7bf2af48bb267b3f773488fb96e75fe3e4ba2def04404041cd78b2251a83473dd510369856cc0c27f68e90c2edae073d00dd9f785f39e9644cf65eae3ddfac3a7698ef632f2f71e19237897712fce1d1c259fcbd9b7f30563e89cd67b2b4787ca7f595de7e35b2dad0b5ba56c9a627985f6a6d9a92b1af85f506dcf9fd5a13cb6c4410039c3abba807030be8dca86d2b4d63a7a0aefa7ad757349bb7d3ca2079f6763873c72c7b41dfed1e2833be9340fb0d2fb8b23613ba40d76e703b71d5b8f1f0eff2c84dfa3db77f1167753b5cd8051cc4827386ee6e013f05f25e9acd63b2af9f3afeaecd87e343d2dc1c33ba9350174f03e97e9590431b07b51e18cdc1dd3a9e6bd6f47a263b3b478bc9a771f892e84bd96910101010101010101010101010101010101010101070de335eae7acef90e89d3b04955d8112d598feaefee0e3d006f539ef3e4b877169bdbbbabf42f45b6da1b0d09ed3de4f0e79573e5eef8a3f4e47a3783950dadbb5c7e97d401a5a60a201eda7cf5e67967cc9fb9634eef467369ccbab7d6ed2edfaf77a14eef47cedcb2b3ff00e64f4cff00ed976fe967fd4b6fae57c9e57d84deff00aebf9ff086d47adf40716a18edd5f2d5d9ab2224d2d5d435a1a09ee2412307975c7bd617d4d3d5e53c9dbb2ec9ed6ec3b4eb68c46a567da885774bc57ae0ceb0827b8b7b5b356910beaa03ba19187a3c1ee23ae0f9ad54e2d1be67a3d4ed0b6dbb7f6535d1e5ab4e7113ca627c63e6f4a4723658db231c1cd700e047420af4df944c4c4e25f48820d6b9d28adb7d4539a99a97b4616f6f0bf6be3e5f581ee21078aae7acaf3fa78e8ee9aa6b352d0d867966a699847eb71cbd9c8e59ce0f51cb96792e4de6dabb9d1be85fa5a30ca969ada2d0f8e206a2a0e23ea4a6ff00815d6dd73861742f84b985d206e5e321d8c10377bf92e0ec4ec9ff000cd09dbc5f8a3398e58c65b771addedb8b1869b74cde69c8a7ed6ff0064860dbeb51b5ac735ae711f5f90dac27c3a7885ec34324b6abf411ec7d56a00deca5739a2a233b5b1b7dacfb5cb000f7f2c20c755a5eea7b4a5aba8bd925cd61865ab8cf685c70d0017fb592392091e1e6aea0e1dd75de182c574b8dc5f1f67210e66606b325dc9a0f2cf33cfecaf0fb73b17fc534e9a56bf0d6273d339746df5fb999988cca43877ab2f33710a0b1d26aeacb0d9eed522b64cecc9748c0fd9920f33c9a0fb97afa1a51a3a75d2af48888fa345a733997b2d8ddac6b725d818c9ea56f47ea02020202020202020202020202020202020202084d51ad34fe8c869e6bfdca2a08ea5e6388bdae3bdc0670300f720e7d556db7713a4ad1a1f59d1d1523887d741494f895f21ce5cf396bb07e0b9f53466decce21f4bd99db9a3b6889dce97796af28999e511e511898409f4669ce4fe93467ff00aa7feb5a3d4e7cdf47f6febfec7fcbfa47def80549a6edb2dceedabe0a4a284b43e67d21c372401d1de242bea73e6bf6febfec7fcbfa6f37d1a267b439ba962208c83eaa7feb4f539f33edfd7fd8ff0097f496a0e19d7684b6d4545d757d3bf4ec2ded2b69aa690be13183cf9171da7cc2cabb6b472cf2795da1e93edb75fe646870ea474b45b1313f28e7f075eb7ba97d429bd4f60a53137b10de436606dc79630bae2311887c6def6bda6d69cccb6156220c15d454f72a39a8eae312d3cec31c8c2480e691823920e79a87807a36bec75b4763b4d1596e13c7b22ae8a32e745ed03d33e5853038f6b0e04ea5d237366afaad5135c5f14b1c93573690c9246ee81ce66ec968e59233cbb96ad5b5a949b56bc531e0b11996d51e81d4175a41556ed7b4b53967b3b688024ec0cce777276dc0cf55f21abe9a68e86af77b9d1bd3e8edaec6d68cd2d12d3670df88026118b942c60c81276516d0d73817340dd900968c8c772e9fb67d958cf793ff00ccb1f50d6f22fdc35b9d152b2aaf1ae6963ec4b646b7d486439af748d03dae7ed1763e0b9f6fe98e96eb57badbe85edf45beca6919b5a193447a3bea2bcc735fa8f53cf698abe391ad95f4a592cf1bcfb5966ecb5aeebcfb97d869cdad589b4627c9c72ec963e03689a0b450535d2c94373afa68191495af8cb5d2968003b00f2e81678474282165342c8621b638da1ad19270074eaa8fb4040404040404040404040404040404040404041c978e71dce6bee836599d4cdb89ba4beae6a585d16fec1d8dc07722c398deabaef5962beea2afaf149a9d9514b6abbd053c4695b494a2425ce2e69739cd772fd60ee41f9555974b569ad5bfa3b78a0fa3cc34665a5b4dc27aa65366501efed5cdf677333b8349231941a5a80362d29ab21b75d6d4fb5ba8a95f250db6e13d632393d6198937bda03491904039e5d104cdcae14b649efd170d2f359574274d3aa2acc154f9c453f68d1bc124ed7ec2ee9cd046ea592c9474571a3d1576a8afb6d4e969e6bab4553e7609816ec73b713b5e493cb97b90743e0f54c953ab6a06ae9248f51c547136db4c49f57143b061d0fef38fda2798f8a23b62020202011918282917ce10e9cbbd5575c69bd72d573ac21cfaba29dcc21c31ed6ccec27973c85cdb8d9686e231ad48b7c61956f6af4946bb83750e748dfd37bff60e8b6359b61dcd7631bb76ce7d7a7cd797f667b333c5dcc7e7fcb6faceaf4ca4f4c70934fe9cada4ba486aee777a78dcdf5dac9dcf2e73bab8309dad3ee0bd5dbed7476f5e1d1a4563dd0d56b4db9ccaedd174311010101010101010101010101010101010101010101063969e199cc7c9131ee8ce585cd04b4f88f041f0fa0a491f23df4b039f2b76bdc580978f03e21063a4b45badf4efa6a3a0a5a681f9dd1451358d767c401841f34b64b5d0c2f8296dd474f13cee747142d6b5c7c480107d50d9edd6c648ca1a0a5a564872f6c313581c7cf039a0f9a7b1daa8e39a3a6b6d140c9f9cad8e16b449fcc00e7f7a0d83474ce92394c1119221863b60cb07803dc832a0202020202020202020202020202020202020202020202020202020202020202020202020202020ffd9, 'Treadmills', 1),
(8, 'Adidas Sports Rig  ADBE 10360', 'Adidas Sports Rig  ADBE 10360 Multi-functional home gym with adjustable pulley stations, pull-up bar, row station, and weight plate compatibility. Built for strength training and versatility!', 140000, 13, 0xffd8ffe000104a46494600010100000100010000ffdb0043000604040504040605050506060607090e0909080809120d0d0a0e1512161615121414171a211c17181f1914141d271d1f2223252525161c292c28242b21242524ffdb00430106060609080911090911241814182424242424242424242424242424242424242424242424242424242424242424242424242424242424242424242424242424ffc0001108012c012c03011100021101031101ffc4001d000100020203010100000000000000000000070802060103050409ffc4005c10000103030104040806081109090000000100020304051106071221310813415114226171728191b11523323334a1425292a2b2c1c2d2171827434454627374828393a3b3d1d3e11624374553556364852535368494a4c3f0f1ffc4001b01010101010101010100000000000000000001020307050406ffc4002a11010100020104010206020300000000000001021131031221410432510513146171b1222391c1d1ffda000c03010002110311003f00b528080808080808080808080808080808080808080808080808080808080808080808080808080808080835ad71b47d33b3cb69aed43738695b8f8b873bd2ca7b9ac1c4fb90787b21db359b6bb47719add04949350cfb8ea799c0bcc67e43f877f1e1d984120a020202020202020202020202020202020202020202020202020202020202020202020d43681b56d29b36a23517fb9c71cc4663a48fc79e5f33071f59c0f2a0ad3b7682dbb63d0d49b58d3514b1c944e34573a479cbe268778ae38eec8f53877208ab633b47a8d996b9a3bc35ce344f3d456c43ece171e3eb1c08f320fd14a1ada7b951c15b492b66a79d8d92391a721ed23208f520ee4041aa6bfda1d0ecfa9292a6ba92aaa9b5529898d83772086e72724772848d66dbd202c772819332dd5b089263031b33a3697bc0c903c6f2abb5d3c71d2a74aefee1b45e43b19c6ec7f9eb3b347e9a9d2bfee8bcfdcc7f9eb469c8e951a54ffaa2f3f711fe7a9b34ee6f49ed30f66fb6d17870f2362c8fbf4d9a723a4e6993fea8bbff0043fde26cd331d2634c9ff54ddfd90ff78869d91f491d3521c0b5dd479fa9fef13669f1cdd27f4f4152e89d67b8f56dfb30e6127d40e3eb54d32a3e93da6e58586a6d3748a4232e11863da0f90ef027d8a4a69c55f4a0d35086986d57491bbe038bc35b86f69182727c9c3ce9b34faa97a4c692aa692da2bab48e61cc8c7bdea9a770e91da54fec2baff371fe7a1a73fa6334afed2bb7f34cfcf434e5bd233499fd89761fc8b3f3d0d319ba48e8e831d641756e797c434fb9ca6cd3aff4cce88ff6776ffd38fce54d387749ad123e4c57577fe5c0fca434e29fa4c68faaa9653454b76323ded601d53399381f66869ea5d76eba72d11c4f9e9aba46caf7c6d3088dfe3371bc0e1fc0f1448dab45eb1a0d7168375b747511c0257445b3b435c1c319e44f7a0f7501010101010101010479b4cdbae8fd9942f8ee35a2aee78cb2df4a43a53e971c30794fd682b27495d334979f82f6a9a7dcf9ad1a8626f5fc73d44e06307bb38231ded3de83c2e8edb41a6d2daa26b05ecb64d3ba859e05591c9f21ae7706bcfb707c87c88358dad6cfaab66badebec53073a9c3bada498f2961713ba7cfd87ca0a0b21d0ff006abf0bd9e5d0d749f3576f699684bcf1920cf167f149f61f220b2480834fda6e89b66b1b11f84a7a9805007d4c6f85e1b8218739c839185292a09d9751505cf4ddae426313d6d5ca2364ce6ef0937b77c538e1c06791c67b548bcb768fa34588bb7a6a5a92eef6dcb3ff00c215d1b72ee8dba75a785bee6ff35c59fdda1b70de8e3a7bfdd9751ff5267f769a36c8f475b0ee86780de774726fc251e07de268db16f46dd3ae3c682ecdff00a847fdda68dbbbf4b3e992df162b887773eb9b8faa229a36f1752f47bb7d974fdcae74d4d2ba4a4a692703e11ce775a4ff00b01ddde9a3680290be7a48e69242e7381c9f591daaab89a6929d9f12d6f3ed08ae192ba668eb0373de02912bba91a5b554ed333db0be663646876e97373c4038383ddc0f995a45878ba3d69c962648fb76ab6b9cd048eba94e0faf051361e8eda6bf68ead1fca527f6a94db01d1db4e8396d1eaf1fca520fc6a9bac9dd1eac6f037a9f579c72066a4fed5346d89e8ef633c0526acfe7a93fb55367e970b33c1dd8b5237d3969bf121b714fd1cadf4556caa8a0bc97c6f6c80baaa000907233e2a1b6a7b43b65be182c6c8f72984f7514efea80c34c9f29e7cd808939587d09a32934358c5aa8ea27a863a43339f36325c40cf20387041b0a020202020202020f0b54eb9d35a2e9e39b515e68edac94eeb3af7e0bfcc071282bcd6ec1f643adae37cd4143b429853c72785557552c6e8a98484b865ce1cb9e38a0f2e4a8d1d60d390ecdf4cea48756593504953d73aa9e03edb2323df6bd980319700788c703e541e658ba3fece60d0968d4faaf5ec96b7d7b0b8754f8cc6e70711f1796ef387041b45459b49eda26b869fbcea08fe0ad194d4e69752c5233aca98a4678c2527c5e040ee391e741d3b3cd96ec96d5abad371d2fb53a99aeb154e29e1698f32b80e2d23741dd2323b8841381dace9ab9dee0b169fbf5a2bee467eae580cf83ba3e56e1e4e70ee04a0de07241f06a0899358ae3148dde63e9a56b87782d39415ff66ba28db2db60a7bdd2466b296bdd53178d9dc2e9010781c7ff008b3b558f5a410101010107cf71a186e741534350dde86a6274320ef6b8107ea28293eb6d2ecd15a96bb4f4750ea96513c35b2b9bba5c0b43b88f5a351ece85d294333be16bc8df8e269961a57c4e2d9482383fc5f92e04e0827bcf0e712bcbd6da769ad17c9e4b6b6536c95fbd117c6e6f564e498ce47369c8e1d8aac7a7b23d0f49aef58c16fad99d153d2b7c31c1a3264dc7b7c4f2677b9a9ecab900602ac88080808083890658ef320ac7aab4332a2df6c82d94aeea63bcb2a6abe338b637021ee193dd8e0a6c8b38ce0d1e65472808080808080808207da11a6d23b661ab357586aef3a7aa2d8da5a39a2a5f096d14c1de302ce38deeff002a089a0b155dfaa757de6cda46e50d823bd505c25b39a7744fa9a46f59bc1acc71e61dba396507b1adef161d6faf34d56e8dd1f71a186960aa8ea6abe0d740d7930bb759803896f7f95067a2293fc877e8fd4dad74cd7dcac42c6ea38b14666f83ea3ae793bd111c3781e78ed41e11b1d5ea5b96b4bbe9ed2571a6b08b8dbebe4b51a7744eaba56179786b71da4ef6e8ef41b55f2f3a775bed3744d4e90d1772a48691f2c75538b79a50fcc67762ce3191c789e5941e1697a7bad9eeda66d5626575dbc1aea09b0ddecbbb2db86f9cc9e10063873c83ea417187241e7ea27f5760b9bfba9653f7850476d8faabadbd9f6b2b07df058a2540b70101010101010539dbb12dda85ef1c3c78ff00aa6a2ce1a632ff00738e21132bea5ac0374344840c7720e65b8d6d63036a6ae799a0ef62490b8678f1e3dbc4fb516253e8cceced0a71dd6f97f0d8a7b2ad2aac88080808083877c87799043b8c5beb1c7931af7fb1a4acd58989872c07c8b511ca020202020202020100f340c20600e4020601ec40c0ee40000e402060673808083c8d5c71a5eed8e669641ed6941a35544c37fa125a0964ed2d3dc738f712b179589402dc4101010101010544db3504575daf5d6db5550f829247c6f95c32400d84389c679e011eb536d4e1a956e8fd25aaaf714b4171ada185a191c90c56f7358eec0438bf8640e783dea6e8f9e9f45684aeac929292ed7b7bdac0ede14e4b70718767238710aeea4497d1ae134bb49aaa52f2fea28a68b7bbf123067092ad5a5559101010101070ef927cc821e64205b2e4d603e3c729e79e25a566ac4bf4e77a08cf7b47b96919a0202020202020202020202020202020f2356bb774fd603c9c1acfba701f8d068d5ae2dbf5000c73b7a6682463c5e3ccfb31eb59ba54a0b51040404040404152b6b94a2ab6cb7881d5115309632ceb65243199a5c6f1c71c059ad7a6a365d35455377a58e0d5167325355896aba886a724ef1c3492cc638638a23a1fa3e92aea594d06aeb6b248260f9bc1e2a97038c0e623c1e1bbda9b2249e8f1c36b37319c8ea2a78ff28d562d5a1559101010101070ef927cc8227b7fc6c358ddc73705cdf1873e07ea59ab127da65ebad5472fdbc0c77b5a1691f520202020202020202020202020202020f1b57f1b14800ce66807f4ac41a5d71c5ee87f7c67e105cef2b126ae91040404040404153b6b34afaddb2dd69a37c6c7cacdc6ba47ee34134dc097760f2acd6a70d3adda56aea750d03e96fda6a10c9daeaa8e0af639cf21e70de1cc7318f3a6d0afd2955555c29e9b54d929e58e60e7b19706921bbad04601ed233eb57708903a3d0dddaddc4641f88aa1c3f7c6a45ab44ab22020202020e1df24f9904656d66f0a80064ef11ef59bcac6fda7093a7ed99e7e0b167ee02b11e82a0808080808080808080808080808083c5d5aec5b22683f2aae01fd203f8906937005f7cb710f2d0d95a4818f1b8f23eff52cd589416a20808080808082a8ed769a4abdb25d29a26b5f24d1063439c1a0934d8c12780f5acd6a70d32d1a42fd05f28851bad74711acdfa960b95392f6f59cb743f39c6787a907ce3446a2df8a48aaed1437067c5ca1b594c0bdbbc301ceeb33c80e047626c891ba3f82cdaf570ff83543fa46a42ad1ad322020202020e1df24f99046d658dcd96a039fbf99723801819e4b356376d2ceded3d6f279881a3d830ac47a8a8202020202020202020202020202083fa416d2aed60ada5d3d67a99288c90784544f19c3c82e21ad69ecf9249c71e4a5ab8cda3ad07b4ebe36ed434d72bbd4d6db269981cda994bf74e701c1cee2304e79f2599935da9364d456e37aa732dc691ac6cec682666e3b0f7f9d5f0cc89a0104020e42d20808080808082a86d8619ea36cb72869637c93c91b5b1b5832e738d37003cb959ad4e1a45a347eb4a7bf5bdd169daa6c52d48f0891f481aedc129c1271c0ee949a23adba2f58d1d554cd49a7eb7c25d33591c8e830047cdd9e1c788e7e657c24f091b6020b76c15ad770222ab07eec245ab48ab22020202020e1dc1a7cc822ea4b8c54d5129de0e60df2e2d39c6ef3f7acd5889ced9f57d2cfb96fba3618233bd1529898e0199e0d3c327bb39562f6ac868ad491eaed2b6cbec6ddc1590090b7ed5dc9c3da0aacbda40404040404040404040404041f05eeb6a282def9e9a364928735a1af76071701f8d4a2a4ed66eb3ddf5dd78aaa89a69a8daca5707eeeeb0e0b9cd6968e2038f6f1e2b176de2e34568ea9bad0d5df5ad81b6fb5b819f79e0104f11c0f62e1d6eeecbdafadf83fe47ea71fcfbfc7f3fbfecfb594b471d5d4ba9cb1e1cf04b860e0e070caf8fdd76f59e9f470fc99fe338e74b6b4bf468bd01ee5fd14e1e1f9735d8ab22020202020aa1b648e57ed8ae4206c8e94c4ddc11825c4f8370c01c73e659ad4e11f59ad57ea4bfd0cb4ba6ee6ef0aaa066966a795c636f59cf88e1c0e7d483e6759f54c75e2ef4b63bac934ce31cd0d4d3c8fddc3861c06e8eee69e12254d8067f460ab0781ea6ab20fa6158b56955644040404041f1deb8d9ebff83c9f825673fa6bbfc692f5b097ef3fb55e82d903ea1a73d535ad396b4e03b246723cc17c2c7af9cf6f58ebfe15f0fb6ffab1ddf7a8d62f16692cd5b34751086cc636b9af006f16119691e7072bed74f2eec65796fcbe8ce8f572e9cbbd5d2c2ec26f50bf455aedb491be6a4862dc8ea460b4bb2e739a78e723cde45b95f92c49eb4c880808080808080808080808350da76b1b6e8db1c357749cd3c33ce226c82174b87e0b878a08fb52a5ba5936a83778ab61b9553662febc5438c865696b9f97649c1e44839f5ae7796f1e1c78454329268a39646b5e3c6635c407776476a97cc6f1f1771b4599e4c733b24b0bf2c27b476fd795f0afd57f97b7fc793f4b86b9edff00a5bbb4d43ea6df049253cb4ee2c196498c8f61217f458f0f0cea4d6766f6fad560404040404154b6cb3be9f6c5709237bd92361639ae61c38114fcc1ef59ad4e11cdaf54dca8efb454cc9ae7512495c2291f3554aedd1be007601dde39fa941d753a86f56caf92ad971afb84924c23ea9f3ca0372d049c0c0ce73ed4128f47fc9daf551249260aa273e9355855a65a644040404041e7ea09c53d96b5ce648e06078c31a5c78b4f72c752ff008d7e9f8737d7c27ef3fb550bf8717d380edd0592e5dfc5e03d657c0e9fd71ecbf32c9f0fad7f6ffd78d573d54bd53b7fad70dd638c8e24860180079b002fbd8f0f19cedb6da937a3d6a5b7dbae55b699ee34d1baa2af34d4a49de73cb30ec0c6398cad471ca2c5ad32202020202020202020202020803a56dfe3928acba5a089d3554b23ee126e8cf57146c70c9f21cbbee4ac65f66f0776d8fe09be6c6a8754d150d3b6b678e9f76a5b18eb1a37482ddee7c08c71ee4b3c263cb627e81d330ec9a3a9758e81956fb64524950621d66f96b4976f1e20f358eb5b3a76c7ecfc3b1c73f958619f16a1f960a0b7b43299ec8e3737382fedf595f0ecb6f0f60e87c9c27435965e278f356c68406d14007211b47d417f4338789e7f55772ac88080808082aa6d96a65a3db2d75453bdd1cd144c7b1cde6d70a7c82b35a9c34aa2da1df2df7fa2a69af374ac35353d5eef8438319f198047907220f720f9aaf6917eb7d675f2dd6f15265716752272d683869c803ffbc4a8244d803dd26d7aa5ef25ce74152493da779aac2ad2ad322020202020f8ef23368ae19fd8f27e0959cfe9aeff001aebad85fde7f6ac3516aa7b9c5899ef8cb3835cdc733c3b415fcfe1e2ee3d97e4e5be95e9dbe329a4973ec974c4bb3f3748e8e46d7c76c74c256ccef1a411920919c735f77a57784b5e3ff370fcbf919f4f1e25b109ecfaf76db46b3d1f513b431904dbb3bfb4be57380713e4de04f916a3859e2ae58e4b6e42020202020202020202020762080b4bd7e9cd61b55d6978bfdd68621b86cb6ea7a899ad2e871bb23db93da738f39596b88d87a3fd71a7b6deb45573992cf62ad7b599c10f89c490479321c7d6131fb194f6952be08a6a0a8865899244e8dc0b1cd05a463910b4ca18b9d8ad06be95edb5d131ec7e5a5b035a739c760f2958b1a96e9378000c0e4b6c8808080808082aa6d9eaa5a1db1d7d4c0d63a586163d81ed0e048a7c8c83cd66b73869b66d717c86f34efb83e9aa2274b1c65d0dba9dad8a573fe483b9923e4f1ce78a8cb1abda15ca8e63575668bc143cc7b91d0539903c86904659c1b82471e2837bd8112edaf54bdd8de743524e07ee82b16ad22d322020202020c65636589ec7b439ae041079108220a3d23a7d934dff0065c1c5c7871c0e3dd9c05caf4f1fb3f4cf97d7d6a677fe6a57a6a5a6a5b6b2999146ca68e20c11e3c50c03963bb0ba47e7b6dbbaaf276731eacd19acb530a686925ac95d35a236b4461b1c2e246e8ecde0377d5e559d35bf499b659aa86b2d0567bc176f4d240d64fe495be2bfeb04fad6a315b52a08080808080808080808046461042da9ba2f586eb513d55a6ed5b6d9257993ab7b44d1024e70070207ad67b63532b1dbb1fd87de766fab6baf1597ca6aba49e97c199040c70de3bc0ef3b3cb18e433cd24d16ed3054f1a697d03ee5a6511df1dd5d6d00dd738bde1be28e5c799f22cd8b1300e4b48202020202020aa9b659bc1f6d159298e3943228ddd5c8dde6bbfcdf911da166b738689a7b59b62ba52c75f6cb24113ab8c34ac86d918c90e037b3d9cf190a23b26d56c3572554f6bd3e2de182403e0e8dd2b5dbe1a323bb87344485b093bdb61aa760377a1aa38030078c392b16ad02d3220202020201e4504614afeba6a8c070dd90b4e4119f377859ab1bedeadf3dd74ed6dbe96a4d2cf534af8639c0cf56e73480ef5656915fadfd19756cb4d0d3dc751dbc471b4373f1921e1dcd2001ed58ed6e65a4d1b33d08367ba6fe07f0f75739d33a674859b8327030064e070ef5a934cdadad541010101010101010101010101075d47d1e5f40fb9044b7de15d423f75f8c2cd12f05a04040404040415336eb5a2ddb60abaa744c99ac6d3ef46f2435cd3100738c1e44f259bcb53869d36a8b1c6e6d453e90b73a5a5a8df88cb573381c0f960759de0607b94478145aaa1904ee8340d9236bcfc607d554337b9f63a6e21152cf475ad75c76a1e18f89b13e7a49e431b7386125a7033c7015855aa5a6440404040403c8a08ce89bf1b3fa5f8cacd589261f9a67a21588cd5040404040404040404040404040404184ff3127a27dc8222d48d71b85bb71e5a03f24601de19e4b344c0392d0202020202020a87d2231fa28dc73db0c1fd5859adce11dc146e34f3cae8e7f118d7b48678b82ec65c7b0771e3c5065251bdb0472b229c83175af2e661a06f96e41cf16f219efc85049dd1a8876d263c76514df92ac4ab60b4c8808080808079141195bf784d57bce07e3091818c0cf259ab12541f32cf442d2334040404040404040404040404040404184ff3327a27dc8221d44f6b2e16ede701bd26e8c9e672382944c2392b0101010101010546e91adc6d3ebbcb4f01fbc59bcb73847ad309a593e8dbe216e3849bdbdbfc71d9bd8e79e18e5c5441dd48a66e3c14bfa8ec126f6f759ecdec7f1777ca8a92ba34ff00a4a67f029bf2558956c569910101010100f228231a57013d4e083e3e3eb2b3449707cc47e885a19a0202020202020202020202020202020c27f9893d13ee41105f78d75064671270f6852ac4c439055040404040404152ba4831c369559206b8b4535382ec7004b4e3dc7d8b35b9c23d89d21a1946f4fbbe0ed0475edddc759dade6467ec7983c79283973a4142d01d36ef83118f086eee3adfb5e78cfd8f3cf8dc9048dd1ad846d2237104034730071c0fc95654ab60b4c8808080808079141165331ac9ea8b5a06f4849c0e67278acd12853fcc47e88f72d0cd0101010101010101010101010101010613fccc9e89f720876fee78adb76eb43b3261dc718191c56162651c82da0808080808082a4f4931faa6d47f0483f04acd6a708fe160349278adf9869cf83f1f9cfb6ecf4bb7e4a8397300a469dc04f5078f837fc4fb6fcafe2a8a91ba377fa498876781cdf92ac4ab5eb6c880808080807914115c2e719ea779bbb89081c73919e6b344a14df478fd11ee5a1d88080808080808080808080808080808309be664f44fb9043d7efa5501fdd9f7b56162641c82da0808080808082a57494cfe89b3e3f6a41ee2b15a88d21a87069612edd237399c601cf7f24848ed926798c3439e1ad1ba789c11927bf9651526746d76769317f039bf252255af5b6440404040403c8a08a83be3ea3d23ef2b2251a6fa345e80f72d0ec404040404040404040404040404040418cdf32ff0044a086b5078f556fc970c499e071da166ac4ce3905a410101071238b18e706971009c0ed4111bb6d7aad8e707eca351e01c65a1c73f78b3baba72ddb8ea01f39b2cd503cd13bf31374d20adb1ea1aad57acdd719ec970b4cafa68da292a9844b86e4671807054ab11f435b0cd930f58f20f634f359fe1ad3e8f0d85adde7bf778f320e3b937f748dff0063da86a74aeb36d7c367adbac829a46f82d2b09908701c7182703cc98f2962743b6ad40e1f15b31d4aef3c4f1f90ba6d34c46d7f594a40876597ce3f6ee2df7b536692b40f7490b1ef61639cd04b4fd89ee5519a020201e45044b10dda8aaf19cecbcbbc6ece3c879166ac4ad4bf468bd01ee5a47620202020202020202020202020202020c65f9a7fa25042f7f786d4d0673c64c7004f6858589a8720b68202020206103082adf4821fab1508efa4807df3d62f2d446d0d9606ecde6bc44c632765f1948f71c92e63e3c81ddcda7dab38cf0b79d311a6e03a32a2f6f6465f1d74348cc0c1c98dee71eee386fb124dc38a913604eced7f1ff292fe0b559ca5e16af01746440404040403c8a088e391af9eac35c0ee485a7c873fe2b0b12c52fd1a2f407b96d1d88080808080808080808080808080808319be65fe89410adeddf1d467b9e7de161626b6fc91e65b472808080808082aaf4916caedab52369f7bae7514019ba7073bf26162f2de3c3d1e8e9676df34aeaf82be0125017c6e6758c6bd8d959bce2774f6e377ce38263ed2bbb6f163759341d824a3a764303aaa47d4369d8d633ad734630c1c30035d8eef5a9784c5e1747712376b2ceb73bfe07367273f62d49cb5785b05d1810101010100f2282251f3f523f767de561a895a97e8d17a03dcb6cbb10101010101010101010101010101010632fcd3fd12820ebf39e64a5dc2061fc72339190b0b13933e437cc16d1ca02020202020abdd20bfd325abcb4d4dfd63d62f2d4e1b2f45bc9d17a9c37e57859c7f36a63c53267b7f006c9ec7ba720d630e778bb39649da789f5ab7831697d1fc93b5fe3fb4e5fc16a9395bc2d685d1810101010100f2410e8924f09aa0eddf9c3bb8eecf6f979ac2ca97a97e8d17a03dcb68ec404040404040404040404040404040418cbf34ff0044a082af7261d4fe91f7859d2c4eb1fcdb7cc16919202020202020abbd21386d92d07fe5a97fad7ac653cb58f0d9ba2d02ed21a999bc184d48f18f6663e698fb5cbd3b7a41e3f427b2104106b2320876f70eadfdbdbe7532e131e5a3f47d77eabcdf2d14bf82d4c795bc2d7ae8c08080808080791410d0766a6a3d33ef2b0260a4fa2c3e837dcb63b50101010101010101010101010101010632fcd3fd128202be35b23a9f79a1dbaf2e19ec20859f6b13ec5f34cf442d23240404117e86d4b77aedb26b8b1d6d74b350d1c74f25240ec6ec40819c79f2b3395d2505a41055ce915e2ed82ce7fe5a9bfad7ac5e5a9c363e8b2f63b4aea8121218276ef11ddd59530f664fa7a43bb7b6556571cef1ad8cbb241cbbab933cb87357231e5a2f47b3faafb3f814bf80d531e56f0b62ba30208baf774af8b6ff00a7edccada86d14b6a95efa612111bdc37f896f22780f62cfb5f494569040403c8a08598d6b2a2af77eca5738f9f3fe0b16ac4c949f4587d06fb96d1da80808080808080808080808080808083197e69fe894100df5c58d85c1a5c77c8e1d9c47158589f60f998fd10b68cd0101043da3731748dd68ce424b6c0fc7f37fdab3395f498569041577a47f8bb5bb29efa6a6feb9eb1796a70f73a29be37695d57d664b04eddec776e3931327dbd22c866ca2ca3c60456c608700083d5c99181e54c8c5a2f47b3faafc633fb064fc06a9395bc2d9ae8c08226d4008e917a68f7da661fd62cfb5f496569040403c8a0849b266a2ac61c31291c4633c7b3c8b156268a3fa243e837dcb68ed404040404040404040404040404040418c9f36ef31415f6f927891fa6e59f6bb581a7e3047e88f72d2334041a5eaadaf695d1f76369b9d5cadac0d6bdd1b2327741e4727014dac9b46ba4b5ce9fa9e9037cbb32e50c74359698d91cd31dc05e3aaf178f6f03ec53daebc274a6ba5056343a9ab69a669e46395ae07d856997d0668c739183d682a5edf752db2f7b54a392dd3f84b6ded8a9a72c1fae324712d1df8ce3ceb1796f1e1b0f459b9c141a57583e6733c4998e0c771def15dd9da98fb4c9f7f487ba53d66c9aced8e689d236e2d616b5bb87c56c809dde63fc55cb831e51e6c57545af4f6d4a96bee55220a5969cd3895c0e1af735ad19ee19ed5272b785c1170a3233e15063d30b6c3e6a9d4965a3697545da862039ef4ed1f8d042dabb681a7e976d961bdb6b5b51434b6e9639658864071dfc0c9c0ed0b3796a4f090748ed8b4deb3bd7c0f6e3522a8b1d2343d9e296b79f104abb4b1bcaa8201e45041ce977aa2a7f7c70faca9609b28fe8907ef6df72a3b5010101010101010101010101010101070fe2c77990575bf02f8d8038b71213c3cfc967daac3d37d1e2f407b9691d883aaadb50fa791b4b24714e4788f919bed69f280467da8203da26c0b596b3d4525e64be5a6692563233f16f87743780f14077bd66c6b1cb4d32b3a39ed0ad8e2ea465056e3b61a8dd27d4e03dea58d77478559b30da851120d82bd847230cac77b9c9e4963c2b9e97da55bd85f59457981bd85f2e33e619e3ea526d3c35181b338d43259499fad707b9f905aef2e797952f958f5f450868aee58dbdb679f75c4d3c4f258ef2ef791244dedf5eb9747729e924a9baf814d247910bde771cecf139ec3fe1dc8bc358ae73e9a020ced739b86991ae2e07cb9ed090bc377b2e86da05ee2135ba92beae370cf8b50dc81e505d91eb54dc6c945b19da8549c1b354307db4d5518fca254d5371b0dafa33eb3adc1afadb65083cfc774ae1ea000fad5d1728dcf43747cbee8fbf36ef06ab823958c746d31d2ef120f3c871c0fad5934cdcb69b28a29e0a68e3a9a8f0999a30e97703378f7e0725a65dc8079141023b31d455ef3b3999d8e1c8656689d6878d141fbdb7dcb43b901010101010101010101010101010100fc93e6415d6ecedf38ee7b94ad365d2dd24acd7daeacb68b3d6406969a69a191d23489faa61716fee490d27b429b4d3bf65db749f681ab65b3d45b20a181d4ee960dd90bde5cd23209e03913d9d8aca692eb9ed6025ce0d03992aa35cbc6d234958c38565f68f7dbce389fd6bfd8dc9411e6a1e93da76ded7b2d943515920e4e95c236fb065ded014dae915ea1e937a9ef2f960a39596f8873ea59b9c0f2f18ef3bd9859ee5ed68171d5978bb3df2545f1ed73f990c739c7cee71ca8d49a78d496d756d4b68a3a9eb1f57208c3dcd2305c71f8d58a91aa3a285f2d96e33dbae4cafb8e40eaf02266ef6e093fd8addb9cf0e6ddd167525da8aa1b78ac8adb335c3a900b660e183cf07873ef4c659cae5768eef1a6e5d3975aab0d4d4c6e96824303e56b4eebcb7b71cf8a8d63c3d4b76a6ba5acb1f15e22798fe4e5920737cce00109b5d6d2269be925a9acbd5c35330ae809dd1e100c9cbb37b83bdfd892b3da94f4ef498b15c035974a09e95e79be07091bec3877b015ada76d48b65d7fa62fe1a282f348f79fd69efeadff0072ec15597be1c1c320823c8839411ded076dfa776797786d37282b679e463647ba0602d89a4903789238f03c14dae9a19a864fd64f19cb24717b4f90f152ac4f36ff00a0d3fef6df72d32ef404040404040404040404040404041006d2f6f7a934d6b1afb0dba92861828a4634c8f617be505a1c7b401cf1c9676d49b4ed6fad8ee56ea7ad84e63a889b2b08ed0e191ef5a655b6bea1d73927829a6969e4a6aadc91c63e78209033cc11c32b2d21cd1372365b93eaceeb77e1a989e64e200735ece1c471c3ce145d6e3ecb06a3abd337586e76ea87c3530ef06bd98c8c820f3f21291ad78d3eebbed0f51dfde63a9b855d407726492ba4cf98138fa9369248fa6cfb35d75aab74d3d9eb444efd72a7e299e7f1b19f504f26e37fb0f457ba5496c97abc454ed3c4c54ac2f3f74ec0fa8ab3167b9be5aba30e86a2f1aaa927ae93182f9e7764fa9b809db0eeaf623e8f5b3a673b030ff2d27e72ba89bafae97613b3ca3a88aa21d3d136589e1ec775d270703907e5268dd6eeda481a30230aa39349091831841a4dd361da06f371a8b8d7589b2d554bcc92c9d7ca379c799c07614d2eebe43d1e766c47fe1fff00dccdf9c9a8bdd5e75cba32ecfeb59fe6d47574120f92f82a1c48f53f213b627756877ee8af75a50f7d8af54f56d1f262aa618dde6de1907d814d2cc91f5e7679aeb49ef786d9ab9b0b7f5c8475d1e3cedce3d7853cb5b8ebb2ed3351d89c1b4972ab85acfb064ce681fc5396fd486a242d3fd246f14c032e2e8ea8679cd1007dacc7b70aed9b11a6da755b75bdfea6f022644053b1ac6c4fde0edd1ccf9739e1e6459c245a6ac7dbadd1bebea63dd9a46b21dd61180e0375a7bce73c5448b296dffbbe9bf7a67b82dc65f420202020202020202020202020138049ec411eddf6efa2ad8d7886e06bdec24114e06ee7d271014dac95593693aaa8f56eb3afbdd1c4628aa373c5ce4e5ac0de7ea51b934ee76d6b547c0d4b6986e53474b4d08858d63cb46e8181f2719e1df950ed8f32d76ed59a98186d94973ac638f110b5dd5facf2f6a1a8de2c3d1af585d835f709292d713b987bbac907a9bc3ef95d24cb49274ef45dd3341bb25deaaaee520e6d2eead9ec6f1fad5913baa49b1680d35a6da1b6bb3d1d311f64c8c6f1f3bb99f6aba65ef32363061ad03cc1064808080808080808080805a08c100a0d76ff00b3bd2ba983be15b1d1543cfebbd586c9f74307eb5346d1a6a0e8bb62aadf92c973abb7bcf28e5f8e8c7b70efad34d77234d41d1ef5b59f7dd4f4d4d758476d3bf0e23d1763ea254d2ee7b6a171aad5361dda3b9fc2945ba7c565435cc3c3b89ecf31509236dd3fb7cd576564713eadd51130001b2e24181e7e3f5aa9a48b62e93d472eeb2eb6e683daf85fba7d8ee1f7c9b4d240b46d8b46dd981df0a36909ecaa1b83eebe4fd6aecd37463db231af63839ae19041c8215472808080808080808080835fd5b7abf5a69f365d3b25ddc5bc48a8646187cc789f52829cb765bb40afb9be9a3d25756481ce2e2f87759c4fdb1207d6b3a749624fd13d17abeb62f08d5950fa176f78b4d4cf6bdc4795dc40f30f6aba4b925ad3db10d13a7831d0d9e19e56febb53f1aecf7f8d903d402b233badda9e869a958190c2c63470000c00aa3bc003920202020202020202020202020202020206107cf596ea3b842e82b2961a889dc0b2560703ea28340d43b00d0b7d0f7b2d9f074cefd7289c63fbdf93f529a5da25d6bd19af366a47d5e9caa96f183f452c6b65c77ef17007d8a696543b71d35a9a8eacdbea74fdd23a97706c4699f927c9c38acb5e174f67baa2e17ab652d356e9bbadb1d053b1a65a9606c6e2001c33877d4b71cdb82a080808080808080808081840404040404040404040404040404040404040404040404041c6e8e780839c61010101010101010101010101010101010101010101010101010101010101010101010101010101010101010101010101010101010101010101010101010101010101010101010101010101010101010107ffd9, 'HomeGym', 1);
INSERT INTO `products` (`id`, `title`, `description`, `price`, `quantity`, `img`, `category`, `admin_id`) VALUES
(9, 'Hybrid Smith Machine BO 3000F', '**Hybrid Smith Machine BO 3000F**  A multifunctional fitness station combining a Smith machine and functional trainer, designed to save space and money. Features include a dual-functionality for versatile workouts, compatibility with benches, access', 650000, 5, 0xffd8ffe000104a46494600010100000100010000ffdb0043000604040504040605050506060607090e0909080809120d0d0a0e1512161615121414171a211c17181f1914141d271d1f2223252525161c292c28242b21242524ffdb00430106060609080911090911241814182424242424242424242424242424242424242424242424242424242424242424242424242424242424242424242424242424ffc0001108012c012c03011100021101031101ffc4001d000100020203010100000000000000000000070805060304090201ffc40054100001030302030406050609090509000001020304000511061207213108134151142261718191153242a1c12352b1b2b3d11624333662727492a22527538293a3c2e1f034356373d217264454657594a4b4ffc4001a010101010101010100000000000000000000010203040605ffc4003311010100010302030507040203000000000001020311310421051241132232516114718191a1c1d123b1e1f00633424352ffda000c03010002110311003f00b5340a05028140a05028140a05028140a05028140a05028140a05028140a05028140a05028140a05028140a05028140a05028140a05028140a05028140a05028140a05028140a05028140a05028140a05028140a05028140a0c26a8d6961d1d192fde6e0dc72be4db432a75d3e4940e6a3ee152d926f5bd3d3cf532f2e137ad59bd71ad3529ce9ad20987195f565de9eeeb23cc349cabe64563cf6fc31eafb2e187fdd9edf49deff001fab98d87899341327585a6dfbbecc3b76fdbf15a8d3dffa26fd2ce2657f193f6af94691e2247cadbe21b6fabc12fdadbdbfe120d36cfe679fa6ff00e2fe7fe1f2e4ae2ad8f0b5c3d3da8994f54b0a5c578fbb76534df39cc3d9f4f9fc39d9f7cfde7f0e7b3717acd2ae08b45f62ccd377559da98d7246c4b87fa0e0f555f3ab3397b31abd2ea69cf3738fce778dec104647306b6f3140a05028140a05028140a05028140a05028140a05028140a05028140a05028140a0d53897adbf80da70cc618f4ab8c9713160c6ff4afabea83ec1cc9f754cb2da6eeba3a5757398462b4470d536b2ad45a99dfa5f53c94ef764bc3298f91f51a1d12074e55898ffe5972f46af5131fe96876c7f5bf7ff0ad9a3a6dcedb79d3f7d71372b7c67752bb15fbd7a629c43e9de4060b39e43c3351d2ed677ff794e3a6221e335ef51ddaed3a7a6c96f98bb6dba24692b653947d77894104a89e99e9493cd7bb3967ec3198e33bfab41d59aa6fb0ad770d0332f93ccbb4ea18519b9cdbe5b90fc3789da14a1cc903967dd525dbb3af971bbea6339dbfbc7675359351db758dd344e9cd5f7894dc6b58bdc754894a5b915f6d7fc9a97d4a5633c8f98ab639e194bccdb76d5c2dd3a78bb63b8eb0d6ad094dde8f750e09595370da47aa548fcd515249c8f2abe49972cfda72d1bb69769fef2c9693ba5d7869ad63e83bdcc7a7d9ee2952acb35e395b64732cacf8f2e9f0f3e4c72b2f96a6be9619e9fda34a6d38b3e57f8a96eba3c4500a80192795063e46a1b446683aedca22507383dea7d6c7973e7418493c45b5a565b86dbf31c1e090103fc44123da01a0ae9c4ded55a87e9b4c6d21e8b1e25bdcfe34e81de87ce71b32b48f57af419a09b7823c51571234b48b8cd53687e23e587160040572041f2079d048acc866427732ea1c48e594281141c940a05028140a05028140a05028140a05028140a05028140a08a78d27d0751e82bbcb562d916edb1fc8f550a5a7d451f91f9d73d5e257bba0ef9e58fadc6c9f7a542a496f2543691d73e15d1e1570b35af8631b59862d76bba5ce543b992988b75e7d295288fe30840ca024289cee3d135cf1db2ef1ecd7ba9a57cb94daf3f9b75ece87e8eb46a5d3f20044db6df24875b3d76acee4abdc45304eae77997a7fb7f745dc45976246b0d7ba8af9689176b5353a05bd098d20b2aefd282490a1e29ac5ef5eac3cd34f6fa4ff007f56cec6bad0dc3a85795e9ad3ab9ac3f6766e6f4d54b2a7a521d5f77b14b56482327c6b7da7670f2dcb6cadfafe490f82d25d469a16c4698558204400c542a72249702c951e69e6399f1f3ad635c75f192efbb09c6c3f48eadd056882bff29aae89909dbf59b69241528fb300fcab1977cf18f474feef4bab95e2ed27dfbee97ababf3d85d69a89bd25a52eb7d75056983196f040eaa20721f1381414be4768ad773b4fde6d775bcb85c7c2994a9b4369280a2338504e7006ee9eca0fdecd730cde265b6cc59f4d88e1794b0f232366c24e47f580f89a0baf32d8d26d12e2406598ca7195a11dda0242494900f2a0f39c69f68cbf429325b8ebca90a75c514a4a939ebef3caa6377ab66cfd32570f4f3b6f8f2e66d2ef7ca477aa4b47d5c1f501c13d399f2adeccacf764ed476fb7e96bd479f708ec2fd382d0979d0924140e993eca95627456adb1019fa5a163d8f24fe3501ad5b627d7b11758855e45c03f4d5da8c9332999032d3adb83cd2a06a0e5c8f3a06479d03340a05028140a05028140a05028140a050281418bd4fa6addabac72acd7567bd8b253b558e4527a8524f8107041a966fdab58e571b32c7988c5575bee818434f6b443d36c883b225fd84295b118c04bc949ca481cb774ae5b5c7b5e1fa38e586b65ed30b31cfd65e2fddf2fb9b4f0ff004ed92d1054fe969d6f9119fe65c400b2464ab19073d54791aba78e327bae7d76b6b6a65fd79ddcf7de18c0bb5f1dbec1b95cec97290d8664bf6e7423d2103a05820824781ea2b771ddc34fa9b8cf2d92c6bbae7848dbda3ecfa774d426d6cc7bbc79b27d21cca9d48565c5ad47eb28fdf59b876da3a61d4db95cb2bb5f4fcf746d7aeceba8adb2b59c7b288aedaae5112ddb92ebe11dd65e4b8a6ce7a018560d4f2d8dfb699f37d2b31c3fd609d0499fa7edfa3601bdba1b0d44b24b54a0f2c020a9d5f46c0e5f3a933efb63dddb57a6ed33d5cbcb8febf84da243d01c3fb8c4bcc8d63abe4372f51cc46c4a1be6d416bfd1a3dbe67fe8ef1c76ef7978fa8ea3da6d86136c6713f7bf54855b7990c768ee29d9748595cd2976b64c97f4f42792971952406b1cb273e20907e141496df3dbb74b5bc1befd250eb612be590b429009f68dd9f85066b41f10aefc38b93d76b018e89eeb263f78f35bf62490490338cf21d734193bef1cb88da8c2933b565c52dabab71d7dca7e48c5064b40db215fdb9addc63a641447438952c9ca55b80273e7cebcf6d997676c64b3bb43ba38fc49f2e26e506d0ead0127cb2457a2571b1926a5b6c20778a23700463dd5d11c526ec0a70dad67e753783f22dea434416a4bc850f25114dc890d8b89d2f6a8377b8eacb9a8cb0a2dc4b7921695248c852d5c8751d01acf9976beafab87682d5ae44f42b54c7e0b18c778f3ea7de57bc9e43e0051184b7f19b8856b742e2eaeb8ed2af5bbc5ee4827d87952c376e51bb53711ac4e16664cb4dc94838295b4144fc5bc0a8a97b4276acd3b75b4b4754b2f5b2e393bc32d296d119e44732472f0abb1bb786f8f3c3c7580f23513273c823bb585fc88a830fa9fb48692b0dbdc7e2f7b71901396d8696d82a3e19f5b207c283a7c37ed10d6bd90b82bb0ae14d0852c215206c200c9f5881e1ec3e34d86a03b5d38bd44b6069c47d10970a03c1e25c201c1574c63cb95361632df31ab8c18f35824b521b4ba827c52a191fa6839e8140a05028140a05028140a0fc5a12e20a1690a4a86082320d069b72e11e959b255322457ecf31472645adf547513e6427d53f1158b8637bbd3a7d5eae13cb32edf2bde7eaea9e1f6a888ac5b788b77436060225c76a411f1201a9e4be95bfb5637e2d3c6fe73fb57e2b446b9753b5ce23be949f16adad255f3c9a792fccfb4e9ce34a7ebfc838410a794ab50ea0d417cfce6e44b2db44ff51bdb4f673d7b9f6ed49f06d8fdd36fd796d963d3767d351445b3db62c167c52cb6139f79ea7e35d24db87932cae577caef592a23a578bcdbec16f7ae37498cc386c27738f3ca094a47be829ff6a4d5764e225d34fdc34c5c1bb9448ad391df79a49c34b5286d0ac8e59e7482068f01d92a211b76a4e1593d3afeeabb0efc2b632e4843782b04e0d364dd9eb6de22585a48160b3ca770161c92dadc57bb055b7eea6c6edcb4a4b44fd437d7d8658821f8ee292d348fc9b785a7901e5c8d79753b64efa7c235d4f27babb5ce3a5085875f2aef1432a1827a1af463c3965cb894a7cc64a1908fca21215b80ce303a13d2b7595a1e05db384c9d07023ea47f4b4bbd3c54f3e999dd871ac9e48cabc801f3acaa477b839c20d4c9dccd8ac8ee7edc27b67ecd42830175ec97c3fb8f38ef5e211e89eee56f03e0b068351b9f62c8a726d5ac1f6cf8264c50afbd2a1fa286cd4aebd8f75bc60af42ba5967a47300ad6d28fcd247df44936467adf873a9f868eb11eff000188e6464b6b69e4ac2fcf98fc6830addbef7e84f4d6225c531492d38fb4da8b79041292a1cbcaaee31f156964970b892bfe9a02ff0058545761c9ee48052e10ea40380908460f8744d0de8cb72d83b933148f2d849a0e4897096952d390f8482568500094fb0f9d5ee8b4da33b53337572d7688da6d0da406a3b8553024b639272014f3c79542d58b07228afda05028140a05028140a05028140a050283af719a8b7419131c4a94861b538a091cc8033ca822a4f68bb7b4afe39a3f54b4dfd97598a9790a1e60a554107f68de2c3faf2e16983688373fa0a2e1f7d9931d6cf7eeeee8a1e400c7c4d4de2ed5a46b6e2ac5d4f7b8a60e98b769e8ac465445b314021d07c54703383823972ad4a95b1f67dd0513533d26f131c6dd8f1de7185c37190b4bb98ee2c124f4c140f0a516798e07f0ee6c689295a5a0b4ff007685f78c6e68e7039faa4541087697e11695d03a6225eac3124312a44e4b0e05bea5a361428f204f2e82823fd113932755cc756ca5b42e33fea3493cc04e7200f138cd79f53976d3687ae1094ea59c100047799007b403f8d76c7873cb9750ba1b88c2b6956523a7fd7b2ba6ec3e132d0799ca7df5776fcce78b3161e408cf389754a094f764ee24f40314de2ef1b231abf5c58094b57bbfc0dbf64beea07c89a9d9ceb3fa7f8d1c46b5b0a7a1ea39ceee7497572407d23d518e6b071d0d3689bbbb33b477102ef65996a97323c913bd4ef0341b5b4060faa538c7c734f29ba3d9da86e12b25f797256ea87e4def5f9e3a81e1f0a955c366b1ea7d4e1d62cd6fbadc90dabf2888cdadc4a147cc0e40f2a8368b270078917b6d0ec6d2d292d2c652b79686c7f8942aab617fb2bf10215a665ce6b76c8cd44616fad0a93b964252490024119e5e75063f84fc0e97c508265a2f6ddb921d79ad85a2e2b2da507cc75ef07caa6c23b62139167bacb8ac90160107ae0e3f0ad44ad8f47d8a349d6be8cb5ba94b52db2da92b20e37789f9566fd1a9f57a1d06398b11a60b8a70b6809dea392ac0eb551cf40a05028140a05028140a05028140a05071c98edca61c61e405b4e24a5493e20f51411dc9e00e8a7565c8cd5d2dee13bb745b83a9c1f60248fba820be20c6bf683d7579d3b1b55dd9bb7b569372b77a5b8973bd5270568248e7c839d3c854b37597657abcdc255e2e6f5c65abbd75e5e54e048014a007972f2ab26c95633b2b209b15d93d0fa5a8ff00faaf0a516aad0736a867ff00051faa28349e30eabd1b62b1989aa62b17153e0aa3c25b29754a574dc01e4319eb52ac551d249f43d70cb61f2f256c3810b2829f54b6ac0c1f2af3ea3b61cb4ed76a6e3ea5b96e650e77bb3693f67d51d3e55df0e1cf3f89d7b1260ada0273721692c1eefb950185e4e3390722b6e6fa315a239a055dd1ddd310584eadb110d8cfd211ff00689a0f449d891a4a36bf1da74792d00fe9acb48ef883a674fc29112649d3f1d76d216a9bdc410b052821595848e980a193e66a0d2a470d343713b87d7595a274fc6b75c428b6ca82d4da4380249e7d39a4e3a78d5ee2abdad4e5b2ef09f4c86e1bf066a7325e4ef436b42c7ae40ce40ebd39e2afa27aa65e09718e0e8ad7370d3f21d8b36df779fcee2c33dd05ba55b52b09f041c8e47db5156bf4b8034fc0f6b2957cf9d077a5b0dca8aeb0f212b6dd4142d2a190a046083410d702204681678a23c76d9ccf98d9da00ce5a6c8cf9f24d0540b8b1e8dad6f0c740897251f25285588d874a3896f58289e47f22ee47b769fc6b162bd06655bda42bcc035a1f740a05028140a05028140a05028140a050281411671f386fa5f5c69a4ccbf5d99b13b6fc96ae6bc61015d50a191b81f2cf5a0a65abb4d69bb04d80cd875637a890e387be2dc55b296b0463eb75cf3e9e55672273ecb18fa2af60ff00f32aff00f9dda51686d18fa22163a7708fd5150425a5a131ae38b5ae351dc5b4c84d88183092e00434a0140a80f03ea9fef5410269adadeadb5aba05ee4923975de2bcd9777a676b1abf1222966fea4237af0ca0e4f32400464d7a30e1c73e58bb49cb0cfb943efae8e6c8a88f2a83bba57d6d61624f9dc23fed1356257a2281848acb4d5f8a527d0f873a91ece36db9f03de5047e341a676706433c3375e031decb7d5f2094fe1568a5f75290d4b594ee0653a48cf5f5856bd19f5715973255dc4188f2a64892ca63a1921442b713b403cc9e98ac35e8bb7c14d4daaaecd9817bb74f622c58adf74eca83dc64f2002541442c11cfa0a0954fd5a086f866e391d0f311dbdee45be496d28270147d197819f0e69a5152b5334db3ae6ec56a7132952de2fb2a4001a70a95b920e4e707c7c6ac467ad36694d4f66e9dcad119d65901e29f54909472fb8d637efb37e5edbafa5b97de5be32ff39a49fb856997628140a05028140a05028140a05028140a0f971c432da9c71412848254a27000f3a0c035c43d1ef28a5bd51645281c1026b7907e74154bb4ef1159d4fc4387a7d1396f69fb6168be222c2bbd52b056a4f3c1212703db9a0d0b5fea3d1571bf474e92b148b3c18ac865c12144b8fab3cd44127046478f8520973b2ced5dbaf3b0e53dfa883e63d1dda5e45a2b37fdcb07fb3b7faa2821ae0eabb8bdf14e3ac61d4dc9d5107c89771528af36bfe2b7fb1b8a3805c0327fae7f7d796de6bd5b70c67119b98abd32e47657de391c0525b1bc8f5943c2baccf193bd72cf1bbb01a7e73f6e79a9086d95ad25c494bcd05a79f983cabb637e4e3677eeedac124a8f8f9551ded1deb6b6b00f3b946fdaa6b5e8cde5e888e9586da1f1d24fa2f0ab502b38deca5bfef3894fe3418fe06b423f08612d29c77824b9fef17fba94536d2eead1a8ed8b6dcb7b6bf4f2a0bb89c4649dc39b9fd1f3adfa33ea9e7801c0fb342bbcad573efb6abccd82e2c4762dce8719655cfd727c7af2e5cab0d2c5e9e4edb0db479456bf5450644f4a0877879862f37a64e3735a896afef77e9a0aa1c4b63d1b8b7a950072fa51e23dc547f7d119cb65ce5ae0c28693b99ee12a093e60ff00cab96defbd973df464f2fe2bc7a6ddeff4fdb5dcfd78ad1ff00aeaf232540a05028140a05028140a05028140a050756ed045ced92a095ec121a535bb19c6462820995d9baeae2c1f49d292403ffc45ac852bdea49c9a087afce274feabbde9793a2749c99767694f2dd69a711dea0049252339e4159f70359b1654437a92d4ebbbf29888d436d6adc186b3b5bf60cf3ab3b15637b2773b55e7fac4ff00b972aa2d1d8f9d8ede7ce337faa28218d0af883c55e2adbdc09429c4a6420798d84ffc62a5272846ce9097603e36a5c42b92b6827eb1c73f0af9df13b77f2fa6cfa9f0ac31cb1eff0036e7ace4c0b7b511a17e723dc06d79e52561c5a0000e36ee00649e9d6be77c130d5d7cb52eae97b9e9e91ebeb3534f0f774ec977f973f4471ab34a4e99aaa4c98e98c94bcb1236870249dc84952b6fbf26bea7c2fadc31d1c74f2b779db7fc7e6fc6ebfc3753da659e9c9b72d6e4b2e45754cbc9dab41c106bf725966f1f8996371bb577b428dfaf74ea7cee51bf689adfa31797a1a3a561b45dda4e4f71c2c9a8ce3be931dbf7fe501fc2939194e1633e87c1cb403c89b6974ffac0abf1a0a13315fc5013d0b8b3e7e22b5e88903425c6670e6d76cd636b9dbd4f4b5c499177632ded0a181e2149ef073e8a48a8abcf6423e8883823fecedfea8a83ba7a50435a4825bd6fabd8c90117b8cbc7f596e7feaa0ac1c588e2cdc56bd5a2395087165ec650a3b8a52707a9e67af8d2252c4ead2fc22738ee17803c402a1f8573b3deddda677cbe55e7d0cef7ba3acabf384d7ea0ae91c99da05028140a05028140a05028140a05028140a0addda37845a8646a146bfd1d1d7265fa398f363349dcb5276946e09fb40a4e08ebc85055dbd69bbfd9c465dded5360a66288697258537bf18ce320138c8a0b05d9413b58bc3439e147f64bab44abc59e2f35c2ae1e5b9d8c1b7af33a321b86d2f981840cb8a1e4323de48a829acabfea4d5f7d957b93719326f12304a9b56c71cc0c00909c03803a0a6c369d13756aeb6b4851522e36e74179b52bf946491eb01e041ce7de2bf3bc43a49ab85cb1e63f53c37acba59cc72e2b71bada34dbb2e3dc5f30d2f2643ab90b2a05446308f7e08af94d0ea3aa932d29bedb4dbf77d56be8f4fed31d6b27d5fb32e480dfa76d429b4a4657e094253cd59f1ce2ba61a7dfd9f17f7be8e99e7e5c6e77bcfdbe68b67bea7435de7f281b4857983d71f0040f857d874d36c7f17c2753f1321c3b3bf887a6d23c6e51ff00682bd2f3bd0d1d2a2a15ed5b2cb1c3f84d03fcadc9b047980859fc0558379d38d7a0f0960367977564467fd866a0a0b0adf72babf0e159e33b2a7bcea830d349dca52b39e43e15adfb33b39d51b5248bdb5a56645745c13270b8eeb6038870f504f5039924565765dce11682bf68df4c5ddee16f90cc86db0cb70db5a00c679a828919e78e5454906821786fb76fe236b50b29425126049528f403bc6f27e4aa0ab7c43bc45d5fae6efa8d97da42a5490e258c10a080425279f239001e5e7412270985b645bd0cbf01893210970e5e692401b88001c13e35f13ff26d4cf1cf799dc64f95bcbea3c23a799e94be597bfc931d97545a2334c5b665caeb19287033b636d6996b72bd41c86707239f9d63c2f53a7d5d3c31ea32cedb3d72bb7f74ebba6cf4f2cb2d2c31dbeedeff0009334bb8eaa0adb79d53ca65d535bd5d481e75f43e09967ec72c33bbf972ca4dfe52f67e275d8638e72e336de4accd7ec3c65028140a05028140a05028140a050281d282bbf18f8fb798fab1bd11c3ff00cadcd0bd926421a0e90a03250907972f127a7c28200d537dd4faeee5046a0bcc8ba776a3dc970253dc138c9c247d5e5cfdd56092bb35df2d7a6a4dd517ab8c4b78749d8643a1017ea2872cf5eb4ca7748d7b8a16ebef16b552e5598c7936db34362134a321090486c296464fe713cfa72f657e675de2dd3f4796386b5b2dfa5af6f4dd16aebcb70f4463285eb4c5cdab4cd4258761afbc4140492951f58282c75f0f1af574fd569eb69cd5d3bbcae7a9d3ea619fb3ca7774e5dd56cdf573edce2d85be9ca827914a943d61eeaf4d79f84a6a908d4b61d3cc48623f723738fad2be6a2941242863c707c4f4af99c7a3cba6d5d5d6c32deded27c9f4f7aac7a9c34b4f5276e6fe11d7bdcc547b4cad8a0e289010d2d3b7037801381e159e974b1bad8f9a7fbb3d3d66b65f67cbcb79e3f36b77c88d2a28ba21c6db32159f476c294941e7b805127a62be9b1c649d9f219656db6bef86077712f4c27cee71ff005c56f66377a1c0f2acb480bb5b48c586c1141e6e4b7578feab78ff008aac12cdd902070f26363a31695a7e4c9fdd537142f46f3d4769ff00de1fe0e61c5a85d304fa31e7cf963af4f8d6af08b19c1fd07a3bb9bf6ad4eaa6f566a3d924196b382d8c293bc249ce543ed1f3c56556223276c76879200fba8390d054ee2d710ad96cd5bc418715e5ae5ce8ad40424214363a92d6ee7ec01553d577ec82755c116dba5b00c65db7c57881e054d835596f9c34bfaed8f16198ddfbcfbaa646558da090738f1af93f1de931d6b72ceed2777d6783ebdc74f1c319df76ef7c5dc9f663db5b92974cc9adb4ca9440e41695151572007aa40f6abd95f97e1ba386beb4b861b5c67f327f77bbaecbd8e8fbd976b7fcacc691853e15b0fd2296d121d714e9420e7603d013e26bec3c3ba5cba7d3b33e6db6fe2f91eb75b0d5d4970e24919cafd0790a05028140a05028140a05028140a0fc5ad2da0ad6a094a46493d00a0d26fdc5cd1d06d1717e36a8b33b2a330e2d0ca65a0a94b09240c6739cd052bd19ac9ed34353df12d21fbcdcd83163c95b832c778497578ebb88c007da6830564d42eb32531a4210e05b8124295818f69f2a558927863a563f14df96cc1836f86e454951ef94a208c67960562e35657c449d63b4bb7db2cd92d5b67b91cc50dadb5a90a4ad39df919e80838e5f7d7e0f8af4fd46a6ae95d2c37c71bbf6b37ede9dfe6fd6e8b5f4a69e78e796d6c45baa26b2fdec222b9deb719a6e325dc6def421013bf1e19c6715fa9d269e58e97bf36b6dbb7cb7bbecf1eb6a4f693cb7b4da7e4eaa16d8b7baf1424bc6420254473c049c8fd15ec8f2e5ceedd5eb94fb469ad3d261a194aa22bbc5ef49cb85615c8f814ed2475f1af35d0f365979b8af4fb7b8e38797d18a9dacddbac82a3110da5b7029412bceec1c0f964e2b968787e3a7ebbbd1d4789e5abdb6d9b57d29a4d88adbf22cb296c156111fbfced233cc9c0c8393cabdfbbf33b321a52f9a5a76aab4b364b0771765ca6c44595a9203bb86d24e48eb5458eff3b6d8c06631f687db57e91515187179578b85c6c7035b3b2d896a5acc16e3b0d2d2b24a127252a1e3b7ad3746e5ac3596b1b16959cad4c042b63ccaa2b8f9b727d5de0a4636be79f3f2a82b43fa7b45badb63f860f36904eddf0543773f628d6adbf24d9b4c47f4bd92e02eda72fb1ada1c49694db056a464f3e416770c8e47c08a91561ed9c69b8ceb7b3323e98952a3389f55f612e16d78e4482124751514b871aa6261486dad3b363ca2da834b521442158e4482919c1f0c8a6e6caa1a91bbaea4d4f779f725b6dcd796a90ead4df741c5607d9cf2f0ab19d9a74abb489afa7bd5256103683b79800600cf5c0c524efbadbdb66e9c3cb9a21ea2dae484345417dd858182b38c7cc022bf17c63a79a9a76edbf79bedf27edf83f5170d4f2efb76edf7b39c44d4c842ed6ca0b51d6c28baeb2c2f00eedbea9c79fae71eef3af2781f4f969ea67a9decbb73f4dffc3d1e33ab8e5863a7bf79f2596e0af12adda9a18b33f757e4ded095bcb65d6d43636080307183cb07af8d7d26ef9cdb64a95428140a05028140a05028140a05028382e11133e0bf1144a52f36a6c91e008c50401aa780d74b4592e1746ee963982130b7d2cbb65415381092424ab39f0c668209b76b09370b6487fe85d2a5c67d60d1b6a3711e3cc54b8eed46892a3bf74ba3f21b65a652fba4ed69bda84753c8780ab2329e7b1ec750ba5e9d2729ee54d8f781ff003141af7691d1722cd74b0eaa8cd94c5badb63a56e01c83c86d2083ef4ed3f3a08456af5d4e28e544d07e05aca3073b52738a095751624685b6280c610c72f7a315cf1f89d729eea39f5512a47aa40ea467fa42bab8b6ad41262bd6d8ca831df8ec059212eac2f248e7cc01d31f7d41cfc24f5b8a7a57ff00b9b1fae2b5e89eaf438565a575e3a2bd3f8dfa12dbd40530a23df239fdc9a41dded90fbcdf0eed8d36541b76e6d8731e2036b23efa0a80b7984aa2fa4070b433bbbbc6ec67c33d0d691d15ad25e5a90084956403d40acaaec764c9f7993c3d11a7457516f61c5186f2dbda1c0a5a8a824e7d600f8e075c73a09c481414f759d9e15c7b59a2df718e8930e54c8e971858ca5614c0ea3de050445aef48ab47eaabcdadf75a617166b8da1939dca6c9ca14397d5292290752d8ea51778aa5241daf36b07de454ca775c5959ba4a5dfb88906c90d2a5bd722d0040faa09c295f0009f852255dce1a685b0d8a047bb4382d26e0f325b724e4952939e9ccf2e83e542b7aaa140a05028140a05028140a05028140a0e392c372a3b8c3a90a6dc4942927c411822829644b1daf83bc57bcd93595b94fe9fbab0b8e8941bdc5942d414dba31cf963071d39f95047376971eccdcb315cef4baa536d2fa6519ebf2fd355535763e461774f321d27fba8a88b06bd1f67d75c3a8164be451221bf098c8ce1485040c2927c08f3a081353f6344c57e44cb4ea8eeadad36b74b7258dcea7033804100fbf95291a8cee1b592d3c168d7269b5aa7dd1515d7a42ce549f5deca53e49f513f2acdbdb76a4efb307768a13a45801c56c6db65383d060e33f7d631bddd329eea3b7e2b8995214da54e2129395a5276f9d7571676ead36dd9e186dd69e412549710ac939009047811cbe24d064383c3771574a8ffea4cfeb5547a17e15155d35cff943b54e988e46e4c76593eec0757fbaafa0907b43e931ab385b756829297a0244f6caba65bc923e29dc2a0a1329b1ddb44f420fe935aa892f5041d3170b0699d07a2a03172d40fbe1cb8dd108c952c9294a02bc13cc138e43978d65576b446996346e93b55823e0a20c6434543ed280f595f1393f1a0ce50451a96046638f5a665fa333be4427415ec19529217824f9818a083fb67c0663eb9b34b6da4a1c930085a80c1594ac819f8114112da98df08ca5206c4498e92af1194a8e3eeab9116c7815a2ed0b665ead7d84bb754a550db70f30d36327d51e04eee66b316a56d1a1434dc1dc72ad8771ce727273ceaa33540a05028140a05028140a05028140a0502821bed01a9b86b0a0b56ed6115571b811be3c788adb2100f8efc8d80fb7af91a0aa9af2568bbcb96b6b47586e56d7dbde65a65c8efbbc1c88da73eff015672265ec888c3976e5d3bd1fe16ea548b29a4ff9af68fec6cfea0a2bef53ab669bbaabca23a7fc06a5e1672ac5ab17dd702b4e1f02228f9fa4d62fc2d4bdd1dcf78ab48ec2d95361b0a51cf2e4e74f95631e5bbc31160792a81a8197121b4b995a524e79774e639fcabd11c2b173ee26e1678236b00b69da96da6c276e00049c7527973f61a8564f844eb71389da6a5495a59619b834b71c70ed4a120f3249e405522f7ff0eb4b63f9c768ff00f2d1fbea2a0655ead92fb520bbb9708a2db1d8094ca2ea7ba244723eb671f5958aa251e26eb5d372f87ba8e3c5bf5b1f90e5bdf4a1b6e4a14a51283c80079d414834ea2dc9bac455e6d32ae904021c8d1deee56ace718560e39d6aa2c070cf58f0934dda1e6205bdcb15e14fb5dfb9332e2d494be82521793d13e1cb38f1acaacb59ef56ebfc044fb5cb6a5c559212e3672320e08f7d06bd76e2e685b15cdfb5dcf535be2cd8ea097595a8e50719c1e5eda08b35df197448e22696bc42bc353a3c00fa2498e924a7700138ce01f1f1a08afb4aea9b1eb4bc42bb69abba6eeda981dfb4b1ff0064c630119031bb24a873e628237b73a94e959e92a01d1262ac273824043a09f8647cead22e2f019e5af45cf4a138710f28a771e47d518fd1598d649134b67e80844e705b04640048f0e9ecc556595a05028140a05028140a05028140a05028309ad752b1a3f4adcefd2065b831d4eedfce50faa3e2703e3414bb86779b06ace24dd356f122525f623b4b98dc775254243b9012903c703a0e9c8780a0d66f1299b9dee6dd20474444ae438fb0d240c360a8909c7bb956a2a72ecaf748732f375698694cbab8ca90a478730d838f88352a2c5692fe6bda3fb1b3fa82a0f8d64beef49de57f9b09e3fe0352f0b39567d63eaf0374e378c92b8a31feabff00beb3970d4e51d0507348c84ffe1afee39ae78b7786b0ab64b5c8962218ce3d1d843ca4383208f71e59e63ad7771759976f70aded4e0a6db6a4e5215e8e9f0f691fa29b8cb70fa05d7566aeb76996ee88869b93bdd97bd1d2bd9c89ce0fbbceaa2785f63e9eb56e56ba19ebff00770ffd75151ce99e09cbd4bc4ebd68b4ea40da6d6970997e880ef29291f573cb9abcfc28317c6fe110e15396c8abd482e722e1bd4502286b62060673b8f527eea08b16dbe8d804970e53b8004fcaaec39e3cc8897e11532fba12acc92b70e1de7e18e9cbefa82fc700af96fbef0d2dee4088c4431d4b8efb4ca42477893cd5ef50c2be34183d61d97b47eb2bfcdbdca9d788d226b9deba88ef2423778900a4d0459ae7b30695d357fd35058ba5e16c5da5fa33aa75682a4f3481b7d5fe91eb41a2f1ab8470f84d786635a2e921f8ee30974fa5a12950249184ab002fa741cc78d068b26df292c3d243e95b2869b707828859c01445bae02cd68e83bc2de70a1096c29c5633b72d9cfbeb31ba96b4b94fd05136f8230a1b76ed56798c7860e47c2b4cb2b40a05028140a05028140a05028140a0e09f2d30213f2d695292cb6a7084f5200cf2a0ad7c5be29df3885a326e9cb7e917a2a65adbc4954f648290a0ac6dc83cf1410d45e1f6aa6edaa685b622771e6b54f641007863754b96cb2347952e5d9e7c984ada975a5941014169041e782391ab295347651bb29be25bb040c17614942b69ca700a543ef15516eb48ff0035ed3fd8d9fd4150706ba38d197d3e501ffd99a9785c79573be37e95c2dd20c6321d7e2a71fea3dfbea5588bedada1ed3928a900a90874024731948cd72c5d36ecd4a06a67a15e1d9321af49ef9b4b0504ed1b414fb3d9f7d7a238d8fd7829367617bf2878a76a376760483cb1e1d4542b6be040ff003c1a63fb51fd455117e8f4a2aba702333f8ddafe79e7b5d7d19f7c823fe0a0d0bb64874711ecea3bbbbfa39013e59ef179fc2820a0eb0d3cc2e4078b69464f744057b399f6d6aa3a6c32f4a5b8a6595b8100b8bda927627ccf90acaae6763b75d77445df703dd8b8613efee919fc2944fb411671b11b6eba1e49384b37a6c93f23f85047fdb6180ad2da71fc7344d711f36ffe5415b6dd25c9362b825d56eeee2b7b7d894ba918fbeade08b4dc064aa5e80b8b485a0154665c214791006483ef191f1ae7396af099f4982ab3352b29db30aa5a52939090e1de00f9d6a32cc550a05028140a05028140a05028140a0f879a43ed2da7121485829524f422820ee3e70934d43e19deaeb63b1468b728db2477cc83bf6858dfe3e59a0aa90b4fcc9fa21fd4ac34dbac459822bfb49dcd12905255ec57319f3141af2a13b254a7360dca50040e82a8dab855c4173863aad57b8d09898e29a72304bca21280a23d6c8f763e3505e7e136a58daaf87f66b945c04fa3a595a47d95a06d50f98a0c8ebcfe655f7fb03ffb3352f0b8f2af89477da2b87ecfe7cf848f9a5ca955125a5c59832a3a36eddcb0acf5faa472f8e2b8e31d2efb23b9480dca42b783950381e1cebd11c5d98cf2971de0a7d2762d212d91ccf23cc7b063efa237de02fadc60d31fda547fddaa82fc2ced413e428aaefd9587a6ea0d71733ccbb251cffacb7547f0a0ecf6bad04f5f74cc1d510dbdeed9d4532078f72b23d6f8280f99a0a7921bef1c6927a06c135aa8cac09d220b6f40b6bee2953db0cb8db48c15927923fa5e15157bb815a11de1f70e6dd6b969db3ddcca943c9c5f3dbf0181f0a8241a08afb40153567d3d2129c96ef4c73f2e4afdd41a4f6c984f8d2369b9f7fbe3352bb931549ca37a9248733d720248c74f5a82adda1c0ab75c8600dd095803d8f366ae5c2458ce0eea14587876e14361e9d748c8830d84f253efacec48f70ea4f8006b963f1575cbe18b09a237c7d3702db2368976f611124241e8b4240cfb8e011ec22ba39b3d40a05028140a05028140a05028140a05075ee3023dd20c8832db4bb1e436a69c42ba292a1823e46828f6add337ee0a5fb50e9d7192ee9ebeb450dbae03b1690adcdac1e81693c88f7f98a08e6e3708d1185b114ee717c94af0ab460561490939e4af0a83d03ece7686ecfc1ed3c842fbc325932947fa4b51563e1903e141b66befe64dfbfb03ff00b3352f0b3957f8033a7f866d1e8bb9c1cff755fbea1ba1a68fa0dfa64552b6a1321d6b07c4ee20573c7d5d2b42b8a4a641c75e445767270a125b6d2fa73907d6f68a224eecfc039c61d324731dfac8ff0066ba0bdd757847b64b78f46d95abe49268a81fb1e35bb4c6a0964737a7a467cf0d83ff00150489c7a38e116a7fec87f5850524d0fa1ceba9b7160dc4406edd6b727b8e7745c2a4231948008e6735aa32fc127e0da78b1a6dfbab256c99094b61433eb2c14a15f05106a6c3d021d2a050461da15253a199903918f3d9701f6e143f1a0d43b5dcd8aef0c20435af125f96dbed020e0a5293bb9f41f5c5054db1821125bc83fc55ff001e47090afc2978160fb2ed91a9f358d477a90db716d8c29ab732e380252b270b7483c81c1c0ac4dbcdb3578583b86a6b140b931399bbdb945d5a22be8448412a0a3841c03d428fc89adb2da873140a05028140a05028140a05028140a0502830daaa669c856b71cd4eedb5b80792bd3ca7bb3ecc2b91a0a75da55ad0cddeec4ad0e8b37a3ada71720db4a0a776e18ddb7a72ab044719b6830990a0b4b885129563d5200e63ef1ca8917a7b354a9d3383f65767820e5d4b3918fc90715b6a2b2fc6cd4e9d27c35bccf5c554a0b6bd1b6255b4fe50ecce7d9bb35291522d1c62116469d667417cc7b3cd8cf3484a812a0da7691eccf5a6c31f7b7996b565ecad4107e9074a01ebf5d55cb0f8aba5bdbbb459ec392a616d86d4a50241c7bebb4736490dc28b687e3bf102a6b8f02dc90f8d8da3c5381c89356c46ebd9fa3262f1934d3687db78079c2148ce07e497cb981d2945d7d792bd0b445fe4ff00a2b7c85fc9b554545fd9262771c337ddc7376e0e1cf9e108141dbed43ad6dfa6f86d2ad0f9df36f5fc5d86c1e60020a967d8001f12282af707f44ddf5e6a2996db35fdcb23cddb56eb8f2028f788ca4141c11c8e7eead547169065ae1af176d88d4519b9ed5bdd449525a73008280b4ac67a90083b7c48c56557fedb708d75811e743790f4690da5d69c41c85248c82283b3411bf68367bee194d24e021f8ea3eeef523f1a0d6fb49b699dc027e460129111d071d32a4fefa0a6fa786e2ea7c4b1213f368d3d04e1d9eb8756ad756c02e376bcc75292b1b224a2d81b558f76304573f3fbde574b8fbbe64efa7fb3b683d3d3e3dc98873a44d8ef25f43d265ad677a4e4123383f2ae8e693472140a05028140a05028140a05028140a050623566a683a3f4ecfbedc57b62c268b8ac75579247b49c0f8d079fdaeb88b7ce286a913aed394cc775f0db2de7f2515b2ac721ec1d4f8d06d5c73e1bd938677cb2316095265b332177eb71e712b0b50560e0803911560dff00b2f58b4e5eddb85bae5020dcc219331a44a652e777bca104608ea361cfbc528d96fbda66d7a119b7699d3d6617693158432eed5f76db6b0903624007247c0541a4f137b45235ef0f2f5a6aed627ac9794b8cadb464ad0b01c4920e402938e7cc73a0852fb0198163d357346f53f35a79e7813cb287d4918f2e49141b2da5f6f53dee74f7590854959921239ec2a567193efc570b76b7676c66ed3f50b7e8f7492948c14b8a1eec135de70e5797147494a704eec78e2aecca48ecf7eb71974dff00e6b9fb25d28b81c6595e89c2cd4ee79dbdd47f786dfc6a2b5ceccb17d178496d3e2ebcfb87fda11f850569ed49a9dfbf71726c352cfa3da5b4456919e40eddca3f357dc2822e8d76b859e48936d9d2613fdd04f78c3a5b560e39641ab523a06648765894f3ce3af6e04ad6a2a24fb49a8abb9d92f55397be1f3f6a79c2b5da2496d049e7dd2c6f48f81dc3e1413850689c706f7f0c6f2719d81a563dcea2834de3233267f679664b6eb7e8acc18afca648e6fb6129c242bec9dc5273ecc5053bd36e255379202414b89c0f6b6a157d0593ec90f386dc94ec4f761f7815e79e76838c579f6fea3aff00eb59eaeee45028140a05028140a05028140a050281415dbb66ea5720691b4581970a4dc65175d00fd64363a7f7940fc282aa448cda62ef58ceee8319cd51c0b965c5a125c52928f552147ea8f6541b168cd6f73d0b2e6cdb52d4890ec6762820e301c4f5f783823da2aa303143adbeb725b4892dbe8290a5a95eaa8f304608e63db9a8aeadd24bce4c5971c7165494a0ef5127d5000e67dc2833faa4a7f829a282feafa1c82af77a53941b9e805443ac2e2bb7c553d054d3ca8cda5382a405652003e38af36abbe95695af93dc6a4ba47084a47a5387a73032797df5db4fe18e5a93deaea5beef221429511a0cf7731084b854d852b03c89e9f0ae95cdbe7676e7c66d39ff0098efec575156b3b433eb678477d0d8254ea5a6801e3b9d40a2bf380f22244e1a582d664b1e9a23a9d7238582b4ee5a8f31d475a0a8dda2a0396fe33ea30f2480f3897907cc29b4907f4d0476a91e8ceeeee9b732dedc389c8191d7df56a333a0f44c9d6b3a6b6dbe22b10623d2de7d49dc13b1b52c27de769151564bb12b0e7d11a9e49cec53f1d00fb42559fd2282cd506a5c5a6bbee1cdfd3f9b154bfee90afc28346d6525891d9a14db8b095cbb436c3093d56e948da91ed2450533d38c2d9bc4765e1b4f7e842867a649157d1161fb25cd0dc654721593397cc0e432da7a9f8fe9ae17e38ebbfb8b575d9cca05028140a05028140a05028140a0506adc496afaf696929d3ab9299c08388c407549f10927a1a0a87c504aadb2edff00fb4285ad1f75685aa289d3da27191bb1849c0ce283017791a534fcf55ae568e9accb6d292af48ba9291b92140faa31cc1159b2b52c46eb794990a5a7a1564679d6a32ec34ebb21f05b596d7e041c73029b8e57e5bc21b6c990e38a2a07611f50fb0d073aed2b774f3b7f92f94afd2d3119411fca9d854b39fe8fa9fdea0eadc2d93a141b74892acb135953d1c6ece101c520f2f0f592aa094b833817a82a3d14d388ff0009fdd5e6d577d39ead638a71d6359ddd496d4529741510390ca4576d3beec73d4f8ab016cb7cbb9a5c111853bdc33deb9b7eca47535bb5cd21f67339e32e9dfebbbfb15d05eab8db61dda1b90e7c66e4c77000b69c194ab9e798f8515ae3d6455b3525bcdb2d4da61a882b7190940676a169c11e4428631e228213ed7dc3532e0b3aee16cdf15098b3524e0a9055ea2c79904e3dc4795054c960ee4ff547e8ab46e5a735826c9a16e7a7ad6cb8eddef321095b8da7243252525b1e249cf87828d41743801c3d5f0e78750a04a46cb8cb2664b07aa5c50184ff00aa001ef068249a08f78f7a90697e175ea5aa22a525e6bd14a52ada51de7a9bfe19ce2823fd11a998d7dd9caf71a4c265afa3a1c888c85ac2bbc2db590e01e0727eea0a8ba79d537716143aa5d411fdeaa2c2765792d312a6b0a5a42be92404a49c1276e0e2b8e5f1c749f0d5b815d5cca05028140a05028140a05028140a050282b976cfd2cedcb4a5a2fec3655f4748532e903a21c0307ddb9207c682aeea9bfbbaa27b13de6f63c9891e3b9fd32db6946ef8848a0c1f7797424f41ccfb0504a7c10e12b9c4f8faa168210b850b110938fe32a5651f0c2143e3411fdc8cab529cb74a8a9624b04b6b4ac614922aee3b0a83a82eba41138c65fd096859683db76a3bc7559233f694797b82454197bcc74c8b6e8061c4ee43d114850f30663a0d06eda3add16dbac5fb6b49518ac4f951521473ea0de9009f7579b57b57a34f86a7c5f42a1eaf9ac344a5a5a1a0523a10109c574d2bbe33773d59ef569b15e71b4610b524293b4e0e3233d0d75726ff00c08bc45b2716b4f4c98a506bbf2c8d8371dce24a13cbdea141e810e94528224ed4ebd9c19bb81f69d607fbc4feea0abbc1ce195b389b2afac5ca54b8c9b6db8cb6951ca725608183907955a2caf0fb803a4f86da8ed3262a1eb84e71b79c32266d51410138da90303193cfad41340a05046fc7ee1e48e23e807add126222bf15c131056094af6255949c74e44fc40a0ae7a43b33cdbd6807355bba8420250eba20b68500e2119c82acf22769f03e1410b417991714ad9429080b490147270143156227eeccca4a6f97940006d9ac2c7b32b50fc2b865f1475c7e1ab7c3a576737ed028140a05028140a05028140a050281418bd4fa7206acb0cdb25cdaef624c68b4e27c467c47b41c11eea0a47afbb3b6b6d173df116d326f56c0a2599709056a29f0de81cc1fba8231bbc0b95b1e4c69d6e9505c58dc1121a536a50f3f580e5416abb16b41162bfab1d5d6467e0ba0982c9a274cdfacd1255d6c16b9d202549ef644642d580b572c919a08f3b555b2df66e0da20dbe24787185c18096986c2109fac7901ca82a544bcc8b8dc74cc37c361ab6b8861929182525f2b39f8acd049d60515eb3bbbad90adb7d7f69cf23973fe75e6d6e5e8d1e1ab716ad92d7ab64190b610f261b6fb8028ed240c109cf5ade8cf758d6f89a6d8e147b8c9447953d982d14a8979d04a463c303cebb39333c3be5c40d3802f23e948fcc0ebf944d11e900e94528223ed5033c19bb7b1e63f68282a4f0eb89372e1d48b83f6c88c49666c71166f7d9cec27ec608c1f9d5a8b49c61e38c7e1eaf4d4e816b5dce64e86e486e3a945010d2820852b00f91e5ec3515b3f04f8c11f8bb629333d0c419b0dc0dbec05ee4f3194a81f2383f2a091e83ad726fbd8125bfce6949fb8d0465c1750b87089e8e41c054a671f13fbe8288340b321d1f9b9fb8d54a9fbb3e3a88dac6fad25c0772d9707874715fbeb8677bc75c38ab8e3a5767328140a05028140a05028140a05028140a05031414d3b64e0f122d63cad89fda2e939191ecd3c56d27c3ed3b706b50cf5445cb7d2518694b002411cf6838eb4164f87f7ab75cb4cc07224d8ef07c38e37b56095237a882075e845041bdb4355862d766d2e86dc0e4870ce539bbd4da9ca4248f13939f8505579d705ca8905850044568b6091cf9ad4aebfeb50491c21732daf279a25b6acfbc26bcdafcbd1a3c57c71f003ab5971273ba227247b14aade8f0ceb4ee8d19e6923af5aece2cc696ba8b1ea6b55d16df7a9872da7cb69382bdaa0719f0ce288b2733b6721bc88fa4d03cbbc9ff804515d46bb643cf34b5bf021c3503eab6db2e3e4fc4ad02823ee2a7690ba710ed0bb118cd26dcb5a5c59ee3bb7091e1f5d43141115b65c78973624c88de92cb4e25c530a57270039da4f91e94124f17f8c70f8a91ed0eb764fa1e7dbd0b60b8dbc5495b271ea01818c11f7d0663813c6fb67092db362b96454d7e73c16ebe24ecf552309484ed3e67c7c68272b676b7d1b33024dbee7189ea4042c7eb0a9b8cbdc7b4ae843649d260cc7a44c69852da86e32b6d4f280e490ac1009abb8d33b347152d932cd73b05c1516dc8617df34ec992941794e0f59001c74c0f9d0554bbc17a2dc64ba5a5263ae43c96d7f657b5441c5588cf70e3564fd3da91a91142d4e29610ada012a19e44e41ce09acdc65e577b387a32d2b7349579806a8faa05028140a05028140a05028140a05028140a0a5ddb11e0ef1361a52465bb7368233cf3b967a7c6820a88e961dd8eb5de252725b51233419ed27aba5e8cd476ebbdbe428ae2bcdba3a8cf4de8f71191412071778a5a738ab3189d3e15c9a951185331c47525081939f5b76e2ae7e58a088832d0faca5abddca8248e14bbde9b8a96b2541c6d793d7feb9579f5fd1e8d0e2bb1c7760aeef692ca54e93108240c9242bfe74e9eef135f946b6a0954801690a49dc920fb535e97077add697b515d60daad6c012e5b888e84297c94e28e0733d01c8a88992d1d8df5b4cdaab8dced16f49ea02d4ea87c0003efa2b77b4f629b3b7b4ddf54ce907c531984b43e64aa8353e337032d5a3a23769d21a27505da53e84b8abbf78b750cf33946c4a719e5e3e741aaf09b84aedc2fe6dbac741ea37e24c286db98c256c88673cd6a24608c1fba8263baf62dd272372adb7ebb4327a07421d48fb81fbe834cbbf62ad40c6e55a7535ba50f04c8696d1fbb75069177ecbfc4fb415291666a7253f6a24942b3f0241fba834bbb685d67a7b22e5a7ef31027aa9c8cbdbf3c628306dcb911925b04a41ea08c5361c61f71c29438e2ca12494a739033d7028375d2fc3bd673d516e564d3d78790ee16dc8658584287b15d31d7c689b3d0c87b844642c10bd89dc0f81c515cd40a05028140a05028140a05028140a05028141483b5d3dfe774ec510a6e031cc7507d63f8d0431df48254f152cf79f596ae7bbde7c6838f3eb051e64507207bcc50d92068d97c24f506aa85aa439cb72a3bcda9bf904850fbe836f43ba211a86e47407786d3e80d2887f7ef0f7afbb3bb9f974e55c35a70efa3ea8a753ea376ed2213fb9d4bada08583c92144f3dbe38c63af8d75c7098f0e39656f2e0d3717e93bdc4869dd993250d7aa3272a38e43e35a45a0d0dc06d35a3af96dbd5cded4ce4b86e224a52a85b590b1cc03b771ebed141313fc5ad2718a92a9ebf5012b3dca80463ae72054dd7cb58a91c7ed1285b888b2e4ceeefeb2d864ed07cb2ac67e152e722cc6d602ebda56d30d875c89619f24b632029694eef763269339783c95a948ed09c4ad4ca2c692e1e4b4957d575c8ee398f6e484a47c6b4ca6fe1e49d4f2f49417b58466635e9415dfb6d1181eb1db9c720718ce28364a0507e290950c10083e741ab6b0d31a41cb44cb8df34ddbe7b519953cb062216e109192072ce682856ad62d736f3709166b5bf099766b8e30d1527634c1faa8c03d688b89d9af57c0bef0f20d9590e226d9994b3212a031ccab69041e7c85152dd028140a05028140a05028140a05028140a0507cbbbbbb56cc6fc1db9f3a0a65c48e0b718f5c6a69376bb59da96fabd44b919f652d948e4300a811c80eb41bf767de126bdd2cf3f6ed5f6ab57f06dd0a717124a5a7dc53a40008c038e83a9a0922fbd9db8677fdca7b4cc78ae2bedc3529923e0938fba823abf762dd3d2429764d437084a3d1121b4bc91f11b4d04757dec79aeeddb956c996abaa0740970b4b3f050c7df45dda14ed31ad384728aaf76372126602d214f6148731cced524e0e3358cf1992e39dc786a931e5cc623b2e8404c704236a4024139393e3d6b6c464345b898dab2d0e818089d1d5c8f938282e2f152d7c67b9ea3533a2e5c58f645348085f7c96d6957dadd91bbaf9515a8d87b306a5bc5cdab96b9d548780585b91e36e70b9839292b56319f71a5226cb570c74759d094c6d3d6fca790538c8715f3566a4c62db6b3ec5b2145188f123b23c9b6c27f4554760240e83141fb40a0502804023045063a4e9bb2cc5f7926d16f7d67ed391d0a3f78a0ecc3b743b737ddc388c4647e6b2d840f90a0ec5028140a05028140a05028140a05028140a05028140a050281418abfe93b16a969a6af96987726da254da64b416104f5233d28218ed031b873a0742bd6a569a851e6dddb5b509512137b90b4e32addcb18c8f9d054ab6467a1dd1a90d4691dd34ea1c49527190140d07a19a035cdb7881614ddada9790d85969c6dd03721600247224788a0d968140a05028140a05028140a05028140a05028140a05028140a05028140a05028140a05028140a0c56a1d2962d5915316fb6987726527294c8682f69f319e9f0a0d699e06f0e18585a348db32398dc82a1f227141b75aacf6eb1c5112d9063428e0e434c36109cf9e0507728140a05028140a05028140a05028140a05028140a05028140a05028140a05028140a05028140a05028140a05028140a05028140a05028140a05028140a05028140a05028140a05028140a05028140a05028140a05028140a05028140a05028140a05028140a05028140a05028140a05028140a05028140a05028140a05028140a05028140a05028140a05028140a05028140a05028140a05028140a05028140a05028140a05028140a05028140a05028140a05028140a05028140a05028140a0ffd9, 'HomeGym', 1);
INSERT INTO `products` (`id`, `title`, `description`, `price`, `quantity`, `img`, `category`, `admin_id`) VALUES
(16, 'Air Bike (Semi-Commercial)', 'Air bikes, or air resistance bikes: get their name from the type of resistance system they utilize. These bikes can use air to create resistance because there are fans attached to the flywheel (the part that spins when you pedal a bike). As these fan', 280000, 12, 0xffd8ffe000104a46494600010100000100010000ffdb0043000a07070907060a0908090b0b0a0c0f19100f0e0e0f1e161712192420262523202322282d3930282a362b2223324432363b3d4040402630464b453e4a393f403dffdb0043010b0b0b0f0d0f1d10101d3d2923293d3d3d3d3d3d3d3d3d3d3d3d3d3d3d3d3d3d3d3d3d3d3d3d3d3d3d3d3d3d3d3d3d3d3d3d3d3d3d3d3d3d3d3d3d3d3d3d3d3dffc200110801f401f403011100021101031101ffc4001c0001000203010101000000000000000000000506030407020108ffc400190101010101010100000000000000000000000102030405ffda000c03010002100310000000ecc0000000000000000000000000000000000000000000000000000000000000000000000000000000000000000000000000184a8cdc0e3d5e0f934b3da4f6fcb6fb8cc0000000000000000000000000000000000000035ce638f5c563d37cbc6d3d3c5f1735cfd30cd5731eaa4ce99f5c7a7efcbb2000000000000000000000000000000000000689c7397d0eb5bf3701cf7d84ea371078ef1cd6b6b8619a8b595b9e8a9ce674ed1d7e7c8000000000000000000d739455b8b847d000000000000001c5f9fb3aaeb8c9eb8fe6fe7edf4b2d9df78edf3b9063d553cfa3a9ebcf582059efbbf3c467bf29cf6edbd3c400000000000000000c2706a82b7a6c9d26330000000000000070ee5f47b8f5f9c391e3d7918ae67d3defafcee578f4c463d329bf3f41bce9f9ebd13a793d1c178fd3ef5dbe600000000000000000062391140b6e675592640000000000001c3f97bfb4f4f165b9e25c7e9eef6f9919cbe876ee9e1e3fcfd906485cc0a6e35dfb7e4f2712e7efeedd7e700000000000000000001593905ba15d6a4bcc7d0000000000015d39e71fa779df96b38f5dd3afcff52d079fb27f5ca9442cde0d739797b76fcdc8397d1e8fdbe6591000000000000000000001f0e7b5c94b91d7237c0000000000040af38e5efb6b373e9e2cb60159cf6dfb981cf5e79cfd9b171d43b7ceb0200001f0e34be4f743226f19cca6e16089a3e8000000008b38a5471dee254000000000000ac4d54f1ebf32fbb12fcb3c4d7db9b6efc768b0000003e147225754c47db3398a3156995e3a49d120000000003c9c6cf16f699000000000000000000000000000000000214e1b5dce26400002308e2c800218e235fa123d8000000000000000000000000000000001c9ab6ce9d000188e6f5cacde3f4947d008338957e878f4000000000000000000000000000000000534e775dda0793e94e391d558ba476a2640073b29f5dd20000000000000000000000000000000000441c1abf45c4015e2a154134cee91d28000f8706abe45f80000000000000000000000000000000001e4fcf15d9238654691a5a622abf5347a000218e116fe81937c000000000000000000000000000000000038d54d95e8823b4914710afd451f4000e7254ebb940000000000000000000000000000000000039f94eaee103e95638757e998fa003e1c12ba0c5ec00000000000000000000000000000000000401c3abf46c7b0560e1f5fa5e000210e135fa12374000000000000000000112461b24a9b60000000000000f07e71b7b9493e0ac1c46bf4ac0007372af5dc20000000000000000000439c72b54c8459662de6e984ce5ae338000000001c32ae074381583895bfa524007938157468bc800000000000000000029554cad08d734eb489a366346b549c8ee30000000001cd8ad576e815738b5bfa46400409c32bf43c6d000000000000000000023ce5350f55e339ecca469291692df1760000000002b4712b7f48c9f4ac1c56dfd2320039995eaed91f4000000000000000000023ce2354c37cbf592e251265d632800000000184fcd95dfa26cab9c5edfd21201e0fcff5d3a2ea00000000000000001e01f41f0f26a1cf0c27583e83e11c653740000000001c0eafa5fe38a554d7b4c96e0574e1d5fa323380000000000000003e15f264fa7d3e1ae544a0d6a575c925d76e3d184f06f80000000003971095da63f3cdbba980e9f1bc5308eaed5000000000000000000a2d475664cd2c556dc4c26a55656d31e4f279378b246e80000000002a871aabcc576b391a48c6991b6eb24b45b4e824b00000000000000000469ce2ba144a1a46854a46d80000000000003e15b39c14d3d12151f5311366815b5cd2681e4f65e0eb44900000000000000015138fdbd224e8c6a1a95f225c0000000000008f396950068964a8b58a4b355de2ae568b09aa61881360dcaead1763e80000000000000471422f8491ae63224b1000000000000d138295e2d658aab64742dae1714bc1cfc9a31188d83191c4496c2d674780000000000000000319808a260d800000000006b9c14ad17224e843154891b6012fc4e9403a115f3e194c649988ab92f5788e83000000000000000006a1a94896214ce4980000003e1c8ce765dcdba8f3e9e62844cd57d6ec9b868967204d935cd924895218a71b076989f00000000000000006a9a954235882329dce0000000568e305aeb68d4348d737228c6f54016e301612748734cf66d13c6b156210ce499dd2360000000000000000a49c96b4565d2589e8ea60000006338f91a5c6b091c471f0c457a3cd40171218e8660331107a268dd29864b7cc90a5aeadd17b80000000000000008b384d4417f3b14000000015a38e16b36ab68c2429881031af55e2cf48b71823e56a9b64b154366bc9207988b2717aec9e8000000000000000e4f542329fa3a3d0000000395955ab9194c045994c2691a11176c0160b25a3d1384747aada220ca66b64d262329cc49cb7a666594000000000000000aa1c66b5abb8e569000000319f9f8b3d4f9e0c66a1a24546c5691087c234d2370b092a6f184f06cd48c6e9ecd529662b6e727538000000000000000c27e7ea8fabdc75c8000000893f3c97aadf378d93310a6891f11d5146d55462323d192ae05acf86d9266c9988634ad8c92196d49d9a0000000000000000721aa39b35fa332fa000002a670b2fd5b279244ce7a321a04415c2bf2c5a471eebd19cea84d190f06b11f5e97e1e8adc93a76d800000000000000014e38fe9a51de225cc2491ec000a39c60b71b9580f24a11e471191a152c512372b0194d03d97f270d93c2fbaf260369374a9448dbdbb30000000000000003e142396562368f46a44f57778000a21c7cb5508722a22ccd5be6434c902ad1bd588d78d43ed5e4b11a679374ce7a331b253eddf93bb4000000000000000429caaab55f23517c25ea270e9a00072e3919f4d724ab68f269990dc8da34b4afc6c116793e190eba588cc7d34cc07b31984a113277b8fa000000000000018ca4148aadd638d9331d58b7c66068956aa79575d74c86b194d789c274fb5166329e699ecd13c8278e8c7dac318097244d533956212acd1d9e000000000000001562995493ed6a920566376a7e2ec4015f35094376282499713e19889a8c228d42c8560cc4d9a719aad44b10c4bd7b8c86023ebe9205623edbd064e890000000000000043952ae7e61a8e24231d57a25ebe1e4c91d222cc79ae5c4419d65134cc75ae61348f26588a33d5c62d1194933cd432c2a4b192be1b0782bf10952876cca44000000000000180e53555a2c6a6c11511e7da9437cfa7d3c99e30180d6350de24cca63311306944791f6eba7402dd11152d1f0cd50e439613e1ac7c2b44c5b913af6400000000000021ce7d55f5c49aa6856e98a20cdcac0628f27d3c98c8a8f00d92d35d1cac1e8db2323c2eaa475681d24b2455ea60dc8cb5e4d72209d360812a96cec97f2cd000000000000d239ad51cf6580b2c475506b5c469ae53c59b67d0628f86890903e9b44fd5f4c0471f4f2648afe9191d249e2a05c0c46236cc4be522c9a399974ac91d62000000000001a4722aaf9d562e67a055ce23a6234e3cafd4c95be633cc623d9f0d52125f27d4cc582ad9186b112a6b455f48e3a0c4e1562de4719cf86430198e744d5a93bac6500000000000f872daa69dee368007c385556cd73c19ab3c783dd633c1ba6ac61236359719bb66a44c55bcdd240862b64797b268aa93a783318cdd321ce4f36c8477b937400000000000411c2ebbec4a0000234e2350a793c1900af31b35e23c116bab2615fa5b02411b2740b24d614a991e5dcdf214dd364c26d112540de5b01dba4db00000000000039ad538eed1940000220e2044d6b198f559cf07833c61a4411822d8b60b3b64431c7ca692f5bc6991e5c8da2349030916421ac6f2f5093a71f40000000000001c3aaa952a75a8b6c0000a61c08f04e9874c474fca9657ea5ab5a32544c7c97a2a7653d03e14639994b2c151a633ec0c8793c19ce8275624800000000000002b8710ad333d74e8963ec7d3e9f4fa7d35ca596239bd691bc75a8e37592b5cce45c5ea3a59ec1f4fa7a3d140ae7a461a51aa4d97226cb796c3d800000000000000c0708aae198f86c1f41f0fa79310319e2bc9f20793c190dfac265348d3890afb0af11e0f262331b669194873b7c74c00000000000000000f8731ae7d5a669c7658b59f0f87c0793e03e1f0f87c3e1f0f245947af66307438fa793c9e4f27c3c95cae6268994bb93a75f8fa00000000000000008a38bd6a2c727413abc7d0000000000000000000011e702d34635cd33e9fa1e2ce0000000000000000d3388db4d4b247e853d800000000000000000000038c9cf6b5cd7244fd2d122000000000000000010e739278e80000000000000000000000010a71c25ceae6636400000000000000000000000000000000000000000003e1f40000000000000000000000000000000000000000000000000000000000000000000000000000000000000000000000000000000000000000000000000000000000000000000000000000000000001fffc4003910000104010302030605030304030000000301020405060007111213142140101516203141222330323517335036424325263437517080ffda0008010100010800ff00e8393281080e3ca9fbaf8c42573007de5319fc56267b9dcaf387f15ee5e973ecee2f9cc06f31c2fe2ca06ece313551878b2e3cd034f13fca4d9d16b61925ceb8dd69d6c748587330d75a4aefe694584e24d0a3e1022822b3a239664603d1a645454e5352224796ce89365b718ed8b5789bb5b758f1d6662d4fbb13ea0eb0b31813e2da431cb81fe46e6e21d0549ec6c58cbbddbbeeb3d06335d8dc5ed417d4c0badd8b2856b8f22e3dbb116162fba39c1715ae144aea8d9f4b4ac49b91505eda6dce6898e5def51e4a6650001bec1b2ac0a12dc56e453e65fe3d172e859d6787cb69e82baa236dc56ae2b1ab67f17bb4b7eaa0a4ba8590d402cabbd44e96c8100f2893f379ca7791f8866e0b663624ff004bba3687c8f348d8e45c7a8c18f53860c7d0a86364bbc13eae69d8fdb7dc90028ef95724df50c42eb7ee12202a67eb3e98b633f1295adcfc9eb6bb0d9d15fb4f8e24bdb6b849fb23571a5e652ce7d64d401c8e94d08bb5b6e5a0cccb447f512e30e6c434636638b59d04d571e2cfe82222e2bb8458c8c8d691a486601878de8f1a443ef3cf53fb2eb658f3ef65cf6609b798dc3c88cf5acfc8dff2a3f5bf5e58d40d3306acc9318a093630f65286b389774936963d33040c271aa0c2aca5cc631cd7b11ecd643f91bb715c0f53263066477824e65b4a602be6e391649e195464c732895545eb898fe4b16fc2e50fa2cc025c3b75d2c990e58674314a8caf6a391ab9ce4def5bb0ca8500d9d6793a9ee81b9b0cb8bee5c1bf6439619d0c32a36f3ca75de47534107772b121ddd156b23658ebfd99b7ab9b3fff0049d56a9b0fc266d2c43cf8416c78200b27ce056403cc9787463e5bba4c9a5f57946095793b15e5bdc52df1593c4aaec94d166b4e98cee28263180b945454e53d066d888330a27437e1598cbc3a7968324bb4ae9e74990c18c41816930d0e1ddc28510319b926390333a1f092e0627b898d01f5b4d84edd2d14f7dc5d6f0796e3d26b7331b7e25959a4827ffe92aad5050edc1e8611ad996109950c9facd7329b99da068f1dc1f0f061d469153d6e61b530edd5f369240acb1a9ef873b11dc193548d0ea9eea0dec249503d0653875665b11193fc3663b68f57b28775692d98892e3c90ca121637b6ff0002a7c92d83653f23c66bb2aad48569376f31906341ab997b5bb7154c548706a32bcf01140cc530babc4222b20fceabc26acf26b3b5b22974cb5b366be22b366be2bb567d199d5a462b3b8ddc2b1d337167fdd371e76a36e29ffe7a8cbaa6e8bd807eadee3b5b924158b67976ddd8e2aab28141934ea89ec97131cbf8d9254b26c6f4377b798edebd4c736d35b56bd4b41c6e8547d1337cf23791ff00a919769737cf24f90159ba36ff00506d25b58bd0b7f49b758e513d0c1fd2b8db40cd9ef9301fb5565f67ed15b697676df4cd969c73b3c62ec7a7d9763cbf65d929bf695b419143675c331ec6ba4f81bbc133879ce2a9b4fd57351ed56bb717041544b6cfacdb1bb7c0ba413ffc6e4f8cc4c9ab1d1e449887ab96a22e2974b7d8f4796ff9eeb21adc7e22c8b3c4737afcc592960fc996c564ac5a7b5ffc7e41350427f744c7ff008edceac414f92466d259abdf3617cd22486201c69191eec3782871bb2be7cb96e925c12fa4d6e6b0cf07e4cca5245c566ebf91c86628d8d4631ad4ff001bb8d090d0229f5b773fc0661118ff00635ed7f3d3ac93722ba9cab0e064b96cbb93abada658165bdbddc4b696e322e893698ee27518b44ec557c9ba16c8240c5d6dc55acfc8a17f8fcaa22ccc66731852babf21530a31db2a288e3ce72d162340f93ac7772f1e898784c6caf706ced915869568e70942110cd29e8c16dced82e3677cfb8f9b39b45b5b322b36aea903025cff00f1ee6a3daad7651116bacd1bac027f8cc3626b3bc924e47929cf25f35b0230dd046d913a43440b3db5b4a2c40d7b6d42bc15fa67ec6fcd964f5afc7653d857f8bba23c5455ada7a48705bfe3f74a0766e652eb6827f5826c3d6efe1cf05a32e6054ed2e453cf0fc5e318553e280e2bb7684a6c065335523e89656e9bfb53e6dcfb64128a36b6daa567e45115ff00e43752023e1c297adb19fe0b278ccd2a22fd7d9b8adebc555ba88de9b6929a4f955511155735b45b5b37aeb6aead0151267ff91cde12cdc4a723604a756de29462234c26119eccff00fd38dd03f9a95f365f3d6063b23a1caeb0bb2381515cca9a889047eaad725ada77744a6ee0d4bb43cde8dfe4f876906c1bcc3f445134e178896205aeb8630b83cdf1b88c1f6e7ffe9d66a379dd49f9b742dd18f40376c6a167e471deff0055935c3a9ea9cf05ad5cf93c9de0c7279988e61692f60b15ec5ba94037e7546e9da5670c343ddd807f32ff0053ab7ecbba31351774284ca892624c8f3e334f0ff57746b9626493175b4965df81362fb73fff004eb35153feb47f95ce46355ceccec9d6963adababf0b4269feaf70dee0a412690eee1514f224c755705b929bf61a48032dae22320039e3509cdad44730b949d8de1a5c9e63fc95f7462bbf3305ba2d1e440ecfeaeee40eb64199ada79fe1722083db9fff00002d42f3ba37cb994ef078f198dfc76d7cf5056c11d656c6841f55774f1ef6acb0654e813695cf8b6122730237238935555da14fe19d3a6ca445e746b26387d3a7cbeebd18d878dce9bf481b4165298c29a836c2ba9cec3c9fd5dc185e330f96baa398b5390a191ae47351cdd67ffc007503ceecbf2ee7dc230ea16ed5d42cdc88477facb8a589770d63cccb70fb8a49ef6308f723b85aaad936125b1c549b6b37f7dcbf6dab1ff54db5aa67d1fb6f56f6f0b47462c758df7746377c0d7afeaca8ec9710d1c9342e857026970e9cb6389d719dacff00f810eab7cef5ff002108d109e4265f62fb39e9adadaaf058d3a62fa7295800bca5691af6a39bd49aeb4d775ba748133cdc6beab8de47cfa144b57be6d2ed9d346a3b193676ff0025a05ae8b3b55af57a485fd7dceaef05924fd6d258a49a5971bd99ce685b7bc6062483818f7ac3dbecb9727ab7b0feccde7f84c79e14630b77912b430620e04104407a7992233f1b222a4a8ec6a26926c65fa78a0694e054e50c413daa89905736431dc4dad289ead732075c9123209ec1c89de0bdebfbdaacfbf23d4a1a1629d83aa456a4945fd6de081cbe14cd6cdd9762f7c2e8aee80bddaacab4b479c842632144f2a1c9e56112e6f81aedd0a795151f319b858ebfcd33fc9e35922960ed2d424bbf494ff51718023c126583ddd62e56b9415725c56a16d291623fc875f60abcea3564b719ad32e38f0f28e975c60728cb78f325d6f695707b1d2e0d67f6f81adbecb835c7da06272e180cf3d68481617b9fadb9107c662067eb1b79e872164e74fdc3bcb363d2baa8e912123d5d6c8ba892a08ac9e59efb9a97f3d059b58ed5daf6c30e02470cc793bd0a267792d21904ea8dec67932ea9727a8c845d757e9eeed9b510daf5b6dc49293da8b8cdf8b24a564f1118841b98ef3285aae9bd222c72beb48e7c16213d1dfe6f029b908afb24b0b74e6c4f21c15723e45a5b1d88e494470e82bd74a57f472dc7290390c96064cec06ad882449984d7d6963952649f19652242b31cb350af8064893182a630e555cdf222402c228cf1683762de995017f497f5b90c349357e97332f33a083560fe2c4aaeda13f316d22fb159d320add4e8a9263143aa494a74eb5f437b701a1a6916322ff73665f73169cd6c18acfca0d54f9aa859363584ab29e1131b56ad4149ab25ff00b7ebb4856a897581ab1f3f87cb88c72811b931d911929eca08ca59a1d5f30ac86f7ce8252842770255255588910a7a8b5c79ef243afb3833f8094516c2827f8da9c3771417aac816be92e68e1dec4ec4c2ecd88b2f95a3a1838f406c381a929c3864d1155aad56c65f056a717a1b8b887455a59d619565d3b3294f3c98de26ce5f82aba6a20c563653121a445228b2c131fd93c3a09224498035aaafc3d5becc18ec8d351cf3cf8a8827ae4f21c630232e3308e9058e1589c1166b104acec280325ebe69de297c2b188eb1c41939559029efcd56f48562fa88d650c478b84e7af49694790fa730fba17b34c22be3f56ad44be2a09df06478a8632afeb4e9c0ad846972f2cc8cf98cf7cb960049c8a77663c1a40c48891a3025f7558662199d8d5f315f0d5090e4be249eb6da795156a69758098c2ad3f62de6c9330037a30b777cad13ead817950f25e492a656c054413fc237a118aac075b3bb2850c08ac0c64bca0064a8c47d74d9f895a9aa6dee42cb0031eddb8cd5d6404aab4f4e3fcb92566ad8059d573409492da76b95bab9cb2aa897a25d1dfc1bf88a785fa79edfae4362b000f64ac9ed0506b2a2046890411a0ea4bd5cf52b18645409d674674a8a70b4aaad948a971fc440f6621e554fe7219ce1443bdf81c053d8be43dd2c506b0f2631d8c04f0c399314af33165978317a1ec63df318c50314ff00900674456228af2b615dc16c3990492604c2d2d8a81f0ecd93a362391b2feb7f1fa6949d25113567642aee821a4ee141a4578eb6bb72e7daa4f8728b24212bda3c72eca0c923a83f4b34b95815ab1419099796d5c5a4a01d155a80d2a2b9ef57e91eb2f9639fccb55460d7b0fefa317f02352dc081b290265bf95540d2fdf58e11e1aa557e465e1f1a12638a0ada0715f66af3b2be025389ef04a97150ac004ce882634207910007fe086c831b862ea54aebe1ec997059ef589537101ac0851604e2d8848c3d648b2a52bcb1601d255780cdf4bb8869d11904f16698e792f7ca3a7088fd62d894fca2c82e8b3f6d72e5987046c176c2c69aec56571fa262b001794993e43d73cd25f84d4ba6ca2d9231fe6c6bde21bc4af7594453f71872aa94c68c74e0ec73dcd7f69ec197290ab2604cfbaf2ac81a5fbeb1a7bbdd8c1a95eb6770f738129ee4046856654796c8e5b362082064a5794f37bd25fd6c7b56354c26b19d1ab4b1040014d32749957e733963b1dd958d58c46b1e55aeb8eed64e649871182b0ae11c5b756ce6a9e964fa5c8a9fdf94c586dbe832e2cf305ce84af4e49b4567e16fcf05ff00a79b59243aa6812d651a6d9861c685572db006d9b1a6bc8c51245928646be03958a0fc893082f1394ee7102f51492011cd731f912aba00dc4bd4e2b2bf4ba885f058bbcfac4c0f74f71588f3f2a59950c31e641082797843320f5b22464464082bd6ae2cfb38d4d09cf97314f3cef917878dd0c54b1e5d3d8bdd1569c8c41a58d48e6533d91b0099e72ea4a59bee6c8a1ce631ed20daf67a5dcbacec5da9daa9aa89eea7bb8d35a37b4a36bd9fa59f5a30d76f63b1582495264da11167c162c4329ab2edcf3927d34969b5e28862a30c937bdc380f089e14e9e1632230d9045f1354772df7f155fa005f20cd08ef5aa3144803c7a21010fa9252005d6d7851ac872e6cf9257a49ef4c8c17a4979df676ccc758d002ae04834959ba69c00fc9aa8b56557f240000c32190500c8fecaa7860b1652cc23b1bcd50f1328e8e1ed0e0169ef4c563aafa5dc3aef178ef884337a0ae4d193f135dadb9b45b3c36275fe89888103c8b9158aca9523af166b6054c679a205eaff0cf7a459ec74c33e04e030a18b2a54696c7259ceaa547388069e48a476b409809c8ad4b513a354cc6adf7f1b0358a454f1669a49f31c4952242ba783cb883909a2146f056e691962b229e1893b2c2a0a6760e28d064f622760d3d5869ea8c78bb4107520eb0af6ab1cc9115c9de11526f69029cc353a3df9b239e2ae986799d32881d7b3b3ff3a7c15f4b2e3326433462da457c39650948dea1aa6b682d7b56b32b9ffa3944a4898dcd2abd124ca6b16b9920b1460d25a1d61165a24f8b18fdb7c4234f0811d0ee0cd8a4214b8bb233cac852631ce1378f9956c5ea2c7926951a31e21af7ce0414d4b54a5c6c71f539dd109add269be6ba1b946bca62724d6654ad45960601f0298515a079259db194cf7446021bdee4929e087144f690c70be4b42d75c398064d7cc62b02687ac8d433e04fe6908f3d479608ab5d9d05be9f726b3c2642e3b5daa0b35a4c8a14dd22a391153f43728dd9c40da8df8e669923b2557ea1fef8915cb2dc7aae7530c0f17264ba0c56b1e388d6164cb868a8779c6679d0d06338cd8f26789926b4ca63f618b0cb2adec0b69295cf9eef63784d26a29cb14ec3069987b9aa01a0c6895cc388d33dea08303914cb12bcc78ac65a4a3ce0cad22c95ae6ae8b186ac22b9e11234a471008b2dc2d6171bc4a9c1a82e58f9850c9f4fb970124d0324e9e277e2729f8554d60978cb3c3e090f32eeba0457c8935793545c854905a463ff0067cbbb0f56628dd577e3bbe8d34a6744269a72b67b5e915ef6023335265996acc8ab71d16277e839956c2507764ee42b20f6413b3fba9d3395a534974c0497dc0581a363e43ece53f94592c19a0c72e982674f2d6c04931641869ca729a45e175825e4281018c9a96cc3d5288134dde2997453f6d8a6d74235123b59c1230f4f47be8dfa9b19c8f9a3d3227168cd6dca22de4966a570cbfc7dbe9f37b96bcfda496674a92a47080d2c840be2c31df5c4b8c2320e9a11660619897739523d4966d2e4d5c03fcbbbede70d4d5470b97b04b11e9eee13b47b28d0c2271e4e5f0c0173012f2f9a66a84449f367991e48b4163244dd25044072b35d36a60ff60f941dff00803903ca95909aa9085f52580153b3a8cf3079e243958d37573ecc42aa69e8e4c901a2204eae9408348f78012d6b69bc1f93eba2a1def8d128e630c26322d6cd508d8b2bfe6521e6540a54873f003b0376673d86f199f5683d36476eb5b15a10e5e0910a53233d1385d2bd5871934d8d19f60bd72a3a0e5ac6144da0bc06b16dac99537b1a74ff009777f230880ca663ec9017e09f1665d1dcfecb030e5ccf2087193af9cb483510fcc8fbe0c56aa46258d8cf6bde24c7ad0c6708f1f118cfe1e77e3f0a301c2d6506459bd946af5979d5e19e3f0ed675bd7f73939d3134c6ab9c8d4c490d8dd53588cb18ebc453966b2485f274b0a00a4f0d75230a16238f510902e3e9f575b16720941001200160ad1258a34c3b71e8a926214ab8446436e3c5633d218cc001e5280ceb3b07ce9f94ddc8986f02e57e9c843315075d1789a872b6c61d2e4f5f3a6556ea51d8f91634a04c034d1bd93aeabab11566d8ee954c6e5b0ad73abfb957b012e88f29a88f4c66007ce431d53013f28b7e532a8e2869af273d88f05334c9dc7c6c1de07aaa32b62793caf4f76f914d7f4007a34b032305b72c8969214f24c45126af3fb91b489ae3488baa086a09293a50d8d67048cd7358cf0e59b0a639eb2a12db5a4062827b32714d7f740d9206cb41e8a72c9e03a3ce03deb25d9376a0504a5653b522568b5b430d4f964d95e97269cb25e90e34fca1f0ea8f5e5e9711c8c6398203555cf92f3f982001e8d621a59dd3ac486d01af10915d419358d11d0d024eebc93a3595d3f28bbb0e7c61ec2be3b9548b947e73190d899bcf722466605991d14f6d66458b3cc10627eec7cf7baf62dd3cc72bf1d3d6c2ad492cbc7e6748279c515731ba7b19e14f2f24982ed2d9544a6950d319588e72350515b4b8f1fa0cbc95acd0d3c9740c68b90b11b165e1771080633e16017b30222ea8301850e57332656a7007b00535399e17b1e2789caf44281dcb1bd06470165d6469ee7988b5336189ec82b7a609d56730f1ca25f0f999fad615769e051b4634d9aadec6392e7fa4c9ac0906adcd8f58818d0167a5c5996d6c4b2cc572430b98a2112799aae1f8601da375accf094ae26a21cec44e4520666aa355bd0aaf1295864556e398b9f28b8580681b51875470fb78365875033a2b666e1d7b02ff00079316f32d93cdab70e8bca3880c5ebc0a8aa77a146d1995f043f47da446fd5f73193f6baf5a9fb0d28b33f13c422915aa1b1956081124b701dca3f4c6f4b358a4361de779d504b41622151305638d45d4b4f1b142b25e9e31515e7ac69f81ac553d11941a12a7e050382d78914ae312323925317b8e46b1cd0945cbade2c0ad7f5ad2b0d657c69b2ae04f8d0123b282ad949450abd9e8a6cb0c0865952324be9064214ec9b21f0890da28a413bbc594e531da259a6f7640f2108c08c43c996a794a38e358d280ad6be2d295e8d3392b93ee90e331dd4e53c5169969104fe74ec963a270c7e4ceff0063f2294efa12f25bbeafb32bd7f1d4d64cbd7b9b0a4e1b26118cd96dc358c7a8a54ca7acae8c857d563caf7b6649656c2109889366a394eed4b1320d598b20c2e810534e66b0251b1929ce4395f5330698a4b1331c008f055d1dd259198f1b15e803b10a009593aadb62c7a2d72be14b6469014532b3b4c0f420de15802e87bd8f2a88af59b9acd6c61321263942b514a013f0d80991e76b2fd1dbe575147ca4dbfcf5f787186199cb248a53be7c58cdfc4eb414e0118088c42ce22aa100fb442cab181367c475bbe101125b9ca77a05a8fd2db49e3862cb945faa30e4fa78432ebc3bdaee1d2c0660ba82b24cbf5523d7ead22a71c8951c26f183e43ee3b351bcca0b98ac7d23ccc563010c30065fcd928f427755e59049935ed0804c4e844b313e4d24d9a962ce85169dadb843ac599d8600ca02eb0a9e40c45008ef116604cd95c14a829912419e6730a6e846325027d686ec1f82b26fe6a409e257cc3234aacf26762da747adacefeb0da74bfbc74f366b6ca268a1c3c071d36358cb224bf41696d0e9a13a54fbecdad2d91cc8b22cebe1aaab6025f5f7f110f6a728b1f39f5bb2d4c0f3b2dc2c6ab2821404a98abdb393529ee1cd45d2ce92388b198c5789fd5a9e51cd789408c6a6a233f0bdfa0f98f9d3b4e6e9138facfac69f9201ec731cad7b539d35ce1bb48bd6d473686e1f0fad4410c4b1a94b5aa5fbbb5354d3dca28fc771de0d8160e4a22bf290b054e661edbfe2f66df014f59339890e2a85fce381e27412258b9cf03c13623dfeed47b1ef1040876299cd784cf7a281c67eae6b03721d535b2d9152a6d274d144015f6767367e6790f8603e6c1c5e81808db678e1ee6d1f945b7a0b5b4053c07cb93925fbcb2966da54535e67939ec818e6d650d1230a7635ac6a35becdc2ab75962a6513b86951da90c433147a4275793b95d273a189c47a319291b180c8c24674351a8e4d2eba798ec7691ba990072d9a501231d46428fee91dca9cb74c790066bc74d7f32a257bcaa1f24792a1cb46f4584c40454630a2144580c73df24ccc8bf0622640d9fee169c89ac150295929e589361b01e74c68fc496bd887022be301ed7d915048fef4c566a09787c9035673040119ac13da77c635ed4c6b5aa539ee323b8be48d035561878d5439571ba499b897ea53c78e2891c608fe8333c95a52ba5ae278bcccfaf1ee3575745a98228703e47351cd56bb32c71f417240695bd7f85c662397f31b1dda681bfee6cb181aac8cc62f2af22ae9574ba309801884462f71155af2b504f7b6d4eae98c4671ca69c89d6bd2e8ce9041881c3c2f5d515c16b2e634f8acf18c9a8f50000f03942f8c9d6014acd18ab00fe26cff0070f4e6eb0b9cc875b25ab12e0ad89e50e6b18fb96bc440ca72286c8ee620fc73deac8488796ee0003959ca4c63d64c985020bd936ef2bb1bf3be2016a62c0aa552637416b9fd9eaa2a21d1d68a0c0f419758f82a85132fa51aeee85062637431b1ba38d5b17e6bda28990d6be1cdc93179f8d4a51cde7ecbe19abe6c589ffcb04a34e1bec5e57e801b62fe69dce73d15cf6988272b872a339e8770ad64a1a58b48fe1ba080847b44148d0a86b44adaac2adf347493c2975a401fc1c883732688e6873e92545b4e24d481e8c8a7e325f2c24aa0b3fdecd2eb1139d95c76080a7f0c8ed427ab2dad59a64d8c58a21cb675880f404033cefeb8713ca49543372b894613428d2a5d96493106a1f09431915f89605679a9db3ed2b6b2254401c381e87722cfa263d9adac8629d9c24b92d94077edf9f299d1abb1c9a7975d8eb6db8336531f0d3970a7b5ed4737c6a27d527b3eed239cc47a3e53ff00d8cfa72abe4d6269c44eef4222792a6ae87d3246fd440966c8688007b71a69c0cc27003e4ef59f3a1c38f5f105161e5385d565919193b25c56e7170286dd21b4854352873db344405bdf65d0efea958db4feeb34f5e1358b0d0b566e41162ba2b1750c08dc90e01c3798407074634088f52ca9f9842fc6c64bbfb9bee22b45162465e65c43cdb52b6b28b0fda20c37b67e4cd6a31a8d6fa2dc498a5b49faa87318c275055842235b80589e5571a29fe6dd589326e0e7141656be3ab5932c672c87a3429418d32ad938027a142d76a501a503d35b1d6c87a29d4e6dccc25f8bdeacd895c66811c192e07915c2d082f2b5eacb78e8768b94b4052b5acaadb9daa29d8cb5c998c6b188d67b1511c8a8ec9768e82f95e605fedbe534be6f460525b1adb55e0add39da35a1621de36372099a14cb03cb470890e7b9dc9fdda31f99dc5ae079a41817b932f87adc7363cefe0d9152d05663d13c3557a3cd3246d0542f6ac54b36372286d28d8ad562b984476b1acee8292a1807ff0054e835fd52a0d7f5468349ba18fe9373f1ed26e763bafea6e3ba97b858a4e03c12eb236dad5da2cc56643b71f6b6f07efc9eb5aaf67d1702bf162b9c324cab3cf70e9f00d127dac2a58b7024c79eabe0c9a12fe5b74d5e005d4d1a96b9c9ac08180503d9327373fc69df4f8f31dd7c778e6be3ac73499c63ba4cd71fd7c6741add1b4a3b68913c05bf995ba7aeac444590e73118fe8476b1cc56db279a68b5513653287ff7e06c28beb6751b598b5470f41046013461f492e5860c42c99193e49efab82c93c8200a55514151a0dc8305e8e1f5b0c992c25fafc430b497f0fee97707ee9755ff0077da57393cbc7d73beaa7aa77d57dd2ed28aa575e1aa574912abecb12b174b0eb7eeb0ab1750e3410ca47008e4f08f4d0bfb4dd23b80934eff00c27aac0588fe54ed5ae44f2eb81f6ee42d2be1e9562afd1501f67307f68b08446bcef9e586722391ec8bd0ae4ae928db26b118ad8331ed7ece6232e9604ab6b3f51b8f92f893fba2291bcf3a48dd6646a5c8990cc23836fb00ad050326dbfc218f6be10c7b5f0763baf8331dd7c178e69709c6f5f03e35af81b19d7c098cebe02c635f00e2faf80316d2edee2dafe9de2bafe9ce29abfdafa8934c66514ada5ca58c4463368727fbc9da6ca82ce580da3c99ea261d9b5588318d66976af11d2ed4623a5da6c4b4bb478969768312d7f47b13d2ece629acdb6daa31ca07da54cd03ba184271a02a04ad26a35f940211e363bb936c96a004cf4f925812b28ce70cbad8ce3bd50d122c66ab88f940572be261bb710ef2002d6e91384e13d65e548af6965571e4d199cf784a4a48ecfabe0466a2a0e77762b0719f08ae193ad76ee796c70880537a6b5ad0dbd59e09f24c06f2802796f315c89c9700c4972fb37a2844c0058217aedc1a0b8a8b4953a13e5cb94d5568bbe47b9a2952da756f553574cbd969594f41503a1a2875a1f4f92539aea08c01b6db0bd99e42c0f009f8c5abe7cdf5f97439d3f1b9312b6eb15b2ac473e26dae3773032804f6968aa8e1411a1d7c4ae1a8e17ff83bffc40056100002010301030608080a0706040701000102030004112112314105132232516110144252718191a123405362729293b1203033436382a2b2c1d10624505494c2e11534557383d2354464747080a3b3d3e2f0f1ffda0008010100093f00ff00e01cf1410aef795c2a8f59ab99afdd7859c25fdfa2d7f475dfbe69c7dca1abfa3707ae09dab906d7fc1cbff7d7f4720f5413ad7f475d3be1b91fbac054f3d839e179094f7eab53c53c2dba489c329f58fed59e382de21979246c015647a7a2dd4c8599fbd23afe934093718a7ba47917f573b0949072885f2de5135411c4bd91a051571146c783b806b507c104532f6488187beacfc558f1b73b1eedd57efe881b9a7f5af51aacb44d1aee142ae9f4e3ab88ee2de41949236c83fda52f376f02e58fdc0779acc1c9b0ea90ef8e05e0cde7b9a87a646249df577f49ab9f15b37ba9cbcd90bb157ef7d686744674dce87af5ff00895e689f316b94af1f946e46dfd0ab933f264c40477f730aba9e249605d11cf1735cb934c90eafb0ed52bc174930b7bf485c85e754029201de28bf8d5d8579d62f96eaec5665bc44cb5eef936cd0e7ac65d5e0dd14e9c593b1c54bb704c3d6a78a9ef1f19d52142e40e38aba646f35642817b9454aa977e431d04bf16cbc16450ba7079df7570d647e3239dec7c0ee90cd753e5d2afc5da0740dde1b7a356b1413a45ea5f068e8ed156f9793e02fe90f57513dd5d27351428f49982fddbd8828177b184983c1a49d7824e31b8dc6b296bca39c2708a74f8c8cc72a146f41ac35a93849f81a6a2678384dbdd2a549627195743907e29ff159fdc1f1e1e5d484ddcecfd4ae581cabca7c9afd383a822715c6f64f071b9ae5f8793664b20162729bb69b5d48ae5679e04f444957d61059153044cb3204181b857f49ecee4cf16c306745a60cac32083904783fe3517bca67e35124b0b8c3238c822b32c5c6d77bafd1a0ca54e0ab0c106a5d0f5e17ea3d068e78c0e7226f89a660bd74bc8bbdc68eb4e2486640e8c38834c031c9009d4d4fe3f07274e93db438316aad9600ef3a0ab0b0e4b82072f15d7175270c08c962a6bf233ba4beb5a70f0cc81d187106b32cfc53bdebf31611c15adff2622277bc5b6029aff894b5fd2816b792c40cb0e9d06a6db58e3540dda00a70904085dcd2742cddefa7ee73d45f8e27317bc2e62ff30e3509780f52788128d4ef014fc95c427a69e9e041a2913be89749f9193fec34720fc458457319e72da7e31bd44f0a23fd97cf5ed4357b3c17c61d886f205322043ddaa906a6b6f14b880c0904f6b33987206581c5738521408088df7018e2a2b211c078a5e286b946d25b1f21df7a55d0bee5897cbe095d917efd022c39455fdfbd6bfe252d72b982fda20674136e6ab94165cd0904ce70bb18d0d40f2a17cc69c653e7bf628a6135dcc79cba9fcf7f8f14b2bee29ba296a078251d68a41a30ed1c08accf69c6d5cf493e81a98489b986e643d8c381f88a149e3fc85d45a491566ff92b8bc485e3f4bc7bd0f78a6364fed8feb54d1cd19dcd1b061ed1f802733c0142147c01839a42f1070e0a1c30352cb0f2741334ebb7385d4d43797afdd3948beb507b1e47811521967055028d0144dee7bcd217b997f2d752eb24bf89bc9a18c31091c6e5428ae54bcfb76ae56bbfb535cad735cb6a9ff3a10e2b95f931bd36cdff00755ef243fa6271fe6a7e487f5bad725a4cbdb697218fd538a9cc575fdde75d893f1d6cb2a792db9d0f6a9a2d77c9dc264ebc5f4c54a1271a1f3275f35eb2bc2488ef89f8a9f8958882ebe5ed4f34f5fd21f54e0a1fae9482f93ba589ff00782b57f45a797d168ffc18d7f442effc1cf5fd179e2f4d9bff0099a9058a77cd147fba19ab97fd502973f5deac45cdd7cbdd9e75ff00177a6d36c963114da5ae5783d709ae58b5fa8d5cb16bf51ab96904238c495cbcff00615cbded82b9722f5c15796975ed46ab695644d42cba3af7a354fcf17d2d6e9b7bfcc7effc700548c1078d204b3b96c345c22928e12e08826fa5e437f6728132eb04dc636acc4eb26c3637c7229de2b49f5498763ae87f11749027bdbd0283a3c0f82926f2bc1bf07c888cabe94e90ad309ceafa548615e5007fb397f2f1a4feb1d16adce8b3afa4745bf0a548a24196773802911c268f7d3e90a54d25ede7f7ab8dc9f41370a8679da7e85c448325c1fc1d1a64e657bcb9c56e7c42bfac42d6e5181fd9dc1da13e871fcd45717680fa1c69ef03c2c0e0e0e0ee3e053ca3ca3c218772f7b355d0bb3c2d20622de3f49def4d9d9d12351854ee00682b3c9b607ed5fd0b56a1383ca7591fd2df83ba0433bfd23954ae0e6ea4f426efda23fb3f5754e753d2bd2ae0c264f482185752540ebe82335addcb94b64ed7a9dc5d269343be4794eac7d669df92ecceeb587f2f28f9c7c8a55b780ef8e3f2bbd8ef634bbe85a4f72c8a61e261fc33a5d4e4afd05e8ad6f9584117d04fecf1904608adf6f33427d0ad81eead5edf3037ea9d3dd4ae89093141037e694528123af4a76d5d7b9782d24934f2b602a82cce7ef34c90323205b5defa9af32bb3f08e25940863fa4da50cac204712f69dc057e6220ac7b5b89f6ff686e991275fdd35d893afeeb5425a2bc212544e1255a9b4b59f577723312f7ad5b7c39d1ee1f591eb8cd0fefd70d3f0f7411999be9b6556b54889ba93d5d5f7ff0068f6bc0deb1915b9cbdb9f58c8f7ad0f0f1b987f7eb837f1fc23815ff9a98b8fa0344f70adf70fcda7d04fed1d5e25132fa50e6b7a32ce9e9521a8e51d4329ee3e1e37317ef579ff00c7f09b12cf8813d2dfc864d2e76488a15efdca2b74112a7a4f13f1b9f32fc9c6a59a92f3ecaae9e1ff009b0bad5dc13ffcb707e26328ea55876835a1865681fd44ad6af0a981bd28767c3fdea2af3c7dff0084da5b445cfd37d07ba86520cdd3fdc9f1b01aea53b10af7d4c65918e5db6aa70b52edaf73520e717cac6187af7d1f1c87cc9b7fa9ab932f97e861eb93b953ec07f3ae47e53f5a2d78dd9f7cd0e953c73c2fb9e36041fc76e9b62e16bb5275fd6183ef5f0ff7a8abe507ef7e09c00324d6fba94cbe85dca3ea815beedf09f41341f1bdd975f5e959c51a43d848a6c13da28b935afa45220a64ae698711b34e7c46f6510cf0f004e8adf8eec781bf796b74caf07f9d7c3fdea2af955fde1f8270f72440bebde7eae6864b388611de4e0575208d631ea1f1bd15f738de8dc185005d34128dce3837a0d1d6b89f09d4530c9381a8153f2645ff003afe21ee049ae55b1443c61ccb5733decc8c1d33844047e3b7dbe271faa75f757e66549fd4adafba8e411907c1fdea3af964fde1f8274b587f6dff0092d6a968a676fa4745f8ea7d175d190f683504d736bbd278e22430aeb7660e6a3633be91443aee7d1c3d2702ac66ee85255f79ae4abefb6ae47bafae2b936f5299a142fb05c160037012a1d307ce1834a55b732f9a46847e3b54950a37a08c50c10c6093dea6bae2211bfa53a27c1fdea3ae33a7ef8fc060a880b313c00aeb5cca676ee07aa3d4a050c3debe47d05d17e30c163452ccc780159208c8d3c19f6567d869b1ea357d047f49f15ca3c96e678847730b4e885b1b9c31ae56e4c172e8228a24ba473f83e55b93eb19c57ca03ed453f8fe2e274fd6af22512afa1c781316b632b01fa4345da59357e832ec7ac939a4c5dda05493b1fbfc2d87bb6107a8eaff00b20d6af34a218bd6702862282358d7d0063e313abcb2458397e2d52a802a64f6d4a9eda952a45ae95432ecfd0348c80ba862548c6a2af65f5802ae89f58ab8cfeb8a9ff6853869248ca0d7b8d70900fd85fc7ee74781bd5a8add344f0fad7a42b82934ce3a59ca395a79fed9aad45cc93ec200fb800726966b293cc7d6afbda86a6e76da08b611bb647dfec02b75a2197f5db45f8cddccf3a40e22842e8788ab4b80b83b4a616cd5bce89c59a36c014ce1426d9246e1e8156577f66d49342ac71b522902ae1ea591885db3bc605095a5674ea87c676c55f43ed6abe87daf57d07d77abe83ebbd4c5ee40251e3727d006697676dc11f5547de3f1fbed9d261f71a1848675902f16ed1dd91568b6d0717ff53400e7327c0408a4520650b6a0823732d3b313fa0fe735174ffa1fca7ad09f8590779a946d1dc892a86d3bb3b43d9579382bf9a9fa7ee6d6ac3d32c157d14e78a6e75f4a9d7e311995e47d8440d8e049d7b80ab081d11762440ec1bd46a23112c51e327251850c8618aeb755bd23435d4dbe6a4fa2fa7df8afca4798dfd2a71f143e3575e626e5f49abbe6603d4857407d43535954ce15421275e1b23f89f552491c78d1d97271ddc07b6b79439f6d3525d3ac68cf8b7009de06b922b93395759029265847f9ea0e5484993f3e632840d4eaac68800b6ca93c2afecb94106e48dd64fd9eb7baa0db3a32aa82576751b5b274c70a416ee4f7e3ddbbd9570f0b647352870013f35c1c7bc1a84df5b0d0cc34952ae9274e237327711f16e09249f70af2a553f7d6e4747f68f06e6c38fb8fdc2bcb520771e15a19e31291d8e3a2fef03e24acf1c0b92abbcd21b3b4c74e56d1e9f2cda73a5725be82ff0013466b313636060c9733e7763fd302939ac9522277dc778cec9d5ab49612c1c8b632ca519700e5ba2aa0e9db5e6b7df471490b7c13692c0f30de382d416dac9ff0493b0f7d476e8634e654c5686d8e4ead9534543210f8f1b5b77c9f359b4ab69c39d11efec637d4f15b88b15b650111030b8b98cece9aab618027241c540892709ed8ecfacab7fa54a668319718debf3d0f0f4822b62ce6dc11cfc09f436a63f5ed254f259dd4582cbbb43da35183eb43482cb953d8937a3e2a87e648870e9e835ca8fccd45b0835663ab39ed27c1c0ec9f41ff005c5216c9d40adc930997e84ba37b1c7c46511411fb58f0007134e6d392206c2277ff0099cd40d8276c45b5a2f6bb9a943bbb6c78fba6dedb7996d17967e71d292449932f3c492e6e1d7ca33cfb9323c91488b0b2940d6b0154c8d70aedab9d756a308492027664b97540ebbb3b3d76d7415e61f04c9103130cb5e1b6e2388d4d4b64555c939e51b86d02b77568cc4cb20c9382dae326a1bd7e7834cdcc2417484755731374abc56278434cc22127274b91b8146ca96e23148892a286c5e45e2ecce7cd9d32adda36a84b0c8dae260af9f430e8b8efcfa053a448ef805d8b5b6789daebc2d50bc1ca0136cd94a41671e746c349477aeb48f35b444809ba583b4a13ef53d134e25864fc8c9102351c00deac38a6fe2848d29fe1f75bdd70987c63ca18a196c671dfff00fb4a504bb5692f7071953ea70286188c30ec61a11edfc7ca228215da7734ef6bc8f69d44fe5daed412dad6dd0b3331c456b1f1663dbef26a0d1d04a219f08d3a02099ae9bf35176253cef3ce3611e250b737038a429ba08479d5e286081bbfc46ddfefb89695db1878dee0957643c0463a31a71a67450080c8028c10410071df5f27e0e7c3eda12f0b420a8e96f3255d5c942e4c9b77b0cbd10a73d141a52b3c971288902efd6ad6db622d9891aef931e32303e56127069e730493737d0717d188e2d4e8df098cebc34a0a81b5956c1f6d01ec92d64d462b9b119e9130b1087bf65baa7ffe029a58c81891e1883bc29d93407ae9da4541098a6e9c16a931f179cf9f6736f8a4f9869c0b94609fed47431ba1e10dcaf07f9d50603746489fa8e387f3046a299dc924c529ebed6f2ad8f2f1ae9a483a435a7cddc5a45279e3e31b89da1e83fea0d210db3b50b7ce5d57de2b413a2dca8fa43a43d4c0f82e333f0822e9bd39d0e1e3718743f8c971c9769ac8fc1d86f6f40a8f112679a56d022f191cd244557e19167dcc577dddc7e8d7c84acce27cdca25de9e338df777478443c84a37375e3c32e3549f94d46f7fd0dbad4c8f8f838658a3f824fd1dac5c7bdcd0d890025d76c1d8ef9a53bcfcd143121f9bb521ffb457c9f82d85c7c2a610d9f8d6bd2dc9fc69044ca39845f145b7238b65413516dc7026a5ecdee536dbb42d1b549886917c4ef65b69753a6226d1a99236b6882b0e514e63a67a4c04d17b89e0d4afb7e478f1562476c5769a37a1e9b64020c86e376782b30edf3bee14973cfc036d11180bc857cf81f74f1f6ad0b598deeadb1d1b5bcef0bf98b9a7eb936e27baf2dbfbbdd8ed3c1eb6e2457e62da79bf2b6337c84a78a1f21aa3cce9d0552d8e7c039d8cf0707543c0d4a407390c34c9edee3da381cd1c5dc400947dcdf17edd83ebddef029e28e33ab348e1703d758bb7496410f04e69c86f7354ab6d34c83c55e24ea1ceb4e66949cb9405b27bcd300e6e5091e7293b0e3d8c0fe2df13dc0faab43249066ef6de13f89a88cf3ca505da0d1a791b58ed87b99eb1753bce10f9b7f723f37ff00b78a80bd9a7972c8fa0bf997cb63c2d63a2f7be38757ea3f29b2ff00f6ad52a62f14df05e330a042e78c76ebe445c0b50892384e001ac309eef947efd7d63706281f257a8307505cff00015f25e03078a923684b3c91e5fa58039bd5ab408369c7613a9a781279817cb4f716f27628c81b06a59dedb3cebea97d108e2ee5c3e33b341f370ecec9c98e927369c15ed1f7ad081a1270e6cf2222fd92dbbeb19ef1914e50202649a34e73633bcbc7e525402577f878ad6294b2ff00ee2ce5de3be3ad8bcf1cf2cf413947b9fe4ae0562e8cea615e7f417a8bd6b69fcd9d7c96a0f7bb7098b9c93af3db633cdb83a34919dcd4f3ddde4bf0c67424ed458d180de194820d498742a254886b29f3f3d84760a99a072ba4ab83bc0fac0e993520943c6a76c0c6d69f16b996384b14609c1f7a9a964964cead231635c291c5a45301713ab85d85e3488f681c889cceab95a9a0c45aa429f8a384452cc7b85465dceb1a77ee45c54c8f771385811fa5cec8c7ac57b0904e782ad3f30e76e282e09caf1e7ee037163b852bdbdb7318c2f5a0b4e08bfa494d4444dd08a58e0ef1f056517def5895e4710dc18375e3af56da1f3614f2a9f9d473cd1788604f8d39a84708c6e2d586006210bd503cd1fcf79d0e7ca3b003af11d1520f05e26be4bc05c459579351821431c1e34e8bcec9b019db0a3275c9a9e72bb6a047072d4730c2eba2482b6124e858c46e60e61b6ceae76e3e86d0cd001140580728e363bb99bd8babe86a33b3c5a278c605ca77f38ba4cbc01df8ae7b9f41b6398d27847ca201a491f6ad449309ff00ac3476da24ff00fa8b53e43af18e9d268264124be425fc5f289e6ce94ee960ca1e697457bb446c2ce06e2ea080d8a548d3396b9c1d9320eaca80ea4914a65948691ee1b5238b63b71bf034d3b054ed27344b174ea367538f730a0bcd4a9b4bd80670cbe8566fa9251e9c3d3873c57e2cea92121a376dcac0d6c46f1c8c8dc771a95dcf79d3d95baf61fdb4fc6300f39f70aebb10806fcb3ffda9ef6ae4d02481da088da3813c454e5d815eb054d06b4c394ec02a2c8a004b84851b015974073953a6b4eb3caaeae6da5cab09d810a30750b18f3aa6647d975495faf046759ae1be7b6e5a4682da38972a9d7b680f5224fd2ca7526a30b285116231d141c2041c1bb7d7de1b594ea581d10f71eee278fbdfa3323f4481d394107a4a372ae95f223c1a34a0469e81a9a6955e14d1a2745605be9e942ee582089a47373c9f05ca0f494234ae77fab46f772ad93867e71ff4526995ce3029d143e97325944555578f8cd9beefa4b5b11c29b91099224ef507509da3871ecae743c589d843acb6c385c5b3f97179c94d1095c898a40d85763d4ba80f939f29699a2663ceadb41a734eebd19c03d1e6d8e36a8a405652d159c4331c13e8080ba865703d141a1b652a8f0a1d630d90acedbb018e08a454983b7356c3444b98baf111d9220ad12241716a5b840e7407be39320f73526ab9b9810f702258bd6bb429cb889f619fcf53fcd4ab7ebd1cab0041f8b0c25d207fd65d0f83ff002d32cbe95dcc3d9441560082388fc5b7c0db261bd0012dee0d4ce935b29954a6f32b1181eb6655f42d28bb8f2d67cf41a3e01db9cecfb89a4cce333744ec4a9aec4312b0d476d7f5e31b3a8990886e01186918368180c95e95037c005d3022b908ba22ece8197553d01ad48b3ba39747236584ec32d2ca875010640d2b588a9e64b6f099c34a7e731181436e3f20b7b839ecefdc7bb86dbcb82e081d3931bc9f350015f222865dce00a076204c3fa78d264cc8243d04977938e8d43668f34cb18636b25ab606ada8e86bb8d73451e4d846bf05e26d8f36e53543b45b06b9f17298e6c4e7fad400f579b98693211521826871cecc8bd2b2cee2c9b9e06e350886f11b9c4895ba16731f2a27e30c837ad1482e659c01752a60433104ac7b3e63f0723156acef827e177c6a46ccd04ade50046454a65bdd628cb7174d5633e95d293fa8bc42529e7dacbd1914f7c6f834ff00d6b2202fff00a987a5049fae9a500b683fac853c209ba13c7faafad3edf8b4fcea3f0719c37b460d1ca211cd77a68f1fec498ffa5472f0fc137c5865ed1c3fea9d1bc1bbaa7d068e65b5cdb3feafe2b72296f6536d091fa7e8c966f7467db5c1def26ef1026d7be5928fc2a4515913fa49be1673f56a00e5d64bc1c1c20223b740c3500e335762788b35a949b4242f4e621f80ce46eab468a7706540fd1cbbe04415c6e555d6a5f1b890b8472fb12ec47d2760e3036725800d9a065998a928e812463b9729a0750bb27a34c338d55f7e38b3767a3d745cc0d1107cf1e6a7d1af915aea5b267d74ddc0d5cc84e00d22fe24d5fcaaf13ed2eda92a3d5a8a4360137dd5a2eda4bd9cf42746146da0466c4414992d2267ddde88e6925f1c4629121605ed5d8e1a0673a18589d18d08667836cdad894cc71157c4b6cca72db5c55cd1996cd9040884e659a0dacc61cf6a1181c69073488b3bac6301a3cec48c3bd69c0b8cf30651a013c5d3824fd64d2a232441bc6761068b14c36674277001b5a658a7d8683ce633dbf4e3c9dc0b2d66581e68db321cff0057bb5c7ba5afcba2182e3bde26313fb54a1a24b2426166ef8d8e0fd49585715597e2c3292a146f4118a18922731b7a41c78375cc6264fa6ba1fc51c7431eda6c2bb63eb1507dc1e8c4c264b4b6c36571cf4867719f40d6a06db9a2babc428c0e1a57114468ba4315c2478742331db45b58faf528795a18a166539f849dcb49ec51512cb1389aecc4c321c0f828854f242ccfcc3e5b2876503cac7bb3c0540b3738bce23a0243493689b4378c2824019a75ba850c8eaaed8711c5b887e00b138520d4a64e814c4f88e54e892cf9dcca011bb5c57c92d693cc39c93d7b856f6393e138353987e09c11102649d343cc8e1af0241c1a8078b3a6246e3340fb8c87e551bb35a66b8b909cf4b36f6708c159d3d5476e52d2400c1ae255c3c3203c030d29228202eb73e71114ff00072af66036b45ae2e922751b7afc2db1cafb5288103ce601d9ccddc7b4bec7aebac56b7edf4e27e626f75708af2c41ee8dc4d09a60c5e5f1a1f34c912edfed014486019bd6abb5efc356e9b6e22bf17d12ed049eb1a37837413066fa0746a3907f13c5d45700c47a95cff9856e8aea793ec6d022d717e4cb73e80a656adf35948dfad7375b3f70a8a33cd5c5ecc0f741108d7df534d1e1eced4e1f3ba3333efcd4f19796db6fa69c6e65c0d41ab656559679f313f08979a5df8d035412c5b2d05b336c118555324a4b0e24d4b05ca3c2d2b2b901b9c95b1c3790aa0d6b0c11072bc58f05a60833902b705037fe039474390454715bc5373d1a764728512600e19dd57092a34f14db0ce31b1709b2ea146ec3523bc90db07d23206ddacb827ea9a80e0bde5a0db70349104c95cd207b8b4bae2df9588c4fd9eba9c829691a68a3af04e42fba9e5650d72bab9d51d811fb551ae8c5f519d4274a868ec62c7d2859857094a7d6475fe22bcb99437ac21ff3fc5faf6f2fb9b43442a038da63819ecadc7a26a6413449cc49e95d2af6048935276b3ee157d1385de0f408f51a756f41fc2e3356a9839f46cad45d6370721fcf51509d27475e98f262651503909158aef5dcb2963504b97b3beecdef702a199717d74df56d001531c22f269c2ae7291825ff006aad897104b133bbf95ceed93574205370b2158005eb274a9259dd630801cb1c97cfb300575a3739038845231eb6cd4a429f2400056558ef5fbcfba914f7919ac23db80597cece3181e130071ca56ee865f30e44957106d9b108365c75d6eb693f669f2934b787d53003ef1446508958f7c6bcd9347a8c61faaa241f7d7e72587d92926bafe26d2fb2e766b84bca43d4b10af94b5cff00847af978ff007856f0f0fee47f177cc16b9caf0797ff00d4570ea8e02baa5c7b09a30466db2333dd98548dc066a08888a5e65e1494bfaf277e714b689ceae419ee842b81c35a36c4b4a854db5cf3aa431e247e1709d6bf38fb1ed0b473b4236fac367efa9d15f67505b5c86c631eba5926600e0f54745b4a58e241ce47da4ab74befa92698b3a48dded8c31a8f9b5d80b97d37366af41c962563d77efab50ede7487344463b134a39c2296078e724d48cb93a22aff001cd75446abeea119cf165cd3f4a4607efcf86d62997a8b96d43bb2a2695c82e6049a63844493a1126c70e01f526ad278d80b58e4f81753c5a6381db5752c3235b96c3310369e6c01d21b826b5cb10488b2ddb8db489b2a918553a6356e15fecc9c2dc5a45d38c8d5623270274e0d5c936d366ca0d526c1c4b3ed29d4758eeae429d36c5eb829b0e06d1080e87721d2acae6001ce125b474385b72b8fac69d57374bec5cb1adf14d6e3f6107c5bfde67d132321547589a46112a8f00dc694299a4019dd9b03277e94ce58388c04e9063b8119e35fec6e1a4db4f573646281b6c430236adf84e1de601d97cc21ab431bc520db1e585c1f78abd69205d95511a1452b92dbb7e326ada57246f3e9a9a28175ef3ad179dfd82a18a2ef035a8e6911576d9b0701738ce7b3240a748a50d2a7340977db8c64ae17dd53bb45f00cd2368a239b459303806d0eb506c5c9cc3ff2ee237c3c67e9274856e4d3d9e03805334ec7c232c4e00a30dc98596e254ed99b2b0440fb5ebe0b38b1323f50856dbb97daddbf4a883b3a3dd056d7e126222817ea8adb48526c65188f83b64cb37da5189a578618712c0ad89277db6d460e40ae4db27db17170a61e86173cda69d993903351df5b20b95466495f0a9145b4faab1d76ab95af04b2c76f194e7c1c19642ce304700335caf3ba08ae64e9a21da06410f0037814b0e0acd26254dbe1b3f7b8adc93bbfd5f8ab054452cc4f00283247c5572420eecef0ba16ab933c36cdacac8aaf2b0d32c5490d8e07c0ba7063a0a78d8443451c5cf547b6a0db681f9c7895b795d14fb68cb6d52a4b136e743907c37b043dccfafb2a29eedfea2d09ada06dc9069ed6df519841e25aaecbb0e02a34c8eecd2b36013b28380e38151ada46f288b9cb970815990bae788056a4b89d62d869c226caa29386cb6bb8e066a2cdd2b4f1a24986f878b0e13f5d29d9ec347ec02caec609007992d3c305fa15ec5c5edafdcb2c55761ecb5416d064bb5acf96688b7068df502a2748a0457ba774004cf1e562900e0c54f4ab8b60783ccfc0529042cbb6f8c98f27460a719a9042f1112310432c6ec342ddb211bb88a0d6ebcd0b6206bb10e72eaa78bc8d571e2d75b626648d728662d88a355f9abc6ad567b408f6e65b5cb168d650f211e9e269c1b8cc9384fd3c879a8507d04d68e6d61758f3db05a8da73e8692bf2ef0887d13dd3ed37b23a457854cf7a1586731c6bccc23d668947431da6031c1289b5269f4d856aefcdc6077ed738dfb8a2b75b41ef63f15981d9d645c809a6bd26e00542d6fca7037340aeefa60f03bc69bf6a8649dc28abb0dec7aab485be7be83d55dececa06c82468083c300fb68155380b91c00c0a4d0ebb4bad4f943d68cea8f56112b95d4caf5cacd12714834a7e79f8976cd41b6c18154095c897a81bf40507b4d5cdb7265aa0cbcd3ce30957eb791236167404093bc03451ed1e1788167d52523a0d8ae478218a1c5db33001151904528c714ceb5cb30cb731878a25797a3149100d169c51934ab2babab499dc88a28700453a7c2c5ea7008ae4b0b2816ec6698ea65874127712b85357290c5b32a048b08a1246da65d35d9cf0abb1348f8258966274ed34ecc5ba2005dfd94c59e67eb7681a7df5c07811de64603e0c076c6c927a19048ab499a2873b6dcc48318f4ad58cb1432e3124aa5175ddab6056394e50b954b7702152378798f447ab26a744584ecd9de44879980ef31409be666f3cd278a25afe563399072696d80653e7b370f36808615884c76f0fe2f09eab3f032bf05aca08864c4ed96836b70cf9e7b0d29190b14916e2a99cf37eb3bcd44a656db60f1f44973a0c770aba335bb8e6f99978c6086c03c0330a81e0b9264757dea6575c6d0ee55dd4e2580f3518d8f918b500fd37d69f6ce79c97bd98edb1f66cd37fbb07ce3401f001fda61ec35bef27fd84f8a3949e6e823e0e13b4fa854f0f8aa878ce7ad16cfb9f6b8aef228b9da3d0566da28bc173580e46656ecf9b4a4ae7a11ff134cb23f127aa00d4e071a3896e074764e8c1bf90a2e57b9b856f1c31823d558cf11c1a89575f6835cb6967c50cb925fb857289bd7ec9a708942ca0ff00910e4fb40a8279e5e008d85ae5054b607296b02911a54b2b772e82a2772083976a9731a6d6ca17c2a86396006e009a30a7a00a9338ec14ae6a1a3855dc283676c22b0e0e770cf6d42bb10064001c6a343b43b6b396f0450345181acf6124e809f9f1ea95358ea92e163e55b95f646c285b3dc08401f0135dc808ddf356b49747845f386c38e096d16ff5d78c8b99576783deb76aa20e8c0b9e34d6d04f63aa4fa3dbc1e76d1c133cc4e84544608e1612982e72c2ce420013c9a0073e40a7318456950cfbe14f2eea7f9edb91283da858f9d2cdd7b4b6f3dbf4b2f05a8480810ca89a98b23e0e0238b9de714caee5f994607a2f2e32e41f3506f3db4035bba193a43f3434daf4b1dd52bd94f856c267676ce0053e8539c5667166bb4df3df3bbd6c5568992e67710a91e5b64827d6c643eb5add6f1043de789f89b6cc51296634c44d36e8b3a449c1698b43248b232633d200807df480247d2c3713c3df4723aefdfd943334a0640dfaee5a5659ee3a2b9e0bc69b69509d904eecd320fa3ad5d9191900253bb7ba9533dac69d07a2893e815139a81456c2d5c62ae1cd61cac2f3105f52abbeaee054844533ba65c181f4e797b554efabe11bacad6d2363a114a758589e3148373525dcb317441013d24995b12c0e06a33bd5c540192562d0da17e8be188784bef5900c1150c12a2a322b3285173179afe64cbc186faebf34136dc0c4918c801c0c8328d30d51ed5cdc6343a95190765b1c4d79a3c134313ed2805afe4b56ddc08054d4f7255f9d5d3942071c7b466a744e803cdcdca2f10fb3419a495213890b5b422d1083e74b2f4f19ecad87b39cfc3730ed15b07ed92e1b59323b2a5116c1c5aceb06150f9b6d06f63f38d450db5dd99cb89b0e9013a97b9739e719b820a8ca1db5744bbdc5f40af7274f831e4565e72e675173a1964e37737646be40a90a68f2c134dbd14fe56f64ef3b9056dd9c460cbf6c16bf3c71966356e1255747921f219c002ded41e18d1985389e5818b3befe76e18e59bdbee4ad276c4f33763904a7d55da93ea527f50e49ea7d3dcbf13bc4127c926af566e2ca33b797deedc334aa58efc9cd48a3b850d158035c640bea14331ab166f4760ad8e68e3a09ba35e028e7a21a941f4d3051dc29dcd239a007a4d3014f9ed18a76a635a80738a3961442a4c43c4fe64a377a8e4a9ee6a78a59ed76e5b38f782a47c35a3ff0a569d0c4d0223ea5e03af30ff390f55abfadcce98da275963ee6de254ac4ad260cdc39fc6e7ee900f6fde1da18d4492be381d049c738ce6919d325e0895886ba90e9ce46d8d4861ba83ce995469a1c740ed75268ce0a7606af307825bb5cc832209e11c38a495697cc4cb2648b0b67f28d34f17c0e4949e281480e46aee09a36934a0ec6f9394a5d78eb8407345cdcf902e48b9b91de96f1f413d2684e2ffa93223892edfe93f5204af1502d0e8c3fdd623e68e334bdfdb4a52e705c09faec38b5d1dca9a752b2d3391ccbca759dbc95918fe638af06a413cb33f380368b7cebb9fba04e029d6795dccd1c92ee9e51d6b97ec8d3c915d35747164b2ead26d7e52e9fbd8e8b4865b0b16e8a7cbcc772d4cf25ecc77c7b9f68ea71f38eeec555a4885d33b3ca53e23308a21ed63d80539e4cb13f6ae2873d271763935c973cc9e7aa743eb1d2aeadac93bdcbb55e5dde9fb25ab28ad51d9c3ec5709335aa48bb2453b7379ce09fe1ba816191900e323b2adfc5d1502b0c92588dec7bcd0f07127f00057f71a0430de0f8776ff41ab6f844871989f60e436d06ef22b0cac01bc8f8abf0907603ee3ed0742d839d361fb1bb0f7e9eaf265585226d8b89b19299e071bd7bc50788c2a64984254c8838bc441e9a9de45789a413b6101cad9cbc18ef2609491a682b4b94540897bd0ba44c8d1645e85c475e68f04065413f1b0172bd51ebab5b3c9964eb7245c7073d8691c913dcc24ada73b923040e9684fbd6a6991186317b7e9027aa2875341a1b53d710a8e4fb6cf1da95b323faa921361a2c9d036d65dc7cf9c834f2876d2099e0f863dd6b6de47d36a44e6a23b7756cf2178a23f2b73279727e8c5665bb9936d1e5d1e75e2f2f08e0ec145e577202480e1ef71d4456f2231dbe50a712c0da34a9d117ecbba14f3635e3c0d3832cc7a6db92341f72815a4112613833ed0d5cf7bfb93bda8713e2aa78b79df113d15d028deedc14779a60d3fe6601aa403f9d2ec5b21c493be91a543fed1bbe32dcff0004a015468001803c23325a9138f40df5b9862bac355ad186ff0008cb1dc28e5cef3dfc6b701e1f388f074641b9a97c1db8c512aea74358db1f97b53d571c74fbc55abc100814cf24ada407cc6c75932346e1514d0bc4b968f60b4d643ca2c00226808e3490cb0063210b38e6ee5f8982523a2e410764d3cde35bae8a400cc83cdb9b43a48bf3d2b29665d31e28e2e2ccb67c9dae9c0ddd5e68f02c1a4fbe449c1ea8f2e3abab3d247dfca9729e51e18ae624d8e50254389a40549e017423d386356f7102f17b6b08ac93ed2525a8c534fa480c0adca538ed01db11a1accb7bb8ea2fef3ffc50d1679d3f2e209c348e9db3dd9d10702a952c0b044d8866109f1689bb2de2df3c9f3cd42c2094895ed66946d6783de483454e223a98abe0986ec8d87b823822ee4816b13cda408d1f1c53a4ad2eb2ca7513907df103f68d4654e4b81b333f16fe6c691638a350a88bb940f88b6608729689f7c9ebe14ee96109ccf37f916a0482de218444fc10083a10681f149b2f6efddd9e91470e371a1b0fe7703474f51fe54f8f42ff00ad2e5cef23527d747321f77e06d741769c2efcb7fa54722f71a71851bf7d0c40ca1932413d8738ef07c18d6a36799f408a3249a255c1c11baaf65b3913a12155dbda5f3766a03fed3ba3cec49068621bc35ac8a70c982731d4b0f898204f33a3b5adcbf0171175a07ed61485255ff764ba9f65c7fedaf468c3b11e8a34e85326ea1f17bbd5b8ecf42600579be0bb48099ffe24d6c7aa3860a9ae51deee7ff1b857ca3c0ad5d22896e39c03c759439c9f307c21efa8219df878bf26cd76df5a62169b010e027295ea8041ecb682b22cb80bac72759faa15f8496820813f246ee010418ec86d474a4edcb53dd78e4cbd07215efe54ec8d0742dd285b7311b6b688e5ede37ed9a4df3cbdc2a6778f8cafa1651bb6b80029c89d8070fb99bb091c13b0759fb85652ce3239f9ea2114110f593c49ed27e22fb325c9e6c1e2177b1f650cb3bac3120ed3a0a1a44bd37e2efc58fe1af7a38eb23768a4db809f82b94ea3ff0023583408fa27141cfa5a971e1049ac1907522fe26896676c926b711b2cbe70eca88a26f55f28d07db58d55cb281923b31c31e08da495f5d855c9229cdc72b4fd3899374381a7bcd2062992f3be12367e08b50359dfdb811b21520b9cf1fe75631cd138198671ae9d57471a83c4106aee59e755d5e3c25fc7da1d0f42e12821b6df3f8b426483feb5a374a33de95b62079a3665b79d66b604b6ec374e222bb3c1737680cfd48a6b70a741bd24d685e1d5b75ad9b713c49a9a7883e4b6ccd0424f737923d0b53c52e806c5cf294d3fff004e21504d042c305aded23b18f1d866972f5d3badd23d8426e67cf6b5ccbd14f4ad3e27fce8b07f19baff00a976fd08fd54a987df05a4a4f39dd24da3be3b060502fb03a1045854893f75169d279db50546507d007aff004dba3d81a8bda72564bfcf9bd19f7b9a8120b78861517e25ba0842fadb53ee0b4e812ce36972fc5ce82a68cfa187e2111d026024881d598e8a08ae5fe47b5321fc84e591928ab21242b29de071adbc35338f48a957d7480a1dcdb3a1f5d32a83e6f83b291f18d5b867c1c4546ce49c0c0c9a8a29795dd749c8ca4484ebbf76e3c28bc3c98ee5de5dcf7678ecf6254290c1128548d06028a88a4e9f92b98b4912acd795b923c8b94de9fc50d5d3bb8d56273b13a7a383fab5eea417bb040e71f297083b36c6b4ecf72644ff00798073df6a980c3e92d76782d5a70673bf92d6e46e1c720d726a1273d21c8aedef0d50ca1b058451f272170085dd139d2bfda2815ca92d790d98f702d53723c0ebb9df9cbe9bdae42d4573caa9c3c65b9a873c498d30b4e440bbad6d10246becd2ae03b718addff7a4d47b335625cb1c88614e8fa48e3f49c9a717b79bc41bd1280006800f89f19c8f6616b7b37dd44669cbf8b1508e7b0f0fc381e77e750b2a6a428a2b011bf6d5c35295806234ee15fd2e8bc6b990e6d1e06eb6354cf800adf6736da7d07a4c724debe53b217e29512491cc5473baedc5c095edd0fb40acf3319c02c7870f00d10658d3051b7824d317bb1d17971d13e819edc52110be1e2b2e2fdf2500aaa30001800784020e841a43c9b75e7c1d4f5a55b272cd9a6e78b2cea3f7e9268a512006390671ebd0fb4576783680dfd1ab9bcf53d0bc33bae14e40661e9ad8463c67bd5cfb01cd5f42bdbcc4258fd67c0f7d44d72fc1a772dfb2b81ef3567713c5e6429b310f6616af0429c608356f5bd59c76e9c4aef7ef2779f8a30f1b9f2b17776b506935d4d2e30c720d381ebd450ba33b74e6608357a177f50578dfd951bafb2a7b9fb2a967fb2a9e7fb1a9e6fb134cf2c4ea5195e03b8d4d7b73e6413a178d2ac2cbfc05386b1794bc1a6300ea571dc68d394b29d1a199aae44d6d28c3a3c0f5ca86f6c9dff232c6eb243eb230c2b89aecae2051ae584bfe53ef81f9b87d00ad729a7d47ae534fa8f5ca69f51eb9522f63572ac3efae5482b9560a7b49ae565db699074f4dcb5d9e052ca06b819a5c29d054513cd0aedb8770b8157f636de877ae5a77ee821ae4e1752f9f744bd4691a2e8150600f8ab848a252ccd4ddc89e62f014cb1260712493eca991cf1c1a40d86a87dc2a2fd91518faa2a31f54547fb02a31f50547fb34a6b6e8c94f254d28ab99aa794d4d2548c5f0700fa2bb6bb2bba8670a6a144eca03df5f79a6fda6a76fae6a671fae6aea4fae6aee5fae6aea46e6c8c2ed6726a59801a64c7533960c30363871359e666608e1a897921728898cea0e01a88c33df60245c513e32ff000509ccfdefd94285741d480e6ac20b9bcbbe9fc3a07d84e02b90f93bfc3257227277f864ae43e4eff0eb5c8761f60b5c8761f60b5c8761f60b5c8761f622b90ec3ec45721d8fd95721d8fd95721d97d4ae43b3ae43b3ae43b4ae44b5ab0b5b3bfd0c5365a9eca7ee59aa7b0fb56a3653f724d46cd216204804fa85ae49f6ccf5c93ec9e4ae4b3f6f257273fdbbd584bf6ef5653fdbbd5a4ffe25ea0bafb76ae7d1e071b68ee5c3834c5ddc6493e01d539a4e4eb17418e7a1b54799cf697615770ddda3baa3b4ea119013bf23e3042ca7088e7721638cd4ed2927562fab1a0e40fd25298cc632433676e83906612c50f0751e77c798aa4e9b3b437a9e06b012091a22dc490715738f4ad5ced3772d79d918efa40ea8369d4ee2bc7dd44b140d1066de555881f17c88e65c12378ec229d27b38ff003a8fafd5a931dc4ebeca9d12dad8ab4fe7b29e0b4a123450aaa3700370f8fc2f37274ee66db4d79a27786a4771c4aa9351bbb2ea422924548095e348f732cc40660b8541da4d1cadbc610b769e27e313247b12890871a3628d96ad9c994d5f424bc46230c3fd8081e69b08416c7433d2ae4cbc85cbef8636fe15c9d3436cc8e972f2f4320d726593c609211a04201356b05b21deb0c6107bbff90fffc4003011000103010409020603000000000000000100021150102131410312133240516061702030233342527180228191ffda0008010201013f00f0212062b6ad5b4e40ad73f6ada73050d2b5020e15773c0bb352e38984d632c916c23a26950f6e17a6bc1baa85c5c755a9ac0dc14c354dd29c724192103aa8e2561885106f5326fc916022f41c5a755d52d2388103129ad0d11664b113c91be7b9b0ef26e07f09c41b8237ca17c58f6eb085a3748835176f8b60e0b54e6b97e6c3bc136ebe541cca910840ced66f9a8e9060ee4819b03e5d8dd61188fed0322538df3c90fe33d822bea5279a089812b443171cf8f8e0fe59ec889bc2d9c141112a1c135918acca8fa7fc47797e4a9112be61ed54d42ddc434a3075de92d444a2066517fdb7a1a3277bdf850a14510895b26e572d578c0af89d94e9392f89d96abce256c9b9de808e0e7c027c862b211af0f050a0c28b2147be28e3d71d012a6b53c28af8e84346952a54feee9af0e2078f87113ef8af8ebe1d570a3d07df342851645387428a21e1c57c560749c5287118d1c5a78334d8f074d30fed87ffc4003a110002010203020a08040700000000000001020300110421311241101322325051617181c11433425291a1b1f0052472d120235370a0b0e1ffda0008010301013f00fec2244f2730134bf874e7516ef35e836e748a3c6bd0e3feaad7a093cd914f8d37e1d881a0bf71a78dd39e08e978706f20db3c95eb341618bd5a173d674a9b1989d0f247c28b16d4d2c6cd981c2accba1a4c7ceb91371db9d6de166e7aec1eb1a54d847886d0cd7ac74a451240826985c9d054f88927377345034ad717c865e02b64062834b5c8d6d5878c11b6c2f9d80eb352e282b6ceb6df723e00682a451381befa1df71aa9f2348488d0036b93e5418383b0c491b8efa0e5a2ba1b5b3f0dff000fa1a0bb0b74d5b4ec14b8c78deea72eddf52c093219a0f11d5d2582856472cfcd5ccd4f334ce5db80aa9918b0bd80f2a1c960805836a290ec95b7b2a4f89fb1c1131e24dbd920d4a396b6f78fcec6a0468cf18c2c0546c6329f791ca9f905c0ebb7867c1869cc1207158e8446fb49a3663a470f9612523b3878d8c9dacc1eca3328bec0ccef3ad6f6fd03e83822f532787d6a5e51d9284db78ee1d941d49e4a127b73f956cca5ee41275a9559ef6422e6ff007970e273c2464f48e01831685bda1f3a652a4a9d47049832b87bec72bcb822604239d39a7c74a7428c55b5150c578c29f68dfc06fa93f9e16ded31f2a8f9c49d6c41efb1a5f50ddc3ea6b8b4cacb7d3da14e6ec49a442ec1575358f700ac2ba28e91048371440c6aed2fac1f3a8e431f21c65d5471db4a035ee0dee2980624d452f164dc5c1d4519617b1241b75837f96b53e24302a9bf53e406e14beae3fd47ca8c9971c37e4dfbf8d2fa86ee1f535a58aaaeedff00f68a397d9b6742d815cf390fca8924dcf490254dc50c4c538b62067ef0f3a7c03db6a23b43b28a953623f81272aa16c0daa394a5f783492b364aa0f6674b86206d4a15476dff007a7c62477187199de7ca8924dcf4aab321ba9b1a18f974701bbc571f857e7c56ee35f923ef0ad8c17be7e15f921ef1af48c327322bf79a38f9ad64b2f70a666637637ff47a93fe013fffd9, 'ExerciseBikes', 4);

-- --------------------------------------------------------

--
-- Table structure for table `session`
--

CREATE TABLE `session` (
  `id` int(5) NOT NULL,
  `type` varchar(20) NOT NULL,
  `trainer` varchar(30) NOT NULL,
  `date` varchar(10) NOT NULL,
  `time` varchar(10) NOT NULL,
  `userID` int(10) NOT NULL
) ENGINE=InnoDB DEFAULT CHARSET=utf8mb4 COLLATE=utf8mb4_general_ci;

--
-- Dumping data for table `session`
--

INSERT INTO `session` (`id`, `type`, `trainer`, `date`, `time`, `userID`) VALUES
(1, 'HIIT', 'trainer1', '2025-01-30', '13:00', 15),
(3, 'Strength Training', 'trainer2', '2025-01-26', '10:50', 15),
(4, 'Pilates', 'trainer3', '2025-01-28', '15:41', 15),
(5, 'Yoga', 'trainer4', '2025-01-28', '16:11', 15),
(7, 'Strength Training', 'Trainer2', '2025-03-21', '21:00', 16),
(8, 'Pilates', 'Trainer 3', '2025-03-23', '10:00', 16);

-- --------------------------------------------------------

--
-- Table structure for table `users`
--

CREATE TABLE `users` (
  `id` int(11) NOT NULL,
  `first_name` varchar(100) NOT NULL,
  `last_name` varchar(100) NOT NULL,
  `email` varchar(100) NOT NULL,
  `username` varchar(50) NOT NULL,
  `password` varchar(255) NOT NULL
) ENGINE=InnoDB DEFAULT CHARSET=utf8mb4 COLLATE=utf8mb4_general_ci;

--
-- Dumping data for table `users`
--

INSERT INTO `users` (`id`, `first_name`, `last_name`, `email`, `username`, `password`) VALUES
(15, 'Sarath', 'Kumara', 'sarath789@gmail.com', 'user', '$2y$10$3dVkEk8BitAJREkff2lAHuAOV6m9TsArb8kO1Ep1yrBttg6V.U1Du'),
(16, 'Akalanka', 'Perera', 'akalanka@gmail.com', 'user1', '$2y$10$az9IpXKSM0lySMA/JxTPBu8fvZVVP7zVMOx.t2yT5TP726a4MmvQK'),
(17, 'Mahesh', 'Kumar', 'kumar@gmail.com', 'user2', '$2y$10$4eTEXSv5.3lWkXIKxdQoauVXZtultW6nG554H4sX8OwSEGZ/Zz3Du');

-- --------------------------------------------------------

--
-- Table structure for table `user_messages`
--

CREATE TABLE `user_messages` (
  `id` int(11) NOT NULL,
  `user_id` int(11) NOT NULL,
  `message` text NOT NULL,
  `description` varchar(255) NOT NULL,
  `submitted_at` timestamp NOT NULL DEFAULT current_timestamp(),
  `admin_reply` varchar(250) NOT NULL
) ENGINE=InnoDB DEFAULT CHARSET=utf8mb4 COLLATE=utf8mb4_general_ci;

--
-- Dumping data for table `user_messages`
--

INSERT INTO `user_messages` (`id`, `user_id`, `message`, `description`, `submitted_at`, `admin_reply`) VALUES
(1, 15, 'message 1', 'support description 1', '2025-01-26 18:30:00', 'admin reply 1'),
(2, 15, 'message 2', 'message description 2', '2025-01-26 18:30:00', 'admin reply 2'),
(3, 15, 'message 3', 'message descripton 3', '2025-01-26 18:30:00', 'admin reply3'),
(4, 15, 'message 4', 'message description 4', '2025-01-27 18:30:00', ''),
(5, 15, 'First support', 'This testing support check', '2025-03-09 18:30:00', 'Support check ok'),
(6, 16, 'user 1 support', 'This is my first message', '2025-03-19 18:30:00', 'ok user 1'),
(7, 16, 'user1 message 2', 'This is my second message ', '2025-03-19 18:30:00', '');

-- --------------------------------------------------------

--
-- Table structure for table `workout`
--

CREATE TABLE `workout` (
  `id` int(5) NOT NULL,
  `type` varchar(20) NOT NULL,
  `name` varchar(30) NOT NULL,
  `date` varchar(10) NOT NULL,
  `level` varchar(10) NOT NULL,
  `duration` int(10) NOT NULL,
  `weight` int(10) DEFAULT NULL,
  `height` int(10) DEFAULT NULL,
  `burnCalory` int(10) NOT NULL,
  `userID` int(10) NOT NULL
) ENGINE=InnoDB DEFAULT CHARSET=utf8mb4 COLLATE=utf8mb4_general_ci;

--
-- Dumping data for table `workout`
--

INSERT INTO `workout` (`id`, `type`, `name`, `date`, `level`, `duration`, `weight`, `height`, `burnCalory`, `userID`) VALUES
(1, 'Yoga', 'workout1', '2025-01-26', 'Medium', 10, 45, 160, 300, 15),
(2, 'Pilates', 'workout2', '2025-01-26', 'High', 30, 60, 165, 400, 15),
(3, 'Pilates', 'workout3', '2025-01-26', 'Low', 25, 70, 123, 250, 15),
(4, 'HIIT', 'workout4', '2025-01-27', 'Medium', 23, 45, 153, 600, 15),
(5, 'Strength Training', 'workout5', '2025-01-27', 'Low', 40, 50, 120, 350, 15),
(6, 'Strength Training', 'workout5', '2025-01-28', 'High', 60, 187, 180, 750, 15),
(7, 'Strength Training', 'user1 workout1', '2025-03-20', 'Low', 15, 56, 170, 300, 16),
(8, 'Yoga', 'Workout2', '2025-03-20', 'Medium', 30, 56, 189, 350, 16),
(9, 'HIIT', 'Workout3', '2025-03-22', 'High', 45, 72, 172, 450, 16),
(10, 'Strength Training', 'Workout4', '2025-03-24', 'Low', 10, 65, 156, 100, 16);

--
-- Indexes for dumped tables
--

--
-- Indexes for table `admin`
--
ALTER TABLE `admin`
  ADD PRIMARY KEY (`id`),
  ADD UNIQUE KEY `username` (`username`),
  ADD UNIQUE KEY `email` (`email`);

--
-- Indexes for table `admin_messages`
--
ALTER TABLE `admin_messages`
  ADD PRIMARY KEY (`id`),
  ADD KEY `admin_id` (`admin_id`);

--
-- Indexes for table `blog`
--
ALTER TABLE `blog`
  ADD PRIMARY KEY (`id`);

--
-- Indexes for table `calorie_log`
--
ALTER TABLE `calorie_log`
  ADD PRIMARY KEY (`id`),
  ADD KEY `user_id` (`user_id`);

--
-- Indexes for table `cart`
--
ALTER TABLE `cart`
  ADD PRIMARY KEY (`id`),
  ADD KEY `product_id` (`product_id`);

--
-- Indexes for table `fitness_stats`
--
ALTER TABLE `fitness_stats`
  ADD PRIMARY KEY (`id`),
  ADD KEY `user_id` (`user_id`);

--
-- Indexes for table `foods`
--
ALTER TABLE `foods`
  ADD PRIMARY KEY (`id`),
  ADD KEY `admin_id` (`admin_id`);

--
-- Indexes for table `forum`
--
ALTER TABLE `forum`
  ADD PRIMARY KEY (`id`),
  ADD KEY `userID` (`userID`);

--
-- Indexes for table `forum_reply`
--
ALTER TABLE `forum_reply`
  ADD PRIMARY KEY (`id`),
  ADD KEY `forumID` (`forumID`),
  ADD KEY `userID` (`userID`);

--
-- Indexes for table `leaderboard`
--
ALTER TABLE `leaderboard`
  ADD PRIMARY KEY (`id`),
  ADD KEY `user_id` (`user_id`);

--
-- Indexes for table `orders`
--
ALTER TABLE `orders`
  ADD PRIMARY KEY (`id`),
  ADD KEY `user_id` (`user_id`);

--
-- Indexes for table `order_items`
--
ALTER TABLE `order_items`
  ADD PRIMARY KEY (`id`),
  ADD KEY `order_id` (`order_id`);

--
-- Indexes for table `products`
--
ALTER TABLE `products`
  ADD PRIMARY KEY (`id`),
  ADD KEY `admin_id` (`admin_id`);

--
-- Indexes for table `session`
--
ALTER TABLE `session`
  ADD PRIMARY KEY (`id`),
  ADD KEY `userID` (`userID`);

--
-- Indexes for table `users`
--
ALTER TABLE `users`
  ADD PRIMARY KEY (`id`),
  ADD UNIQUE KEY `username` (`username`);

--
-- Indexes for table `user_messages`
--
ALTER TABLE `user_messages`
  ADD PRIMARY KEY (`id`),
  ADD KEY `user_id` (`user_id`);

--
-- Indexes for table `workout`
--
ALTER TABLE `workout`
  ADD PRIMARY KEY (`id`),
  ADD KEY `userID` (`userID`);

--
-- AUTO_INCREMENT for dumped tables
--

--
-- AUTO_INCREMENT for table `admin`
--
ALTER TABLE `admin`
  MODIFY `id` int(11) NOT NULL AUTO_INCREMENT, AUTO_INCREMENT=5;

--
-- AUTO_INCREMENT for table `admin_messages`
--
ALTER TABLE `admin_messages`
  MODIFY `id` int(11) NOT NULL AUTO_INCREMENT, AUTO_INCREMENT=11;

--
-- AUTO_INCREMENT for table `blog`
--
ALTER TABLE `blog`
  MODIFY `id` int(11) NOT NULL AUTO_INCREMENT, AUTO_INCREMENT=20;

--
-- AUTO_INCREMENT for table `calorie_log`
--
ALTER TABLE `calorie_log`
  MODIFY `id` int(11) NOT NULL AUTO_INCREMENT, AUTO_INCREMENT=12;

--
-- AUTO_INCREMENT for table `cart`
--
ALTER TABLE `cart`
  MODIFY `id` int(11) NOT NULL AUTO_INCREMENT, AUTO_INCREMENT=26;

--
-- AUTO_INCREMENT for table `fitness_stats`
--
ALTER TABLE `fitness_stats`
  MODIFY `id` int(11) NOT NULL AUTO_INCREMENT, AUTO_INCREMENT=17;

--
-- AUTO_INCREMENT for table `foods`
--
ALTER TABLE `foods`
  MODIFY `id` int(11) NOT NULL AUTO_INCREMENT, AUTO_INCREMENT=9;

--
-- AUTO_INCREMENT for table `forum`
--
ALTER TABLE `forum`
  MODIFY `id` int(11) NOT NULL AUTO_INCREMENT, AUTO_INCREMENT=8;

--
-- AUTO_INCREMENT for table `forum_reply`
--
ALTER TABLE `forum_reply`
  MODIFY `id` int(11) NOT NULL AUTO_INCREMENT, AUTO_INCREMENT=6;

--
-- AUTO_INCREMENT for table `leaderboard`
--
ALTER TABLE `leaderboard`
  MODIFY `id` int(11) NOT NULL AUTO_INCREMENT, AUTO_INCREMENT=226;

--
-- AUTO_INCREMENT for table `orders`
--
ALTER TABLE `orders`
  MODIFY `id` int(11) NOT NULL AUTO_INCREMENT, AUTO_INCREMENT=7;

--
-- AUTO_INCREMENT for table `order_items`
--
ALTER TABLE `order_items`
  MODIFY `id` int(11) NOT NULL AUTO_INCREMENT, AUTO_INCREMENT=7;

--
-- AUTO_INCREMENT for table `products`
--
ALTER TABLE `products`
  MODIFY `id` int(11) NOT NULL AUTO_INCREMENT, AUTO_INCREMENT=17;

--
-- AUTO_INCREMENT for table `session`
--
ALTER TABLE `session`
  MODIFY `id` int(5) NOT NULL AUTO_INCREMENT, AUTO_INCREMENT=9;

--
-- AUTO_INCREMENT for table `users`
--
ALTER TABLE `users`
  MODIFY `id` int(11) NOT NULL AUTO_INCREMENT, AUTO_INCREMENT=18;

--
-- AUTO_INCREMENT for table `user_messages`
--
ALTER TABLE `user_messages`
  MODIFY `id` int(11) NOT NULL AUTO_INCREMENT, AUTO_INCREMENT=8;

--
-- AUTO_INCREMENT for table `workout`
--
ALTER TABLE `workout`
  MODIFY `id` int(5) NOT NULL AUTO_INCREMENT, AUTO_INCREMENT=11;

--
-- Constraints for dumped tables
--

--
-- Constraints for table `admin_messages`
--
ALTER TABLE `admin_messages`
  ADD CONSTRAINT `admin_messages_ibfk_2` FOREIGN KEY (`admin_id`) REFERENCES `admin` (`id`) ON DELETE CASCADE;

--
-- Constraints for table `calorie_log`
--
ALTER TABLE `calorie_log`
  ADD CONSTRAINT `calorie_log_ibfk_1` FOREIGN KEY (`user_id`) REFERENCES `users` (`id`) ON DELETE CASCADE;

--
-- Constraints for table `cart`
--
ALTER TABLE `cart`
  ADD CONSTRAINT `cart_ibfk_1` FOREIGN KEY (`product_id`) REFERENCES `products` (`id`);

--
-- Constraints for table `fitness_stats`
--
ALTER TABLE `fitness_stats`
  ADD CONSTRAINT `fitness_stats_ibfk_1` FOREIGN KEY (`user_id`) REFERENCES `users` (`id`);

--
-- Constraints for table `foods`
--
ALTER TABLE `foods`
  ADD CONSTRAINT `foods_ibfk_1` FOREIGN KEY (`admin_id`) REFERENCES `admin` (`id`) ON DELETE CASCADE;

--
-- Constraints for table `forum`
--
ALTER TABLE `forum`
  ADD CONSTRAINT `forum_ibfk_1` FOREIGN KEY (`userID`) REFERENCES `users` (`id`);

--
-- Constraints for table `forum_reply`
--
ALTER TABLE `forum_reply`
  ADD CONSTRAINT `forum_reply_ibfk_1` FOREIGN KEY (`forumID`) REFERENCES `forum` (`id`),
  ADD CONSTRAINT `forum_reply_ibfk_2` FOREIGN KEY (`userID`) REFERENCES `users` (`id`);

--
-- Constraints for table `leaderboard`
--
ALTER TABLE `leaderboard`
  ADD CONSTRAINT `leaderboard_ibfk_1` FOREIGN KEY (`user_id`) REFERENCES `users` (`id`);

--
-- Constraints for table `orders`
--
ALTER TABLE `orders`
  ADD CONSTRAINT `orders_ibfk_1` FOREIGN KEY (`user_id`) REFERENCES `users` (`id`);

--
-- Constraints for table `order_items`
--
ALTER TABLE `order_items`
  ADD CONSTRAINT `order_items_ibfk_1` FOREIGN KEY (`order_id`) REFERENCES `orders` (`id`);

--
-- Constraints for table `products`
--
ALTER TABLE `products`
  ADD CONSTRAINT `products_ibfk_1` FOREIGN KEY (`admin_id`) REFERENCES `admin` (`id`) ON DELETE CASCADE;

--
-- Constraints for table `session`
--
ALTER TABLE `session`
  ADD CONSTRAINT `session_ibfk_1` FOREIGN KEY (`userID`) REFERENCES `users` (`id`);

--
-- Constraints for table `user_messages`
--
ALTER TABLE `user_messages`
  ADD CONSTRAINT `user_messages_ibfk_1` FOREIGN KEY (`user_id`) REFERENCES `users` (`id`) ON DELETE CASCADE;

--
-- Constraints for table `workout`
--
ALTER TABLE `workout`
  ADD CONSTRAINT `workout_ibfk_1` FOREIGN KEY (`userID`) REFERENCES `users` (`id`);
COMMIT;

/*!40101 SET CHARACTER_SET_CLIENT=@OLD_CHARACTER_SET_CLIENT */;
/*!40101 SET CHARACTER_SET_RESULTS=@OLD_CHARACTER_SET_RESULTS */;
/*!40101 SET COLLATION_CONNECTION=@OLD_COLLATION_CONNECTION */;
